transaction_id,user_id,event_time,country,device,amount,is_purchase
1,179,2025-11-21 03:05:45,US,mobile,4.0,0
2,1548,2025-11-17 12:18:00,DE,mobile,5.14,0
3,1309,2025-11-26 13:52:35,GB,mobile,10.18,0
4,878,2025-11-30 20:32:26,DE,desktop,7.28,0
5,866,2025-11-18 19:27:26,IN,mobile,5.55,0
6,1717,2025-12-03 23:22:23,GB,mobile,4.3,0
7,172,2025-11-30 03:13:25,IN,mobile,4.02,0
8,1395,2025-11-15 23:12:38,US,tablet,6.83,1
9,403,2025-12-09 03:03:34,DE,mobile,24.92,0
10,189,2025-11-12 06:48:38,GB,mobile,10.38,0
11,1053,2025-11-30 13:55:01,GB,mobile,3.32,1
12,1951,2025-11-24 03:44:08,US,mobile,11.29,0
13,1471,2025-11-30 13:58:31,GB,desktop,4.69,0
14,1522,2025-12-04 04:31:48,GB,desktop,7.37,0
15,1435,2025-12-01 14:01:01,GB,mobile,5.19,0
16,1572,2025-11-30 11:47:39,CA,desktop,24.87,0
17,1026,2025-12-06 04:40:13,GB,mobile,3.74,1
18,257,2025-12-02 00:35:15,US,desktop,8.92,0
19,1679,2025-12-05 09:07:38,IN,mobile,4.9,1
20,901,2025-11-23 01:16:37,GB,mobile,11.51,0
21,1001,2025-11-17 01:15:55,IN,desktop,8.81,0
22,742,2025-11-18 00:23:36,DE,tablet,15.69,1
23,365,2025-11-29 07:56:59,US,desktop,11.37,1
24,1853,2025-11-26 22:06:48,IN,desktop,4.87,0
25,1563,2025-11-13 06:46:56,US,desktop,42.51,0
26,1288,2025-11-17 02:22:33,US,desktop,10.31,0
27,805,2025-12-09 23:52:11,US,mobile,5.31,0
28,1645,2025-12-02 18:07:02,US,mobile,8.36,1
29,1091,2025-12-03 14:49:01,GB,desktop,10.79,0
30,887,2025-11-16 21:02:55,CA,mobile,10.55,0
31,901,2025-11-12 21:28:21,CA,desktop,9.95,0
32,455,2025-11-19 16:56:32,US,mobile,13.2,0
33,185,2025-12-06 16:11:06,CA,mobile,12.44,0
34,1109,2025-11-26 03:56:42,DE,mobile,4.44,0
35,1775,2025-12-04 12:09:45,IN,desktop,26.18,0
36,128,2025-11-25 13:39:50,DE,mobile,24.08,0
37,1716,2025-11-25 16:09:59,IN,desktop,11.95,1
38,1655,2025-11-28 23:50:39,GB,mobile,7.56,0
39,554,2025-12-09 17:39:41,IN,mobile,7.64,1
40,1263,2025-11-24 02:11:34,DE,desktop,6.08,0
41,331,2025-11-28 20:10:50,DE,mobile,6.58,0
42,1516,2025-12-08 13:15:12,US,desktop,1.99,0
43,1401,2025-11-22 03:17:37,CA,mobile,18.51,0
44,709,2025-12-06 03:59:07,GB,mobile,14.98,0
45,136,2025-11-27 00:28:15,CA,mobile,2.7,0
46,1941,2025-12-07 08:11:40,GB,desktop,12.6,0
47,891,2025-11-25 00:03:29,US,mobile,7.35,0
48,1786,2025-11-29 20:29:04,CA,mobile,6.56,0
49,1356,2025-11-20 15:59:48,IN,desktop,9.93,0
50,1556,2025-11-30 00:26:18,GB,tablet,2.6,0
51,1520,2025-11-20 18:07:51,US,desktop,7.34,0
52,390,2025-11-29 05:51:20,US,desktop,7.75,0
53,728,2025-12-04 15:08:46,US,mobile,7.75,0
54,933,2025-11-24 00:20:57,CA,mobile,3.25,1
55,996,2025-11-23 20:16:52,US,desktop,9.66,0
56,88,2025-11-20 15:08:56,US,desktop,13.96,0
57,1093,2025-12-02 21:10:08,CA,desktop,9.43,0
58,309,2025-11-28 17:28:29,CA,desktop,6.44,1
59,1487,2025-11-26 11:04:17,GB,desktop,37.09,0
60,1366,2025-11-11 17:36:56,DE,mobile,4.24,0
61,1845,2025-11-14 06:30:20,IN,mobile,11.75,0
62,1489,2025-11-11 04:36:05,IN,tablet,8.55,0
63,733,2025-12-06 11:24:41,GB,mobile,24.71,1
64,1935,2025-12-06 12:24:53,DE,mobile,9.32,0
65,822,2025-11-13 00:08:25,CA,mobile,10.6,0
66,652,2025-11-12 08:39:29,DE,desktop,10.01,0
67,1811,2025-12-04 09:51:55,CA,desktop,3.92,0
68,741,2025-11-26 17:05:07,US,desktop,4.39,0
69,153,2025-11-20 05:39:34,DE,mobile,6.26,0
70,939,2025-11-29 10:01:26,CA,mobile,13.12,1
71,1591,2025-11-18 01:29:21,IN,mobile,8.5,0
72,379,2025-11-16 21:54:57,CA,desktop,6.53,0
73,926,2025-11-21 23:49:00,GB,mobile,16.83,0
74,260,2025-12-07 20:09:32,CA,desktop,2.25,1
75,1373,2025-12-03 23:34:54,CA,mobile,3.4,0
76,951,2025-11-16 16:06:06,DE,desktop,1.65,0
77,661,2025-11-27 19:40:19,DE,mobile,15.26,1
78,454,2025-12-07 12:05:00,IN,desktop,6.97,0
79,1129,2025-12-09 12:23:51,GB,desktop,13.19,0
80,1339,2025-12-03 20:35:08,IN,mobile,6.92,1
81,1880,2025-11-14 20:00:45,CA,mobile,13.65,0
82,874,2025-11-18 04:34:03,US,mobile,6.85,0
83,322,2025-11-17 12:37:50,GB,mobile,9.45,0
84,1665,2025-11-15 11:46:06,IN,desktop,8.65,0
85,1259,2025-11-16 05:28:03,GB,mobile,9.05,0
86,1400,2025-11-20 10:55:13,DE,desktop,20.3,0
87,195,2025-11-27 15:12:01,GB,mobile,2.79,0
88,625,2025-11-22 21:45:25,DE,desktop,7.09,0
89,1535,2025-11-23 14:13:13,US,mobile,8.32,1
90,1664,2025-11-18 08:11:51,GB,mobile,7.61,0
91,870,2025-11-15 11:58:47,DE,mobile,5.82,0
92,1609,2025-12-10 22:26:04,IN,desktop,5.36,0
93,1683,2025-11-28 22:30:36,DE,mobile,18.5,0
94,775,2025-11-17 20:34:56,DE,desktop,7.08,0
95,1796,2025-12-05 06:25:29,GB,mobile,31.91,0
96,577,2025-12-05 21:17:23,IN,tablet,10.14,0
97,479,2025-12-09 23:18:51,CA,desktop,6.21,0
98,1365,2025-11-15 17:47:51,CA,desktop,10.29,0
99,1273,2025-11-30 04:00:39,US,desktop,7.89,0
100,280,2025-12-10 09:00:32,DE,mobile,16.53,0
101,1665,2025-12-05 04:02:06,IN,desktop,3.67,0
102,400,2025-11-17 17:36:34,US,mobile,2.51,0
103,1609,2025-12-07 18:13:00,DE,desktop,9.18,0
104,15,2025-11-23 14:50:54,US,mobile,12.2,0
105,1593,2025-11-25 15:15:16,GB,mobile,8.77,0
106,1574,2025-11-27 17:23:56,DE,desktop,11.06,0
107,1560,2025-12-04 02:38:07,CA,mobile,10.13,0
108,1330,2025-11-14 13:50:18,IN,mobile,3.04,1
109,943,2025-11-27 03:29:42,CA,mobile,8.75,0
110,1410,2025-12-05 11:20:35,CA,desktop,16.28,0
111,554,2025-11-27 10:09:19,IN,mobile,8.19,0
112,1561,2025-11-19 05:00:22,US,mobile,3.37,0
113,1111,2025-11-12 15:45:27,DE,tablet,6.05,0
114,918,2025-11-27 10:42:25,US,tablet,10.32,0
115,1011,2025-12-02 01:38:43,CA,mobile,21.7,0
116,1137,2025-11-27 10:58:08,GB,mobile,2.28,0
117,75,2025-12-10 08:22:02,DE,mobile,9.18,0
118,280,2025-11-29 01:08:02,DE,tablet,4.22,0
119,491,2025-11-26 05:09:26,IN,mobile,10.02,0
120,229,2025-11-12 15:10:57,CA,mobile,10.51,0
121,879,2025-11-27 17:25:22,DE,mobile,6.42,0
122,1337,2025-11-16 00:38:17,CA,mobile,10.79,0
123,1309,2025-12-02 17:02:35,US,mobile,14.64,0
124,942,2025-11-15 19:17:28,IN,desktop,6.69,0
125,1710,2025-12-08 04:03:14,CA,mobile,3.31,0
126,1130,2025-11-20 00:42:34,CA,mobile,17.38,0
127,159,2025-11-23 23:42:04,IN,desktop,12.15,0
128,1530,2025-11-15 07:34:15,US,mobile,10.36,0
129,1149,2025-11-17 06:56:12,GB,mobile,4.88,0
130,1269,2025-12-08 15:00:58,IN,mobile,13.35,0
131,1131,2025-11-19 11:29:15,DE,desktop,25.17,0
132,1107,2025-11-26 08:33:35,CA,mobile,6.87,0
133,182,2025-12-10 09:50:25,US,desktop,7.82,0
134,1118,2025-11-29 16:12:24,GB,mobile,3.9,0
135,1590,2025-11-12 05:12:51,GB,mobile,4.8,0
136,608,2025-11-21 16:37:27,CA,mobile,3.88,1
137,1206,2025-11-22 13:46:02,US,mobile,7.99,0
138,62,2025-11-19 06:07:47,GB,mobile,6.02,0
139,695,2025-11-18 04:52:55,GB,desktop,9.24,0
140,873,2025-11-26 01:31:13,US,mobile,4.33,0
141,1965,2025-11-22 06:42:09,DE,mobile,6.68,0
142,429,2025-11-19 19:08:43,IN,tablet,4.17,0
143,553,2025-11-23 08:34:48,IN,mobile,8.27,0
144,817,2025-11-21 06:39:28,CA,mobile,2.77,0
145,1985,2025-11-17 19:55:30,IN,mobile,8.09,0
146,1706,2025-11-24 13:12:48,GB,mobile,6.25,0
147,70,2025-12-09 05:41:23,GB,tablet,8.24,0
148,468,2025-11-26 03:21:39,CA,tablet,2.74,0
149,1643,2025-11-28 21:28:24,IN,mobile,10.94,0
150,117,2025-12-10 11:56:19,US,tablet,6.18,0
151,1711,2025-11-29 09:01:58,DE,mobile,8.42,0
152,563,2025-11-17 16:01:30,DE,tablet,2.41,0
153,1835,2025-11-22 22:08:01,GB,desktop,3.51,0
154,587,2025-11-25 14:34:32,IN,mobile,5.85,0
155,869,2025-11-25 05:04:34,IN,mobile,16.87,0
156,1324,2025-11-15 10:52:52,US,desktop,10.14,0
157,253,2025-11-14 03:26:04,US,mobile,7.99,0
158,1114,2025-11-21 11:13:56,DE,mobile,4.24,0
159,1010,2025-12-08 09:30:04,DE,desktop,3.8,0
160,1568,2025-12-02 11:41:47,DE,mobile,8.72,0
161,1992,2025-12-06 05:16:12,GB,mobile,11.25,0
162,1328,2025-11-16 04:50:43,IN,mobile,8.38,0
163,818,2025-11-23 09:30:34,CA,desktop,20.61,0
164,813,2025-11-28 09:48:20,GB,mobile,4.91,0
165,836,2025-11-23 23:56:25,DE,mobile,8.23,0
166,1628,2025-11-23 11:15:27,US,mobile,2.68,0
167,643,2025-11-21 18:16:57,US,mobile,8.39,0
168,334,2025-11-12 12:22:12,CA,desktop,17.84,0
169,669,2025-12-06 16:25:58,US,mobile,3.96,1
170,46,2025-12-08 23:02:49,DE,desktop,12.25,0
171,213,2025-11-13 09:26:33,IN,mobile,17.54,0
172,181,2025-11-23 09:01:37,CA,desktop,4.89,0
173,1543,2025-11-26 12:04:23,IN,mobile,9.78,0
174,1444,2025-12-04 11:39:35,DE,desktop,19.06,0
175,1393,2025-12-10 13:41:25,CA,mobile,8.48,0
176,924,2025-11-23 10:58:42,CA,desktop,11.85,0
177,1434,2025-12-03 10:27:26,DE,mobile,2.55,0
178,323,2025-12-09 02:07:55,US,mobile,10.57,1
179,1801,2025-12-05 21:02:49,US,mobile,10.08,0
180,1002,2025-11-19 16:22:17,IN,mobile,3.33,0
181,1876,2025-12-05 11:49:33,DE,mobile,4.14,0
182,305,2025-11-23 08:02:19,DE,desktop,10.62,0
183,995,2025-11-11 11:50:53,DE,desktop,6.16,1
184,1392,2025-12-03 17:36:54,US,desktop,14.4,0
185,991,2025-12-06 00:43:19,US,tablet,8.9,0
186,892,2025-11-21 06:40:23,US,mobile,7.64,0
187,333,2025-11-24 11:54:20,IN,mobile,6.67,0
188,762,2025-11-21 21:34:11,DE,desktop,8.81,0
189,478,2025-11-14 11:29:30,US,mobile,11.96,0
190,603,2025-12-10 19:30:19,CA,mobile,10.18,0
191,1367,2025-11-11 15:30:52,GB,mobile,5.73,0
192,1260,2025-11-27 15:16:30,DE,mobile,15.54,0
193,1214,2025-11-11 09:58:55,DE,mobile,10.96,0
194,724,2025-12-01 15:35:12,US,mobile,9.31,0
195,1919,2025-12-07 23:50:37,CA,mobile,7.81,1
196,176,2025-11-30 06:31:32,CA,desktop,9.97,0
197,685,2025-11-29 03:40:28,CA,tablet,2.46,0
198,236,2025-12-05 19:20:17,US,mobile,8.54,0
199,678,2025-12-10 04:40:53,GB,mobile,19.77,0
200,1923,2025-12-06 19:44:48,GB,mobile,8.43,0
201,733,2025-11-17 21:51:28,IN,mobile,7.77,0
202,1817,2025-11-27 20:46:37,CA,mobile,5.17,1
203,990,2025-12-05 12:46:33,DE,desktop,9.93,0
204,1399,2025-11-19 19:18:47,DE,desktop,6.57,0
205,915,2025-12-01 05:22:29,IN,mobile,16.21,0
206,532,2025-11-11 15:38:56,CA,desktop,4.4,0
207,1528,2025-12-07 06:54:44,CA,desktop,5.63,0
208,1938,2025-11-29 09:36:11,CA,desktop,5.15,0
209,527,2025-12-03 06:16:27,CA,mobile,22.21,1
210,1557,2025-12-05 17:34:13,DE,desktop,6.59,0
211,523,2025-11-17 12:45:11,US,desktop,5.32,0
212,1434,2025-11-24 11:37:17,GB,mobile,2.11,0
213,1578,2025-12-06 17:27:22,DE,desktop,4.28,0
214,899,2025-11-15 21:49:16,GB,desktop,10.14,0
215,1474,2025-12-05 15:24:26,US,mobile,10.12,1
216,545,2025-11-19 14:39:06,CA,mobile,5.0,0
217,159,2025-11-28 05:35:54,IN,mobile,5.17,0
218,193,2025-11-26 06:25:29,CA,desktop,22.55,1
219,894,2025-12-01 13:30:27,GB,mobile,37.26,0
220,1805,2025-12-06 01:38:35,GB,mobile,14.73,1
221,256,2025-11-21 10:29:47,GB,mobile,18.83,0
222,912,2025-11-16 02:53:42,GB,desktop,21.39,0
223,1408,2025-11-23 15:40:08,IN,desktop,27.9,0
224,405,2025-11-29 07:58:50,GB,mobile,6.16,0
225,1443,2025-12-03 11:33:04,CA,mobile,4.36,0
226,612,2025-12-03 13:39:29,GB,mobile,22.2,0
227,1617,2025-11-21 04:00:16,IN,mobile,4.14,1
228,1158,2025-12-09 01:11:13,CA,desktop,3.99,0
229,1094,2025-11-13 11:06:51,IN,mobile,4.04,0
230,354,2025-11-14 11:15:33,US,desktop,6.83,0
231,926,2025-11-11 17:04:02,US,desktop,2.25,0
232,1713,2025-12-08 18:14:05,IN,desktop,3.13,1
233,40,2025-11-16 08:55:06,DE,mobile,5.09,0
234,1517,2025-11-29 00:17:21,CA,mobile,3.61,0
235,986,2025-12-05 08:33:32,US,mobile,13.98,0
236,1439,2025-12-03 23:15:28,IN,tablet,7.42,0
237,1326,2025-12-09 10:24:02,GB,desktop,10.45,0
238,864,2025-11-12 13:57:02,IN,desktop,9.78,0
239,618,2025-11-23 04:19:34,IN,desktop,6.53,0
240,1254,2025-11-26 03:39:34,GB,mobile,13.37,0
241,281,2025-12-01 20:27:34,US,desktop,9.69,1
242,1168,2025-11-29 15:31:34,US,desktop,6.1,0
243,190,2025-11-27 18:23:47,IN,mobile,2.69,0
244,1300,2025-11-20 04:09:11,GB,tablet,10.1,0
245,1257,2025-11-14 03:53:40,GB,desktop,3.47,0
246,169,2025-11-23 22:01:15,US,tablet,9.28,0
247,1515,2025-11-18 18:11:10,US,desktop,7.75,0
248,832,2025-11-27 14:19:38,US,mobile,3.27,0
249,1573,2025-12-04 21:09:50,GB,mobile,8.63,1
250,84,2025-11-27 13:04:02,US,mobile,8.29,0
251,359,2025-11-28 11:01:25,GB,desktop,8.31,0
252,988,2025-11-12 05:22:23,GB,mobile,8.07,0
253,377,2025-11-30 07:22:47,GB,desktop,5.0,0
254,660,2025-11-24 03:39:34,US,mobile,10.54,0
255,1321,2025-11-14 16:17:41,US,mobile,4.89,0
256,289,2025-11-17 09:10:54,CA,mobile,3.88,0
257,1355,2025-12-04 09:22:05,DE,desktop,11.08,0
258,207,2025-12-08 11:15:11,US,mobile,12.96,0
259,351,2025-11-26 04:47:36,GB,mobile,10.63,0
260,1175,2025-12-10 06:22:13,GB,mobile,6.53,0
261,1587,2025-11-16 08:51:38,CA,mobile,2.31,0
262,342,2025-11-19 22:58:42,CA,tablet,17.98,0
263,600,2025-12-08 20:52:49,DE,mobile,2.29,0
264,1850,2025-11-16 05:21:58,US,mobile,10.5,0
265,1979,2025-11-30 17:59:14,IN,mobile,26.21,0
266,1162,2025-11-17 13:16:32,IN,mobile,8.08,0
267,894,2025-11-20 21:40:50,DE,mobile,8.8,0
268,694,2025-11-25 07:12:51,CA,mobile,9.28,0
269,1225,2025-11-21 18:25:26,GB,mobile,8.32,0
270,1182,2025-12-07 04:52:36,IN,mobile,30.28,0
271,590,2025-12-10 03:38:27,GB,mobile,4.46,0
272,46,2025-11-25 23:15:31,GB,desktop,4.13,1
273,303,2025-11-26 17:23:20,GB,mobile,6.07,0
274,1917,2025-11-12 15:06:54,DE,desktop,21.0,0
275,836,2025-11-17 23:51:31,IN,desktop,5.23,0
276,965,2025-11-12 03:57:01,DE,desktop,9.57,1
277,934,2025-12-06 16:01:12,DE,mobile,14.05,0
278,1565,2025-11-17 18:57:15,GB,desktop,11.79,0
279,130,2025-11-21 04:29:21,CA,desktop,13.61,0
280,166,2025-12-06 06:01:41,US,tablet,17.3,1
281,552,2025-12-02 08:48:06,CA,desktop,8.89,0
282,973,2025-11-29 14:41:55,US,mobile,5.62,0
283,1342,2025-11-12 02:55:57,GB,tablet,8.07,0
284,981,2025-11-27 20:33:44,CA,desktop,6.03,0
285,882,2025-11-27 19:04:30,DE,mobile,33.55,0
286,1875,2025-11-20 12:53:27,GB,mobile,5.37,0
287,322,2025-12-03 07:34:52,CA,tablet,9.87,0
288,1143,2025-12-08 20:25:08,US,mobile,3.0,0
289,1084,2025-11-18 17:44:19,DE,desktop,8.0,0
290,947,2025-11-20 21:40:52,IN,mobile,6.22,0
291,1615,2025-11-20 15:18:50,GB,desktop,11.08,0
292,534,2025-12-06 00:23:33,CA,mobile,11.26,0
293,1907,2025-11-13 07:13:38,DE,desktop,17.29,0
294,663,2025-12-07 20:16:59,US,mobile,16.49,0
295,1090,2025-12-04 05:15:28,US,tablet,7.1,0
296,1041,2025-11-25 11:14:02,US,mobile,4.19,0
297,1699,2025-11-28 11:22:03,IN,mobile,4.5,0
298,878,2025-12-07 19:07:15,IN,mobile,8.86,0
299,569,2025-12-04 01:30:55,DE,mobile,8.12,0
300,44,2025-11-19 06:31:52,DE,tablet,8.63,0
301,727,2025-11-12 11:31:15,US,mobile,5.36,0
302,1652,2025-11-30 17:18:17,IN,mobile,17.5,0
303,20,2025-11-15 08:12:51,DE,desktop,3.05,0
304,1792,2025-11-13 14:34:00,CA,mobile,5.18,0
305,1086,2025-12-10 10:29:04,GB,mobile,3.87,0
306,281,2025-11-25 04:27:55,US,desktop,6.52,0
307,605,2025-11-30 11:50:32,US,mobile,15.61,0
308,1108,2025-11-17 11:42:42,GB,desktop,6.22,0
309,632,2025-11-14 00:27:19,IN,desktop,7.85,0
310,218,2025-11-12 20:25:20,GB,mobile,11.01,0
311,1332,2025-11-21 14:22:32,US,mobile,6.04,0
312,1344,2025-11-11 01:54:54,GB,desktop,9.3,0
313,238,2025-11-23 13:40:22,GB,mobile,8.59,0
314,563,2025-11-20 17:03:15,IN,desktop,3.75,0
315,488,2025-11-26 18:33:08,US,mobile,5.59,1
316,1319,2025-11-28 15:41:41,DE,mobile,9.14,1
317,1460,2025-11-20 05:18:12,IN,desktop,15.95,0
318,1454,2025-11-24 14:59:55,GB,mobile,15.94,0
319,1877,2025-11-13 07:27:46,CA,mobile,25.98,0
320,1537,2025-11-20 00:30:24,DE,mobile,9.89,0
321,642,2025-12-10 07:31:52,US,desktop,5.77,1
322,216,2025-12-10 16:53:48,US,desktop,7.11,0
323,1229,2025-11-25 13:00:54,US,mobile,6.9,1
324,1832,2025-12-09 03:41:26,IN,mobile,5.79,0
325,1950,2025-11-26 00:10:13,GB,tablet,9.3,0
326,461,2025-11-14 17:42:11,GB,mobile,9.56,0
327,473,2025-12-07 00:07:24,IN,mobile,3.65,0
328,75,2025-11-23 10:06:36,IN,mobile,14.2,0
329,283,2025-11-29 08:10:54,US,mobile,2.45,0
330,1110,2025-11-30 10:24:09,US,mobile,6.47,0
331,1094,2025-11-20 05:01:07,DE,desktop,14.73,1
332,742,2025-12-02 23:20:46,CA,desktop,10.64,0
333,620,2025-11-26 00:10:26,CA,mobile,5.96,0
334,1659,2025-11-21 23:01:14,CA,mobile,24.08,0
335,920,2025-11-19 21:43:52,IN,mobile,5.67,0
336,1616,2025-12-03 08:33:20,CA,mobile,2.22,0
337,1926,2025-11-18 10:45:30,CA,desktop,9.7,0
338,634,2025-11-14 16:37:14,CA,mobile,2.54,0
339,406,2025-12-07 10:05:22,US,desktop,4.49,1
340,1905,2025-11-20 22:08:16,US,mobile,10.74,0
341,1270,2025-11-30 04:46:34,IN,mobile,5.6,0
342,582,2025-12-02 11:03:52,IN,tablet,10.47,0
343,1244,2025-12-06 02:50:12,CA,mobile,3.69,0
344,1030,2025-11-29 17:43:27,GB,mobile,12.37,0
345,1811,2025-12-02 04:57:01,CA,mobile,2.68,0
346,512,2025-12-06 02:01:26,CA,tablet,16.3,0
347,1982,2025-12-09 06:27:12,CA,mobile,5.56,0
348,1872,2025-11-12 08:58:11,US,mobile,18.52,0
349,362,2025-12-03 06:22:31,GB,mobile,4.46,0
350,330,2025-11-16 04:47:41,GB,mobile,23.45,0
351,1066,2025-12-07 16:57:09,DE,mobile,4.16,0
352,90,2025-11-12 10:08:55,DE,mobile,2.52,0
353,598,2025-11-18 08:54:33,IN,desktop,7.58,0
354,870,2025-11-16 17:33:18,US,desktop,15.49,0
355,1938,2025-11-29 01:41:35,IN,mobile,11.88,0
356,1984,2025-11-11 02:18:59,DE,mobile,14.85,0
357,303,2025-11-11 11:29:26,IN,mobile,12.02,0
358,1783,2025-11-26 02:15:51,GB,mobile,4.52,0
359,182,2025-12-10 02:49:53,IN,desktop,11.7,0
360,1497,2025-11-26 19:37:08,DE,mobile,7.81,0
361,1691,2025-11-24 08:18:05,IN,desktop,4.83,0
362,1781,2025-11-30 16:54:53,CA,mobile,8.23,0
363,447,2025-11-27 12:32:05,GB,desktop,7.14,0
364,1786,2025-11-22 12:22:11,DE,desktop,17.28,0
365,232,2025-11-28 14:59:17,CA,desktop,5.43,0
366,1038,2025-11-11 01:32:32,GB,desktop,5.28,0
367,939,2025-11-18 07:15:50,GB,desktop,4.86,0
368,632,2025-12-01 04:26:03,US,mobile,23.06,0
369,45,2025-11-21 05:08:58,GB,mobile,5.02,0
370,1544,2025-11-12 14:19:20,US,mobile,16.09,0
371,671,2025-11-14 16:49:49,DE,desktop,3.98,0
372,1323,2025-12-06 22:52:31,US,mobile,10.01,0
373,821,2025-11-20 20:31:42,DE,tablet,8.65,0
374,747,2025-11-11 15:32:37,IN,mobile,15.49,0
375,1772,2025-12-02 19:58:22,CA,desktop,14.2,0
376,189,2025-11-26 21:10:29,GB,mobile,7.76,0
377,1473,2025-11-24 12:13:51,GB,tablet,5.35,0
378,1493,2025-12-07 19:34:25,GB,mobile,19.59,0
379,760,2025-11-20 09:06:51,IN,mobile,5.04,1
380,525,2025-11-28 03:25:30,GB,desktop,1.9,0
381,11,2025-12-03 07:33:40,US,mobile,2.42,0
382,1873,2025-11-29 05:17:34,CA,mobile,2.8,0
383,1895,2025-11-17 04:58:25,DE,desktop,10.56,0
384,482,2025-12-01 09:59:33,US,desktop,27.9,0
385,64,2025-12-03 06:28:50,DE,mobile,2.17,0
386,246,2025-11-14 15:22:01,GB,mobile,4.62,0
387,136,2025-11-15 22:21:20,US,mobile,7.79,0
388,1662,2025-12-01 05:10:49,IN,mobile,18.68,0
389,1783,2025-11-14 12:53:54,DE,desktop,4.61,0
390,307,2025-12-07 09:05:17,US,mobile,10.53,1
391,1493,2025-11-14 06:07:16,GB,mobile,6.36,0
392,359,2025-12-10 04:40:18,CA,mobile,35.31,0
393,735,2025-12-01 02:43:22,GB,desktop,8.06,0
394,1199,2025-11-24 06:13:48,US,mobile,9.15,0
395,1440,2025-11-19 00:28:37,IN,mobile,7.77,0
396,1749,2025-11-21 07:16:34,DE,tablet,5.76,0
397,90,2025-12-03 10:09:45,CA,desktop,13.06,0
398,393,2025-12-03 13:36:56,DE,mobile,3.69,0
399,561,2025-11-17 05:28:01,US,tablet,2.22,1
400,621,2025-11-27 06:06:08,CA,mobile,6.75,0
401,1996,2025-12-10 18:08:49,DE,mobile,12.05,0
402,1555,2025-11-18 16:29:31,DE,mobile,5.21,0
403,641,2025-12-01 18:29:02,CA,mobile,8.26,0
404,1943,2025-11-16 03:11:11,DE,desktop,3.55,0
405,999,2025-12-05 23:46:23,GB,mobile,13.98,0
406,1001,2025-11-16 01:47:54,IN,desktop,10.93,0
407,867,2025-11-19 21:31:04,IN,mobile,7.48,0
408,288,2025-11-24 17:50:24,IN,mobile,8.18,0
409,1868,2025-11-22 02:06:19,DE,mobile,3.2,0
410,28,2025-11-16 01:43:20,DE,mobile,3.29,0
411,349,2025-11-30 04:44:35,US,tablet,6.87,0
412,460,2025-11-11 13:25:49,IN,desktop,10.06,1
413,559,2025-12-10 11:22:07,US,desktop,10.37,0
414,264,2025-11-12 12:44:12,IN,desktop,5.94,0
415,36,2025-11-20 23:36:49,IN,mobile,11.56,0
416,1355,2025-12-08 20:44:58,GB,mobile,17.33,0
417,1938,2025-11-15 14:53:30,CA,mobile,7.01,0
418,244,2025-11-13 03:45:53,GB,desktop,8.9,0
419,593,2025-12-03 06:51:10,US,mobile,6.52,0
420,1013,2025-11-13 03:55:22,GB,mobile,6.85,0
421,1855,2025-12-07 22:56:39,DE,desktop,8.18,0
422,1388,2025-11-24 12:05:18,US,mobile,20.53,0
423,1532,2025-12-07 01:09:06,IN,mobile,12.8,0
424,1162,2025-11-18 07:42:17,IN,mobile,12.12,0
425,834,2025-11-15 04:51:03,CA,mobile,5.63,0
426,400,2025-12-09 20:22:20,US,mobile,4.31,0
427,1728,2025-12-03 19:59:54,US,desktop,9.33,0
428,1608,2025-12-08 07:08:33,IN,desktop,15.58,0
429,51,2025-11-20 13:33:07,US,mobile,20.78,0
430,1431,2025-11-23 02:38:52,DE,desktop,1.7,0
431,169,2025-11-28 06:49:58,GB,desktop,32.07,1
432,1478,2025-11-24 10:19:10,IN,desktop,9.49,0
433,1652,2025-11-18 05:57:03,US,tablet,12.75,0
434,262,2025-11-22 05:18:52,DE,desktop,2.6,0
435,868,2025-11-29 05:32:16,IN,mobile,6.41,0
436,248,2025-11-12 02:29:46,US,mobile,12.11,0
437,1134,2025-11-21 01:06:42,GB,mobile,3.65,0
438,1855,2025-11-19 18:04:57,US,mobile,1.31,0
439,162,2025-11-13 01:51:52,US,tablet,9.04,0
440,795,2025-11-14 15:33:27,DE,desktop,7.17,0
441,1946,2025-11-25 20:07:19,IN,mobile,17.55,0
442,602,2025-11-14 00:56:21,CA,tablet,6.71,1
443,265,2025-11-21 07:33:50,GB,desktop,7.01,1
444,977,2025-11-27 19:03:11,DE,mobile,11.23,0
445,1017,2025-12-07 04:24:00,DE,tablet,13.74,0
446,1326,2025-11-13 22:20:36,DE,mobile,4.83,0
447,628,2025-11-24 00:10:34,CA,mobile,13.02,0
448,1911,2025-11-14 01:20:35,DE,mobile,5.4,0
449,1042,2025-11-23 19:48:19,DE,tablet,7.46,0
450,573,2025-11-25 09:12:09,DE,mobile,11.05,0
451,1920,2025-12-04 22:42:12,IN,mobile,12.27,0
452,1849,2025-11-24 05:40:33,DE,desktop,8.94,0
453,998,2025-12-09 00:48:10,CA,desktop,3.86,0
454,50,2025-11-15 02:19:47,DE,mobile,2.41,0
455,1194,2025-11-12 13:30:27,DE,mobile,6.6,1
456,1110,2025-11-11 02:26:09,US,tablet,13.23,0
457,297,2025-11-21 16:05:23,IN,desktop,9.68,0
458,1268,2025-11-16 18:10:27,US,mobile,8.54,0
459,1681,2025-11-13 17:10:24,US,mobile,7.36,0
460,212,2025-11-18 01:04:30,GB,mobile,8.89,0
461,1446,2025-12-10 05:13:23,IN,desktop,4.07,1
462,281,2025-12-04 23:24:41,IN,mobile,11.8,0
463,1497,2025-11-11 12:36:19,CA,desktop,12.28,0
464,838,2025-12-08 10:20:54,DE,mobile,5.97,0
465,14,2025-11-17 03:00:58,IN,desktop,9.6,0
466,1932,2025-11-23 03:30:45,GB,mobile,2.64,0
467,332,2025-11-20 19:07:51,DE,desktop,8.23,0
468,1192,2025-11-23 02:51:07,GB,mobile,6.82,0
469,363,2025-12-03 18:57:14,CA,mobile,15.73,0
470,1866,2025-12-02 08:13:09,DE,mobile,6.56,0
471,1476,2025-11-28 18:56:23,DE,mobile,12.44,0
472,1608,2025-11-29 18:36:59,GB,mobile,5.84,0
473,864,2025-12-02 19:03:07,DE,desktop,1.87,1
474,935,2025-11-16 11:48:49,CA,desktop,6.45,0
475,1268,2025-11-22 20:06:52,US,mobile,8.31,0
476,1569,2025-11-14 04:46:08,US,mobile,8.09,0
477,1694,2025-12-02 02:14:10,IN,mobile,8.16,1
478,36,2025-11-24 02:18:48,GB,desktop,5.45,0
479,1327,2025-11-30 02:04:22,DE,mobile,6.08,0
480,219,2025-11-27 21:54:33,IN,mobile,3.76,0
481,576,2025-11-19 04:14:53,CA,mobile,2.23,0
482,1659,2025-11-15 03:06:08,GB,mobile,6.93,0
483,501,2025-12-10 03:45:01,GB,mobile,4.73,0
484,1593,2025-11-19 18:23:22,US,mobile,14.12,0
485,926,2025-11-14 06:07:07,GB,mobile,2.0,0
486,466,2025-11-20 03:30:42,GB,desktop,8.8,0
487,669,2025-12-08 00:58:25,DE,mobile,26.39,0
488,1062,2025-11-18 19:22:02,GB,desktop,6.62,0
489,1530,2025-12-10 13:43:17,GB,mobile,7.38,0
490,1212,2025-11-24 18:58:51,GB,desktop,9.54,0
491,1866,2025-12-06 19:44:24,IN,desktop,10.0,0
492,1735,2025-11-30 13:26:18,DE,mobile,5.78,1
493,1506,2025-11-12 06:51:54,CA,desktop,4.04,0
494,1206,2025-11-26 05:59:36,US,mobile,10.93,0
495,580,2025-11-23 11:25:25,CA,mobile,2.35,0
496,825,2025-11-17 00:16:53,GB,desktop,12.17,0
497,238,2025-11-27 11:13:25,CA,desktop,5.84,0
498,748,2025-11-14 01:20:56,US,mobile,7.4,0
499,1853,2025-12-01 22:00:31,DE,mobile,5.39,0
500,852,2025-12-05 14:58:46,CA,mobile,17.44,1
501,228,2025-11-13 17:51:57,US,mobile,8.58,0
502,1304,2025-11-25 08:19:55,DE,tablet,6.09,0
503,1925,2025-11-30 14:55:21,US,mobile,5.99,0
504,1735,2025-11-12 19:58:22,CA,tablet,6.76,0
505,548,2025-11-22 15:32:54,DE,mobile,31.13,0
506,908,2025-11-18 17:04:48,CA,desktop,3.35,0
507,1062,2025-11-12 03:29:52,CA,tablet,14.15,1
508,496,2025-12-05 02:08:13,GB,desktop,10.39,0
509,538,2025-11-24 07:23:47,IN,mobile,18.61,1
510,474,2025-12-03 12:28:32,DE,mobile,10.78,0
511,1989,2025-11-28 13:55:37,US,mobile,7.4,0
512,1492,2025-12-07 05:49:14,GB,desktop,13.63,1
513,1681,2025-12-10 21:04:37,US,tablet,8.48,0
514,1633,2025-11-29 00:44:09,CA,mobile,11.62,0
515,1918,2025-11-21 12:47:40,GB,mobile,17.41,1
516,211,2025-11-23 15:43:30,IN,mobile,7.81,0
517,1763,2025-12-05 17:31:29,IN,mobile,5.73,0
518,134,2025-11-23 18:24:35,GB,mobile,5.02,1
519,951,2025-11-26 13:26:40,DE,mobile,9.68,1
520,1189,2025-11-16 18:54:46,CA,desktop,4.36,0
521,716,2025-12-10 16:04:46,IN,mobile,5.99,0
522,293,2025-11-30 11:48:28,CA,desktop,4.13,0
523,385,2025-11-20 20:58:59,US,mobile,10.02,0
524,1649,2025-11-28 12:28:56,CA,mobile,4.71,1
525,638,2025-11-23 00:03:09,US,desktop,3.41,0
526,621,2025-11-15 14:44:06,US,desktop,3.79,0
527,1846,2025-12-07 05:03:05,US,mobile,5.25,0
528,288,2025-12-07 12:54:36,GB,desktop,5.54,0
529,1830,2025-12-06 00:21:22,CA,mobile,8.59,0
530,1842,2025-11-22 00:31:47,GB,mobile,6.71,0
531,1197,2025-11-18 15:50:31,DE,tablet,9.23,0
532,331,2025-11-12 11:02:40,IN,tablet,9.68,0
533,312,2025-12-02 21:56:25,US,mobile,11.52,0
534,570,2025-11-20 19:18:25,IN,tablet,2.35,1
535,1155,2025-12-07 17:37:52,GB,desktop,3.76,0
536,308,2025-12-07 01:31:46,GB,mobile,10.31,0
537,911,2025-11-14 19:31:21,IN,mobile,8.39,1
538,231,2025-12-08 11:26:29,DE,mobile,13.28,0
539,1081,2025-11-15 04:14:24,IN,mobile,2.93,0
540,43,2025-11-25 16:19:10,GB,tablet,5.56,1
541,1418,2025-11-25 04:27:44,DE,mobile,6.19,0
542,111,2025-12-09 15:47:51,DE,mobile,8.17,0
543,390,2025-11-30 16:29:41,GB,mobile,7.55,0
544,350,2025-12-07 05:24:24,CA,mobile,9.79,0
545,1662,2025-11-28 20:12:35,CA,desktop,6.9,0
546,107,2025-12-05 17:23:56,DE,mobile,16.83,0
547,859,2025-12-06 12:45:32,GB,mobile,20.38,0
548,1182,2025-12-06 18:13:26,GB,mobile,3.78,1
549,1032,2025-11-23 07:35:50,IN,desktop,7.59,0
550,1361,2025-11-22 10:10:59,US,desktop,11.93,0
551,1606,2025-12-10 12:18:15,GB,desktop,10.5,0
552,787,2025-12-03 15:53:25,US,mobile,5.79,0
553,1656,2025-12-08 11:41:31,US,mobile,8.61,0
554,636,2025-11-28 06:55:00,DE,desktop,2.86,0
555,1968,2025-12-08 20:07:49,US,desktop,7.3,0
556,1009,2025-12-02 13:24:18,IN,mobile,3.08,0
557,1472,2025-12-03 05:52:46,IN,desktop,10.02,0
558,1750,2025-11-16 07:14:19,US,mobile,3.78,0
559,1585,2025-11-27 23:23:25,CA,mobile,8.15,0
560,1702,2025-12-02 21:50:11,CA,tablet,8.95,0
561,1073,2025-12-03 19:09:09,DE,mobile,7.73,0
562,87,2025-12-09 16:41:57,DE,tablet,5.06,0
563,986,2025-11-20 18:37:59,GB,desktop,6.51,0
564,363,2025-11-20 01:09:01,CA,tablet,15.01,0
565,1778,2025-12-10 01:15:29,DE,mobile,5.73,0
566,474,2025-12-10 13:16:08,IN,desktop,7.48,0
567,456,2025-11-16 08:44:48,DE,desktop,5.29,0
568,499,2025-11-22 07:39:48,CA,mobile,13.63,0
569,1285,2025-12-09 09:51:27,DE,mobile,7.74,0
570,1142,2025-11-16 23:02:01,US,mobile,4.67,0
571,1897,2025-12-04 11:06:40,GB,mobile,7.42,0
572,833,2025-11-14 08:04:43,US,tablet,6.39,1
573,565,2025-11-16 07:37:01,GB,mobile,17.04,0
574,99,2025-12-04 12:24:19,CA,desktop,7.19,0
575,15,2025-11-29 04:36:33,US,mobile,3.22,0
576,747,2025-11-27 14:42:25,CA,mobile,9.97,1
577,1851,2025-12-06 15:58:30,GB,tablet,21.58,0
578,1047,2025-11-20 04:22:02,IN,mobile,15.15,0
579,1787,2025-11-26 01:36:23,IN,mobile,3.81,0
580,204,2025-11-29 05:19:01,US,mobile,6.29,0
581,187,2025-12-03 03:56:16,US,mobile,7.25,0
582,1667,2025-11-20 22:20:44,GB,mobile,7.31,0
583,214,2025-11-29 23:26:59,US,desktop,9.29,0
584,104,2025-11-24 10:03:01,DE,mobile,6.01,0
585,808,2025-11-27 05:26:33,IN,desktop,4.27,0
586,1849,2025-12-06 20:21:03,CA,desktop,13.08,0
587,1379,2025-11-22 18:39:48,CA,mobile,3.77,0
588,199,2025-12-01 00:18:45,GB,mobile,4.57,0
589,1674,2025-12-09 05:28:00,CA,mobile,3.75,0
590,1687,2025-12-03 20:09:43,US,desktop,10.67,0
591,1601,2025-12-10 15:06:48,IN,mobile,7.88,0
592,1805,2025-11-28 11:20:53,DE,mobile,12.55,0
593,480,2025-11-19 10:14:16,IN,mobile,4.61,0
594,1959,2025-12-10 17:02:21,DE,mobile,3.48,0
595,642,2025-11-30 07:19:40,CA,desktop,5.66,0
596,1604,2025-11-18 05:02:52,IN,mobile,6.62,0
597,1159,2025-11-20 11:36:32,GB,mobile,8.38,0
598,1559,2025-11-18 20:04:56,IN,mobile,2.69,0
599,1256,2025-12-05 23:25:48,CA,desktop,9.85,0
600,1285,2025-11-13 17:52:30,CA,desktop,4.32,0
601,1232,2025-12-03 03:57:54,CA,mobile,5.01,0
602,1558,2025-11-27 14:07:36,GB,mobile,14.94,0
603,1478,2025-11-13 04:07:58,GB,desktop,1.99,0
604,269,2025-11-29 08:51:05,IN,mobile,8.97,0
605,1652,2025-12-03 13:30:06,IN,mobile,8.95,0
606,1072,2025-12-02 17:55:30,DE,mobile,4.52,0
607,646,2025-11-26 19:45:46,CA,mobile,5.65,1
608,1028,2025-11-21 00:45:13,IN,mobile,15.37,1
609,1933,2025-11-15 21:12:01,GB,mobile,23.99,0
610,1715,2025-11-11 08:03:27,CA,mobile,14.0,0
611,1667,2025-11-21 18:06:40,IN,mobile,22.91,0
612,926,2025-11-29 22:26:16,DE,mobile,4.88,0
613,1568,2025-11-12 02:20:43,US,mobile,2.86,1
614,770,2025-12-10 22:17:36,IN,mobile,7.16,0
615,1372,2025-11-28 13:07:03,IN,desktop,11.98,0
616,1279,2025-11-19 19:18:29,US,desktop,2.43,0
617,500,2025-12-09 19:56:58,GB,tablet,4.24,0
618,533,2025-11-16 11:39:56,DE,mobile,4.53,0
619,123,2025-12-09 16:42:12,US,mobile,9.15,0
620,280,2025-11-19 10:06:17,US,mobile,8.47,0
621,867,2025-11-22 08:38:20,US,desktop,4.64,0
622,956,2025-11-23 17:31:54,US,mobile,8.23,0
623,331,2025-12-10 19:30:55,IN,mobile,3.72,0
624,834,2025-11-18 11:53:24,IN,desktop,5.72,0
625,1208,2025-12-10 03:42:00,DE,mobile,3.46,0
626,465,2025-11-21 09:02:38,IN,mobile,6.75,0
627,677,2025-11-19 12:33:55,IN,mobile,4.57,0
628,735,2025-11-30 02:44:29,CA,desktop,11.18,0
629,1010,2025-12-01 18:43:55,GB,desktop,7.27,0
630,733,2025-11-21 07:39:10,DE,mobile,6.45,0
631,1474,2025-11-14 23:45:39,US,desktop,21.35,0
632,655,2025-11-22 20:23:42,CA,mobile,9.3,0
633,868,2025-11-27 04:20:07,GB,mobile,5.92,0
634,759,2025-11-12 04:03:19,GB,desktop,5.21,0
635,366,2025-11-13 07:51:45,US,desktop,3.64,0
636,1371,2025-12-08 12:09:04,IN,tablet,7.1,0
637,471,2025-11-12 01:03:16,GB,desktop,8.89,0
638,594,2025-11-23 04:11:26,CA,mobile,2.34,0
639,1585,2025-12-03 21:14:09,US,mobile,3.26,0
640,1897,2025-11-20 19:29:45,IN,mobile,5.42,0
641,1342,2025-11-25 19:28:09,CA,mobile,3.82,0
642,1832,2025-11-13 13:30:05,CA,mobile,7.58,0
643,1708,2025-12-04 19:13:40,DE,mobile,8.24,1
644,962,2025-11-29 23:50:40,IN,mobile,6.87,0
645,1540,2025-12-06 12:25:25,CA,desktop,10.28,0
646,657,2025-12-06 21:11:12,GB,mobile,5.2,0
647,921,2025-11-21 11:48:44,CA,mobile,7.19,0
648,1071,2025-11-12 04:51:47,IN,desktop,4.05,1
649,1921,2025-11-21 08:36:16,GB,desktop,8.77,0
650,1697,2025-11-15 07:49:44,GB,mobile,7.73,0
651,979,2025-11-26 23:12:22,IN,desktop,3.6,0
652,1305,2025-11-15 08:38:00,US,desktop,6.73,0
653,405,2025-12-08 15:00:06,DE,desktop,7.22,0
654,1608,2025-11-29 00:52:14,GB,mobile,8.75,0
655,1106,2025-11-18 13:25:01,GB,mobile,8.94,0
656,1065,2025-12-08 14:31:07,US,desktop,4.79,0
657,1532,2025-12-04 01:24:28,IN,mobile,11.68,0
658,1266,2025-11-24 02:25:33,GB,desktop,10.11,0
659,145,2025-11-15 08:43:04,US,desktop,4.78,0
660,577,2025-11-21 06:46:24,CA,desktop,3.72,0
661,354,2025-11-28 11:43:06,DE,tablet,5.01,0
662,1470,2025-12-03 22:38:17,GB,mobile,3.06,1
663,71,2025-11-18 19:49:13,US,tablet,8.37,0
664,405,2025-12-03 05:52:57,CA,desktop,15.03,0
665,1195,2025-11-19 10:52:30,DE,mobile,17.34,0
666,1389,2025-11-18 08:53:49,IN,desktop,3.84,0
667,1007,2025-11-24 09:05:08,DE,desktop,11.85,0
668,1721,2025-11-15 19:01:39,US,tablet,7.77,0
669,1837,2025-11-23 02:35:05,IN,mobile,1.75,0
670,265,2025-11-21 16:51:21,US,mobile,6.05,0
671,1905,2025-11-19 08:51:46,DE,desktop,5.66,0
672,1229,2025-12-04 05:40:01,CA,mobile,15.28,0
673,1272,2025-11-20 22:04:37,IN,desktop,4.38,0
674,191,2025-12-01 19:40:42,DE,mobile,10.36,0
675,1244,2025-12-02 13:50:27,DE,mobile,6.93,0
676,1451,2025-11-30 22:38:50,CA,mobile,3.1,0
677,1162,2025-11-19 01:08:59,US,desktop,5.31,0
678,169,2025-12-05 20:25:16,GB,mobile,18.52,0
679,1046,2025-11-18 01:32:59,GB,desktop,6.66,0
680,1871,2025-11-19 06:45:59,DE,desktop,12.72,1
681,1447,2025-12-07 05:13:28,IN,desktop,12.31,0
682,275,2025-11-21 03:48:18,DE,mobile,5.65,0
683,1919,2025-12-01 21:05:09,IN,mobile,3.42,0
684,1917,2025-11-12 05:43:01,CA,desktop,3.7,0
685,339,2025-11-29 09:32:46,DE,mobile,17.65,0
686,1601,2025-12-07 00:43:47,US,mobile,8.09,0
687,814,2025-12-02 05:29:58,CA,tablet,2.61,0
688,1187,2025-11-28 10:34:55,CA,mobile,12.19,0
689,890,2025-12-06 10:32:02,US,mobile,2.53,0
690,1565,2025-11-19 21:52:50,GB,tablet,4.5,0
691,1993,2025-11-22 06:30:53,CA,mobile,7.76,1
692,1590,2025-11-13 01:12:45,CA,mobile,33.52,0
693,1862,2025-12-01 22:03:41,IN,mobile,12.06,0
694,1892,2025-12-02 16:05:15,IN,desktop,5.53,0
695,181,2025-12-03 12:13:30,US,desktop,7.52,0
696,507,2025-12-03 10:19:25,IN,desktop,12.83,0
697,1443,2025-11-14 18:56:56,DE,tablet,17.34,0
698,1180,2025-11-30 22:52:53,GB,mobile,6.37,0
699,101,2025-12-03 20:49:48,GB,desktop,6.48,0
700,191,2025-11-17 01:57:18,CA,mobile,4.49,1
701,1041,2025-11-25 06:17:55,IN,tablet,11.01,0
702,1232,2025-12-08 08:44:54,GB,tablet,13.68,0
703,336,2025-11-23 09:53:45,GB,mobile,2.31,0
704,343,2025-12-03 13:30:23,IN,desktop,5.82,0
705,259,2025-11-26 21:04:55,GB,desktop,3.57,0
706,1130,2025-11-30 16:49:02,IN,mobile,8.09,0
707,16,2025-11-29 18:19:01,CA,desktop,3.52,0
708,1145,2025-11-30 11:54:44,DE,tablet,3.35,0
709,952,2025-12-04 08:22:58,GB,mobile,14.5,0
710,932,2025-12-08 02:22:13,IN,mobile,6.69,0
711,1358,2025-11-19 20:06:44,IN,tablet,7.13,0
712,1045,2025-12-08 19:36:50,DE,mobile,9.57,0
713,1455,2025-11-29 19:17:36,DE,mobile,13.23,0
714,1528,2025-11-28 20:05:30,IN,desktop,5.75,0
715,1840,2025-11-20 19:11:53,GB,desktop,5.83,0
716,1598,2025-11-23 11:14:05,DE,mobile,5.84,0
717,1035,2025-11-30 12:24:10,US,mobile,14.14,0
718,984,2025-11-21 21:07:16,DE,desktop,7.09,0
719,472,2025-11-19 14:04:39,CA,mobile,6.2,0
720,1199,2025-12-05 12:58:10,DE,desktop,9.34,0
721,279,2025-11-23 10:20:29,IN,desktop,22.17,0
722,1862,2025-11-30 07:20:55,CA,mobile,7.73,1
723,1690,2025-11-11 21:41:20,IN,desktop,6.29,0
724,240,2025-11-13 06:51:51,IN,desktop,23.71,0
725,1572,2025-12-06 09:55:00,CA,tablet,16.41,0
726,235,2025-11-15 05:36:24,US,mobile,15.04,0
727,1442,2025-12-04 20:12:37,DE,mobile,5.47,0
728,176,2025-12-07 23:21:59,DE,desktop,5.16,1
729,976,2025-11-25 09:50:16,IN,tablet,2.46,0
730,1316,2025-12-07 12:04:17,US,tablet,13.18,1
731,1457,2025-11-23 18:50:10,DE,mobile,7.74,0
732,837,2025-12-09 12:33:07,GB,mobile,2.51,0
733,1843,2025-11-18 01:57:21,CA,mobile,15.2,0
734,1548,2025-11-23 19:17:07,DE,desktop,6.04,0
735,417,2025-11-22 15:15:02,GB,desktop,6.5,0
736,1342,2025-12-04 11:45:23,IN,desktop,2.98,0
737,1461,2025-11-12 06:42:35,US,mobile,9.93,0
738,667,2025-12-05 19:33:17,IN,tablet,9.98,0
739,1476,2025-11-11 16:06:11,US,mobile,7.18,0
740,1796,2025-11-20 10:32:04,CA,mobile,5.75,0
741,1634,2025-11-28 20:24:06,DE,mobile,35.73,0
742,1525,2025-11-15 07:52:33,GB,mobile,3.59,0
743,1269,2025-11-25 16:07:00,CA,desktop,4.79,0
744,541,2025-12-10 21:05:30,US,desktop,11.3,0
745,1590,2025-12-05 15:56:35,IN,mobile,4.02,0
746,729,2025-11-11 20:59:26,US,mobile,3.85,0
747,1064,2025-11-28 17:18:05,US,mobile,14.57,0
748,629,2025-11-28 21:18:52,GB,desktop,10.62,0
749,626,2025-11-13 00:21:17,GB,mobile,9.88,0
750,316,2025-11-30 11:23:08,DE,mobile,8.24,1
751,1922,2025-11-26 14:21:10,CA,mobile,4.88,0
752,296,2025-12-01 10:07:15,DE,desktop,6.35,0
753,173,2025-11-19 21:26:03,DE,mobile,7.05,0
754,1872,2025-11-18 15:17:05,IN,mobile,12.28,0
755,1110,2025-12-03 01:07:22,GB,mobile,9.54,0
756,876,2025-12-02 14:46:11,GB,mobile,4.23,0
757,1475,2025-11-15 19:40:11,CA,mobile,11.87,0
758,767,2025-11-17 11:02:25,IN,mobile,2.7,0
759,256,2025-11-28 13:24:43,IN,desktop,6.1,0
760,1459,2025-12-05 20:08:25,US,mobile,3.72,0
761,352,2025-11-17 00:31:34,IN,mobile,4.42,0
762,1106,2025-11-17 12:59:48,DE,tablet,23.48,0
763,1898,2025-12-05 04:49:59,IN,mobile,3.06,0
764,1872,2025-12-01 20:51:40,DE,mobile,4.52,1
765,722,2025-12-08 00:52:42,CA,mobile,10.04,0
766,1560,2025-12-04 11:17:25,US,mobile,5.57,1
767,1225,2025-12-09 13:35:34,CA,mobile,8.11,0
768,959,2025-11-16 15:16:25,CA,desktop,17.42,1
769,280,2025-11-19 03:01:40,IN,mobile,10.94,0
770,753,2025-11-18 02:34:58,DE,desktop,5.58,0
771,1304,2025-11-12 15:08:44,US,tablet,6.82,0
772,1973,2025-12-04 08:11:14,GB,mobile,10.16,0
773,10,2025-11-30 19:41:45,US,desktop,10.82,0
774,1435,2025-11-13 13:09:07,DE,mobile,7.48,0
775,1692,2025-11-16 21:53:19,CA,mobile,9.17,0
776,1902,2025-11-16 16:34:50,DE,desktop,9.18,0
777,848,2025-11-23 01:20:32,DE,mobile,6.99,0
778,237,2025-11-24 15:12:54,US,tablet,5.14,1
779,542,2025-11-19 15:18:25,CA,mobile,11.54,0
780,1701,2025-12-08 20:57:49,US,mobile,8.8,0
781,1755,2025-11-17 08:25:31,IN,mobile,2.12,0
782,1274,2025-11-27 19:47:05,DE,mobile,4.5,0
783,246,2025-11-24 02:34:44,CA,mobile,5.54,0
784,244,2025-11-22 14:21:38,CA,mobile,6.55,0
785,956,2025-12-05 17:48:05,IN,mobile,15.22,0
786,1176,2025-12-10 07:39:33,IN,mobile,50.47,0
787,65,2025-11-11 03:27:47,IN,tablet,1.69,0
788,1372,2025-11-24 21:06:17,IN,mobile,8.87,0
789,1089,2025-11-14 13:01:30,DE,mobile,7.7,0
790,25,2025-11-23 23:31:19,DE,desktop,6.63,0
791,192,2025-11-29 11:29:48,IN,desktop,10.23,1
792,909,2025-11-23 07:37:00,IN,desktop,8.08,0
793,1445,2025-11-20 05:46:54,US,tablet,5.95,0
794,1650,2025-11-20 08:00:08,US,mobile,7.52,1
795,863,2025-11-19 23:08:13,IN,mobile,10.32,0
796,591,2025-11-20 17:43:58,GB,desktop,9.75,0
797,1936,2025-11-22 04:30:10,DE,mobile,8.27,0
798,917,2025-12-01 14:28:31,CA,desktop,5.21,0
799,631,2025-11-13 20:21:20,DE,mobile,40.1,0
800,885,2025-11-12 04:38:03,CA,tablet,9.17,0
801,25,2025-11-26 11:17:19,IN,desktop,11.68,1
802,604,2025-12-01 10:08:26,CA,mobile,5.45,0
803,1031,2025-11-18 17:30:33,CA,mobile,8.28,0
804,1836,2025-11-17 00:06:00,US,tablet,8.24,0
805,1476,2025-11-29 17:03:36,DE,desktop,2.35,0
806,1562,2025-11-22 11:51:45,IN,desktop,4.81,0
807,1090,2025-12-03 01:12:05,CA,desktop,4.75,1
808,222,2025-11-15 08:44:27,IN,mobile,5.15,0
809,782,2025-11-14 14:26:01,US,mobile,3.89,0
810,1994,2025-11-27 13:12:48,GB,mobile,7.59,0
811,89,2025-11-22 17:49:27,US,desktop,17.09,0
812,1758,2025-12-02 20:21:54,GB,desktop,7.99,0
813,1369,2025-11-26 03:38:39,US,mobile,3.64,0
814,568,2025-11-21 14:35:05,DE,tablet,3.98,0
815,1556,2025-11-15 18:12:02,IN,mobile,5.89,0
816,1673,2025-11-15 20:53:33,DE,desktop,3.16,0
817,87,2025-12-03 15:26:34,CA,mobile,8.87,0
818,213,2025-11-17 18:19:00,DE,mobile,16.64,0
819,1331,2025-11-26 00:59:40,IN,mobile,5.23,0
820,1998,2025-12-05 12:16:26,GB,desktop,7.73,1
821,48,2025-12-07 21:40:26,DE,desktop,5.71,0
822,1331,2025-11-18 23:56:23,IN,mobile,5.06,0
823,273,2025-11-14 06:09:29,DE,mobile,8.28,0
824,1300,2025-12-04 05:01:07,US,desktop,4.96,0
825,1247,2025-12-01 14:04:18,US,mobile,4.55,0
826,181,2025-11-20 21:41:46,US,desktop,2.8,0
827,1361,2025-11-28 18:36:03,DE,mobile,7.68,0
828,1794,2025-11-16 15:07:12,IN,desktop,14.02,0
829,1727,2025-12-01 23:43:26,GB,desktop,11.3,1
830,58,2025-12-02 18:53:41,GB,mobile,18.09,0
831,492,2025-11-19 22:46:42,DE,desktop,4.93,0
832,482,2025-11-25 00:35:06,CA,mobile,12.31,0
833,907,2025-11-20 23:45:42,CA,tablet,3.81,0
834,286,2025-11-11 21:45:08,IN,desktop,11.31,0
835,1708,2025-11-14 18:53:45,DE,mobile,19.82,0
836,1553,2025-12-09 18:23:28,US,desktop,9.96,1
837,1616,2025-11-24 15:34:37,CA,mobile,20.03,0
838,397,2025-11-15 09:36:54,US,desktop,5.16,0
839,30,2025-11-12 07:06:25,GB,tablet,6.82,0
840,1821,2025-11-21 13:41:08,DE,desktop,4.27,0
841,578,2025-12-10 10:51:47,CA,mobile,7.54,0
842,1312,2025-11-22 12:17:05,US,desktop,8.69,0
843,1818,2025-12-10 22:50:38,DE,mobile,7.51,0
844,73,2025-11-25 15:37:20,US,mobile,5.56,0
845,11,2025-12-03 21:16:53,US,tablet,5.5,0
846,11,2025-12-04 12:45:08,IN,mobile,9.09,0
847,313,2025-11-11 19:30:36,IN,mobile,6.72,0
848,104,2025-11-11 03:37:04,GB,mobile,3.7,0
849,1640,2025-12-08 15:24:50,CA,tablet,2.37,0
850,1212,2025-12-08 22:36:45,DE,tablet,5.17,0
851,1960,2025-11-14 22:43:26,IN,mobile,3.22,0
852,1603,2025-11-30 08:20:42,IN,mobile,4.48,1
853,1926,2025-12-08 16:19:18,IN,desktop,5.73,0
854,477,2025-12-09 11:41:59,US,mobile,6.77,0
855,576,2025-11-19 20:37:22,DE,tablet,4.95,0
856,1698,2025-12-05 11:45:11,DE,tablet,27.51,0
857,490,2025-11-30 08:35:32,IN,desktop,3.47,0
858,115,2025-12-08 19:16:34,IN,mobile,15.26,0
859,1338,2025-11-15 08:52:15,CA,desktop,6.7,0
860,1602,2025-11-28 23:57:11,DE,tablet,4.98,0
861,1936,2025-11-11 16:51:55,GB,mobile,10.51,0
862,1855,2025-11-21 16:29:42,US,desktop,5.63,0
863,241,2025-11-11 07:26:47,CA,mobile,4.55,0
864,1544,2025-11-24 06:07:51,DE,tablet,21.63,0
865,1692,2025-12-05 07:12:53,DE,desktop,1.98,0
866,1396,2025-11-30 17:00:57,GB,mobile,6.38,0
867,1639,2025-11-20 11:22:52,US,mobile,8.28,0
868,1676,2025-11-23 18:37:25,IN,mobile,17.2,0
869,893,2025-11-21 23:47:33,DE,mobile,5.82,0
870,81,2025-12-02 22:02:13,GB,tablet,36.47,0
871,912,2025-11-18 22:54:12,IN,mobile,11.65,1
872,404,2025-11-13 17:21:48,CA,tablet,1.79,0
873,228,2025-11-26 04:04:39,GB,mobile,3.09,0
874,250,2025-12-05 20:49:23,GB,desktop,8.52,0
875,1395,2025-11-25 06:46:17,GB,tablet,3.72,0
876,1009,2025-11-17 02:14:54,CA,desktop,10.26,0
877,1080,2025-11-12 08:23:49,IN,desktop,5.63,0
878,1490,2025-12-09 06:52:30,CA,tablet,3.61,0
879,1096,2025-12-03 18:57:17,CA,desktop,4.14,0
880,1260,2025-11-15 15:13:32,IN,desktop,12.32,0
881,172,2025-11-13 04:27:43,US,mobile,2.2,0
882,1702,2025-11-14 20:13:51,GB,mobile,13.83,0
883,898,2025-11-22 06:20:08,IN,mobile,14.08,0
884,311,2025-12-05 07:47:00,GB,desktop,6.06,0
885,1626,2025-11-15 18:20:30,US,desktop,3.18,0
886,1469,2025-12-05 12:41:53,CA,desktop,10.31,0
887,106,2025-11-11 00:35:35,GB,tablet,5.52,0
888,386,2025-12-03 03:08:22,DE,mobile,2.98,0
889,32,2025-11-19 10:34:18,CA,tablet,23.23,0
890,542,2025-12-09 18:48:52,IN,mobile,4.35,0
891,200,2025-11-25 05:50:29,DE,mobile,3.05,0
892,1420,2025-11-19 02:01:16,US,desktop,8.77,0
893,1045,2025-11-18 06:08:20,DE,mobile,7.09,0
894,1960,2025-12-05 18:25:11,CA,desktop,18.02,0
895,1499,2025-11-23 01:23:29,CA,desktop,5.88,1
896,1223,2025-11-21 12:42:07,US,desktop,5.92,0
897,1019,2025-12-03 00:54:49,GB,mobile,9.04,0
898,109,2025-11-27 02:09:35,US,mobile,8.33,0
899,141,2025-11-30 21:11:40,CA,mobile,8.48,0
900,1233,2025-11-24 08:03:53,GB,mobile,8.7,0
901,9,2025-11-12 21:18:50,IN,mobile,8.16,0
902,85,2025-11-11 03:26:41,IN,mobile,5.76,0
903,439,2025-11-12 03:23:18,DE,desktop,12.18,0
904,1768,2025-11-28 04:50:44,CA,tablet,5.95,0
905,918,2025-11-26 09:02:33,GB,desktop,11.97,0
906,1419,2025-12-03 09:26:13,DE,mobile,16.99,0
907,823,2025-12-07 19:22:19,GB,mobile,4.92,0
908,347,2025-11-16 04:54:37,US,mobile,31.27,0
909,742,2025-12-09 16:28:50,US,mobile,4.82,0
910,184,2025-12-08 22:01:29,GB,mobile,4.84,0
911,1540,2025-11-29 10:42:27,IN,tablet,10.22,0
912,367,2025-11-26 21:07:13,DE,desktop,9.63,0
913,753,2025-11-16 06:25:40,CA,mobile,7.71,0
914,1960,2025-11-16 07:34:11,IN,desktop,12.07,0
915,1184,2025-11-11 12:40:12,IN,tablet,8.6,0
916,917,2025-11-30 08:18:54,US,mobile,25.52,0
917,1086,2025-11-23 23:05:45,CA,desktop,7.16,0
918,1568,2025-11-16 17:25:01,GB,mobile,4.43,0
919,509,2025-11-14 23:36:11,DE,mobile,5.31,0
920,1273,2025-11-12 20:58:36,DE,desktop,9.8,0
921,1745,2025-11-30 04:43:20,CA,mobile,9.89,1
922,1145,2025-12-01 12:39:35,CA,desktop,8.36,0
923,893,2025-11-29 22:00:37,DE,mobile,4.44,0
924,291,2025-11-14 06:55:59,DE,desktop,14.37,0
925,497,2025-11-12 05:00:38,US,desktop,23.62,0
926,1892,2025-11-14 03:42:33,US,desktop,7.52,0
927,1082,2025-12-03 12:23:00,IN,desktop,21.9,0
928,603,2025-12-03 03:59:31,DE,desktop,12.43,0
929,837,2025-11-19 19:30:40,DE,mobile,27.97,0
930,1156,2025-11-12 14:58:42,GB,mobile,9.81,1
931,1075,2025-11-20 13:26:28,IN,desktop,8.02,0
932,1399,2025-12-05 06:15:59,CA,mobile,12.25,0
933,515,2025-11-15 06:29:34,US,mobile,5.7,0
934,1298,2025-12-04 20:27:35,GB,tablet,9.43,0
935,885,2025-11-24 20:49:58,CA,mobile,16.42,0
936,1881,2025-11-15 05:02:09,US,mobile,12.08,0
937,316,2025-12-08 23:38:08,GB,tablet,7.25,0
938,297,2025-11-26 12:28:00,IN,mobile,8.33,0
939,923,2025-12-01 02:44:58,DE,desktop,11.64,0
940,1017,2025-11-13 20:48:11,GB,mobile,11.41,0
941,1382,2025-11-22 02:48:57,DE,mobile,11.59,0
942,808,2025-11-29 22:41:02,GB,desktop,9.06,0
943,1827,2025-11-30 07:53:14,GB,mobile,4.51,0
944,948,2025-11-12 20:32:32,IN,desktop,4.96,0
945,259,2025-11-29 02:18:37,US,mobile,9.74,0
946,239,2025-12-09 07:15:32,DE,mobile,12.17,0
947,1946,2025-12-04 13:25:45,DE,mobile,11.26,0
948,269,2025-11-17 04:47:56,CA,mobile,4.93,0
949,1895,2025-12-08 08:18:24,GB,mobile,6.75,0
950,556,2025-12-01 10:55:00,GB,desktop,3.65,0
951,187,2025-11-12 16:14:00,CA,mobile,3.21,0
952,610,2025-11-14 19:36:09,US,mobile,7.76,0
953,1229,2025-12-08 14:32:22,IN,mobile,16.69,0
954,856,2025-11-17 06:08:31,IN,mobile,7.85,0
955,1571,2025-11-13 20:53:59,IN,mobile,23.22,0
956,1222,2025-11-24 11:54:59,IN,desktop,6.7,0
957,802,2025-11-26 17:40:08,DE,desktop,7.53,0
958,1269,2025-11-28 03:51:43,US,desktop,4.08,0
959,1942,2025-11-30 17:36:55,CA,mobile,6.0,0
960,824,2025-12-10 22:24:51,CA,mobile,3.62,0
961,307,2025-12-03 17:53:12,US,desktop,2.92,0
962,818,2025-11-11 17:53:58,CA,mobile,3.66,0
963,1680,2025-11-13 15:00:21,GB,desktop,7.78,0
964,436,2025-11-10 23:27:32,US,tablet,4.75,0
965,1898,2025-11-22 19:48:09,GB,mobile,5.47,0
966,1177,2025-11-21 11:29:49,DE,desktop,9.45,0
967,1203,2025-12-08 23:22:57,CA,mobile,2.92,0
968,634,2025-11-21 22:51:55,DE,mobile,7.76,0
969,1840,2025-11-11 21:18:12,CA,mobile,12.29,0
970,73,2025-12-07 11:35:44,GB,desktop,12.95,0
971,598,2025-11-18 18:37:43,CA,mobile,10.07,0
972,837,2025-12-08 08:17:31,DE,desktop,7.16,1
973,955,2025-12-04 04:50:06,US,desktop,5.08,1
974,948,2025-12-07 09:12:38,US,mobile,7.03,0
975,296,2025-12-05 13:25:51,GB,mobile,19.93,0
976,451,2025-11-15 06:19:17,US,desktop,8.7,0
977,191,2025-11-29 18:04:58,GB,mobile,6.93,0
978,1145,2025-11-23 07:56:53,CA,desktop,10.36,0
979,702,2025-11-29 19:57:08,GB,mobile,7.61,0
980,1131,2025-12-03 08:16:12,DE,tablet,8.46,1
981,1179,2025-11-25 23:55:16,CA,mobile,6.37,0
982,1404,2025-11-20 08:18:45,GB,mobile,5.76,1
983,1094,2025-12-08 10:59:33,DE,desktop,13.43,0
984,1296,2025-11-30 20:45:50,IN,mobile,2.29,0
985,1174,2025-12-07 12:49:24,GB,mobile,9.85,0
986,1305,2025-11-18 01:58:32,CA,mobile,5.55,0
987,1233,2025-12-06 02:46:44,DE,desktop,2.36,0
988,633,2025-11-20 16:05:40,IN,mobile,4.12,0
989,493,2025-11-24 18:46:58,CA,mobile,7.23,0
990,1575,2025-12-06 18:44:31,CA,mobile,7.85,0
991,686,2025-11-21 14:37:47,DE,mobile,11.52,0
992,1098,2025-11-18 11:35:57,CA,tablet,12.0,0
993,394,2025-12-08 10:25:40,GB,mobile,2.92,0
994,863,2025-12-09 21:32:46,GB,mobile,9.27,0
995,1059,2025-11-20 07:12:29,GB,mobile,11.44,0
996,1252,2025-11-20 03:44:22,DE,mobile,8.43,0
997,1053,2025-11-17 19:09:25,CA,tablet,9.99,0
998,721,2025-11-11 16:10:22,DE,mobile,2.32,0
999,1923,2025-11-27 13:18:28,IN,desktop,4.08,0
1000,1025,2025-11-18 14:45:41,DE,mobile,16.77,0
1001,1616,2025-12-06 10:34:20,US,desktop,6.25,0
1002,1473,2025-11-16 02:30:01,GB,mobile,28.05,0
1003,1117,2025-11-30 00:37:46,DE,mobile,3.43,0
1004,1772,2025-11-26 04:08:53,US,mobile,18.88,0
1005,257,2025-11-29 07:49:09,CA,mobile,5.12,1
1006,1842,2025-11-14 08:23:18,US,tablet,12.4,0
1007,1700,2025-11-24 23:09:04,DE,desktop,6.19,0
1008,1007,2025-11-29 17:59:16,DE,mobile,7.92,0
1009,1467,2025-11-21 04:42:38,CA,mobile,10.56,0
1010,1041,2025-12-07 05:09:36,DE,desktop,5.11,0
1011,538,2025-11-26 20:29:51,IN,mobile,11.95,0
1012,1599,2025-11-21 20:14:46,DE,mobile,6.3,0
1013,492,2025-11-11 21:25:23,GB,desktop,8.22,0
1014,629,2025-11-16 00:32:51,IN,mobile,1.51,1
1015,1039,2025-11-25 06:22:43,CA,mobile,6.04,0
1016,1674,2025-11-22 23:15:02,US,mobile,15.77,0
1017,768,2025-12-07 02:43:23,GB,mobile,11.21,0
1018,988,2025-12-04 13:07:44,US,desktop,12.58,0
1019,84,2025-11-15 17:41:28,IN,desktop,7.63,0
1020,232,2025-11-28 17:06:14,DE,tablet,20.2,0
1021,112,2025-11-24 14:24:21,US,mobile,8.79,0
1022,145,2025-11-14 00:03:21,IN,desktop,4.97,0
1023,1737,2025-11-30 22:41:25,IN,tablet,12.34,0
1024,1684,2025-11-27 02:00:27,DE,desktop,12.85,0
1025,1643,2025-11-13 14:12:08,GB,tablet,10.78,0
1026,112,2025-11-25 00:15:15,US,tablet,5.8,0
1027,156,2025-12-02 22:02:00,US,desktop,8.75,0
1028,561,2025-11-20 18:45:12,IN,tablet,17.05,0
1029,1131,2025-11-21 16:11:38,IN,desktop,9.84,0
1030,668,2025-11-14 06:32:54,CA,mobile,3.04,1
1031,975,2025-11-17 02:21:23,IN,tablet,5.07,0
1032,346,2025-12-10 09:38:00,US,desktop,4.93,0
1033,1461,2025-11-29 14:12:29,DE,mobile,4.7,0
1034,628,2025-11-16 05:59:02,US,mobile,2.08,0
1035,134,2025-11-25 10:48:50,GB,mobile,22.97,0
1036,1485,2025-11-16 18:00:27,DE,desktop,4.37,0
1037,1805,2025-11-24 06:00:21,GB,mobile,4.56,0
1038,30,2025-11-15 08:03:08,IN,mobile,2.3,0
1039,873,2025-11-29 12:46:12,IN,mobile,12.43,0
1040,1654,2025-11-28 01:46:18,CA,mobile,7.0,0
1041,1412,2025-11-29 23:18:20,GB,tablet,5.99,0
1042,1713,2025-11-24 06:40:29,CA,mobile,6.18,0
1043,831,2025-11-19 13:08:10,DE,mobile,10.51,0
1044,745,2025-11-18 10:54:50,DE,mobile,5.54,0
1045,1418,2025-11-17 10:08:14,US,desktop,2.24,0
1046,308,2025-11-23 20:25:03,US,desktop,3.4,1
1047,479,2025-11-24 12:17:06,DE,mobile,3.3,0
1048,1202,2025-12-01 04:10:06,IN,mobile,8.72,0
1049,1337,2025-11-12 12:59:08,GB,tablet,12.91,0
1050,240,2025-11-19 10:03:25,CA,desktop,17.81,0
1051,1017,2025-12-06 13:07:21,GB,desktop,2.77,0
1052,730,2025-12-08 10:12:35,IN,mobile,10.72,0
1053,1003,2025-12-08 21:29:06,DE,tablet,5.11,0
1054,1916,2025-11-20 03:48:07,CA,desktop,42.69,0
1055,154,2025-11-15 01:58:01,CA,mobile,16.95,0
1056,1990,2025-11-16 21:55:18,DE,tablet,20.51,0
1057,899,2025-11-14 22:10:56,US,desktop,11.96,1
1058,1544,2025-12-09 14:31:17,US,desktop,9.29,0
1059,849,2025-12-07 11:16:18,DE,desktop,5.8,0
1060,622,2025-12-05 06:50:11,IN,mobile,5.16,0
1061,1541,2025-12-02 20:41:24,US,mobile,4.57,0
1062,1375,2025-11-21 06:17:30,DE,mobile,10.7,0
1063,288,2025-11-25 05:43:41,CA,mobile,18.84,0
1064,1411,2025-12-06 05:03:49,US,mobile,5.97,0
1065,1506,2025-12-05 09:34:37,CA,mobile,4.79,0
1066,776,2025-11-26 12:46:44,GB,tablet,3.03,0
1067,1851,2025-12-06 02:16:38,GB,mobile,8.56,0
1068,1282,2025-11-21 08:53:40,DE,desktop,15.45,0
1069,667,2025-11-23 08:57:14,GB,mobile,15.92,0
1070,22,2025-12-06 03:45:11,US,mobile,16.9,0
1071,1350,2025-11-22 06:15:31,CA,mobile,9.48,0
1072,418,2025-12-03 12:47:29,GB,mobile,7.8,0
1073,1513,2025-11-24 13:35:54,US,mobile,15.95,0
1074,1050,2025-11-19 21:42:09,DE,mobile,3.8,0
1075,933,2025-11-17 12:47:36,GB,desktop,5.67,0
1076,328,2025-11-29 04:02:28,DE,mobile,20.63,0
1077,1423,2025-11-25 08:35:15,US,mobile,3.88,0
1078,332,2025-11-22 01:11:37,IN,mobile,7.24,0
1079,836,2025-12-03 06:18:19,IN,mobile,10.79,0
1080,1672,2025-11-10 23:59:24,CA,mobile,7.76,0
1081,1840,2025-11-13 17:36:43,IN,mobile,14.73,0
1082,1978,2025-12-09 19:44:24,CA,desktop,18.46,0
1083,1916,2025-11-30 20:58:27,GB,desktop,9.85,0
1084,1112,2025-11-27 10:57:56,IN,desktop,17.01,0
1085,401,2025-11-11 09:50:28,CA,desktop,4.23,0
1086,1678,2025-11-28 22:06:15,US,mobile,6.72,1
1087,1603,2025-11-24 00:17:10,CA,mobile,31.28,1
1088,1980,2025-11-28 23:09:16,DE,mobile,23.71,0
1089,1302,2025-11-12 04:45:11,DE,desktop,3.43,0
1090,284,2025-11-27 11:41:40,GB,mobile,7.33,0
1091,1006,2025-11-28 07:17:53,CA,mobile,8.02,0
1092,897,2025-11-19 16:04:02,CA,tablet,9.49,0
1093,1686,2025-11-12 14:28:54,GB,mobile,15.87,0
1094,785,2025-12-10 02:46:03,IN,mobile,22.28,1
1095,657,2025-12-02 05:59:27,US,tablet,7.56,0
1096,161,2025-11-29 14:50:02,GB,mobile,14.49,0
1097,1671,2025-12-03 23:32:13,US,mobile,10.9,0
1098,1510,2025-12-01 02:17:46,IN,mobile,7.3,0
1099,83,2025-11-14 23:59:46,IN,mobile,2.67,0
1100,868,2025-11-24 14:41:00,IN,tablet,13.61,0
1101,959,2025-12-07 15:04:30,DE,desktop,10.62,0
1102,939,2025-11-19 14:29:34,CA,mobile,9.33,0
1103,1837,2025-12-10 03:13:22,US,mobile,4.1,0
1104,302,2025-11-12 21:33:50,GB,mobile,23.94,0
1105,613,2025-11-20 21:21:12,GB,desktop,8.1,0
1106,362,2025-11-21 11:23:54,CA,mobile,3.73,0
1107,488,2025-11-29 11:46:24,US,mobile,3.38,0
1108,1814,2025-11-16 06:01:22,US,desktop,11.09,1
1109,1881,2025-11-17 20:12:51,US,desktop,11.29,1
1110,90,2025-11-30 19:56:10,DE,tablet,5.6,0
1111,1264,2025-11-19 12:10:02,IN,desktop,9.75,0
1112,466,2025-12-07 08:06:56,CA,mobile,11.03,0
1113,385,2025-12-07 01:46:17,GB,desktop,8.04,0
1114,584,2025-11-20 01:12:58,GB,tablet,4.85,0
1115,389,2025-11-27 18:23:44,IN,mobile,13.16,0
1116,980,2025-11-20 22:54:29,US,mobile,12.21,0
1117,1991,2025-11-21 07:32:26,CA,mobile,10.39,0
1118,1173,2025-12-01 01:53:42,CA,tablet,4.48,0
1119,1446,2025-11-19 18:16:58,US,tablet,3.32,0
1120,987,2025-11-15 10:42:29,CA,desktop,7.74,0
1121,28,2025-11-18 17:47:46,IN,mobile,12.91,0
1122,169,2025-12-08 20:25:39,GB,tablet,13.79,0
1123,538,2025-11-18 17:56:43,CA,mobile,10.49,0
1124,488,2025-11-21 21:12:08,IN,mobile,5.64,0
1125,1681,2025-11-29 19:58:53,GB,desktop,4.56,0
1126,1687,2025-11-14 00:05:46,CA,desktop,7.31,1
1127,1708,2025-11-19 00:31:22,DE,desktop,7.36,0
1128,1275,2025-11-16 05:00:18,US,mobile,14.36,1
1129,1112,2025-12-08 16:46:26,DE,mobile,5.54,0
1130,1298,2025-12-08 22:48:35,DE,mobile,5.82,0
1131,814,2025-12-03 15:21:40,GB,mobile,25.36,1
1132,1340,2025-11-18 09:09:31,IN,desktop,18.74,0
1133,1589,2025-11-29 11:03:05,CA,mobile,4.35,0
1134,1526,2025-11-30 20:03:58,US,mobile,17.84,0
1135,1228,2025-12-07 01:11:07,DE,mobile,3.77,0
1136,117,2025-11-15 15:40:18,CA,desktop,5.69,0
1137,1450,2025-12-03 01:20:08,CA,desktop,6.1,1
1138,733,2025-11-16 18:59:09,GB,mobile,7.05,0
1139,1487,2025-11-28 00:41:30,GB,mobile,10.72,0
1140,1079,2025-12-07 08:17:03,CA,tablet,7.88,0
1141,1762,2025-11-12 19:55:31,IN,mobile,10.68,0
1142,677,2025-11-15 09:49:00,IN,mobile,5.81,0
1143,1862,2025-12-05 08:41:12,IN,mobile,9.25,0
1144,1689,2025-11-11 12:43:59,IN,tablet,7.75,0
1145,662,2025-12-01 12:31:25,DE,desktop,3.21,0
1146,965,2025-11-26 00:07:14,IN,mobile,9.87,0
1147,1063,2025-11-21 08:47:14,GB,mobile,7.83,0
1148,1537,2025-12-06 20:23:45,IN,mobile,4.81,0
1149,1378,2025-12-06 10:29:00,DE,mobile,5.73,0
1150,1704,2025-11-20 17:56:46,CA,mobile,5.81,1
1151,740,2025-11-11 02:25:14,IN,mobile,6.38,0
1152,1010,2025-11-14 19:30:34,DE,mobile,21.23,0
1153,862,2025-11-14 04:32:06,IN,mobile,25.9,0
1154,1819,2025-12-10 10:26:20,DE,mobile,1.44,0
1155,610,2025-11-28 20:59:40,GB,mobile,9.9,0
1156,1174,2025-12-01 06:29:04,IN,desktop,13.1,0
1157,241,2025-11-17 21:29:03,US,mobile,6.49,0
1158,1700,2025-12-06 11:43:48,GB,desktop,12.9,1
1159,769,2025-12-02 15:33:17,DE,tablet,19.94,0
1160,681,2025-12-03 12:46:20,US,tablet,3.24,0
1161,1166,2025-11-25 00:22:04,GB,mobile,8.01,0
1162,998,2025-12-01 21:58:01,DE,mobile,23.9,0
1163,1696,2025-11-27 06:56:59,CA,desktop,3.52,0
1164,1063,2025-11-22 12:07:08,IN,mobile,6.9,0
1165,1034,2025-11-28 19:16:05,IN,mobile,5.65,0
1166,210,2025-11-20 16:45:27,IN,mobile,13.89,0
1167,44,2025-12-09 13:16:56,DE,desktop,15.1,0
1168,797,2025-12-02 11:26:34,IN,desktop,8.14,0
1169,1996,2025-12-03 03:18:04,US,mobile,7.53,0
1170,1834,2025-12-02 11:15:58,IN,tablet,2.63,0
1171,1258,2025-11-24 10:02:25,GB,desktop,17.35,0
1172,1262,2025-12-09 11:39:23,DE,mobile,5.98,0
1173,783,2025-11-17 04:53:35,US,mobile,6.78,0
1174,355,2025-11-28 00:40:04,DE,mobile,13.24,0
1175,18,2025-11-13 01:12:39,US,tablet,8.32,0
1176,678,2025-11-19 19:21:35,CA,desktop,13.49,0
1177,633,2025-11-28 04:54:25,DE,desktop,10.61,0
1178,384,2025-11-25 15:41:36,US,desktop,8.35,0
1179,519,2025-12-09 04:52:07,CA,mobile,8.9,0
1180,50,2025-11-29 09:06:24,IN,tablet,3.77,0
1181,1216,2025-11-23 07:29:38,DE,tablet,6.76,0
1182,1854,2025-11-23 18:28:41,US,desktop,14.16,0
1183,1381,2025-11-29 07:34:48,US,mobile,4.31,0
1184,896,2025-12-04 16:50:55,CA,mobile,4.81,0
1185,841,2025-11-19 06:20:06,IN,mobile,4.36,1
1186,615,2025-11-28 12:09:15,DE,mobile,8.1,0
1187,285,2025-11-28 05:02:00,CA,mobile,17.14,0
1188,1197,2025-11-11 06:01:35,IN,desktop,10.26,0
1189,1133,2025-12-08 08:25:42,GB,tablet,2.0,0
1190,15,2025-11-28 01:31:02,CA,mobile,10.9,0
1191,831,2025-11-18 05:31:42,US,mobile,5.67,0
1192,556,2025-11-29 23:25:39,IN,mobile,10.03,0
1193,341,2025-12-01 07:15:30,CA,tablet,6.76,0
1194,1406,2025-12-08 10:13:15,GB,desktop,4.41,0
1195,1052,2025-11-11 23:45:58,GB,mobile,7.08,0
1196,1267,2025-11-23 09:06:44,IN,mobile,5.67,0
1197,1427,2025-11-16 08:56:41,US,mobile,8.89,0
1198,1963,2025-11-28 04:50:58,US,mobile,4.34,1
1199,1605,2025-11-26 00:23:25,GB,mobile,3.76,0
1200,1241,2025-11-25 05:13:51,CA,mobile,11.46,0
1201,1758,2025-12-10 10:17:30,GB,mobile,14.37,1
1202,955,2025-11-26 22:01:31,DE,mobile,10.46,0
1203,1969,2025-11-23 07:09:43,IN,mobile,5.01,0
1204,1523,2025-11-12 23:41:30,DE,desktop,4.74,0
1205,1302,2025-11-19 15:45:02,GB,mobile,4.91,0
1206,1806,2025-12-07 21:16:37,CA,mobile,12.61,1
1207,1030,2025-11-24 12:26:07,GB,tablet,4.5,0
1208,1441,2025-12-08 06:43:46,DE,mobile,12.56,0
1209,570,2025-11-26 22:43:28,CA,desktop,10.83,1
1210,1926,2025-11-27 09:50:08,IN,mobile,15.53,0
1211,1247,2025-11-23 20:44:33,DE,desktop,13.98,1
1212,1564,2025-11-27 15:57:09,US,mobile,10.23,0
1213,922,2025-11-12 23:14:46,IN,mobile,3.06,0
1214,1733,2025-11-12 16:40:23,GB,mobile,10.66,0
1215,149,2025-11-25 05:47:25,CA,desktop,7.92,0
1216,229,2025-11-28 21:45:25,CA,desktop,5.91,0
1217,1014,2025-11-27 11:51:25,DE,desktop,16.73,0
1218,1465,2025-11-23 20:13:19,CA,mobile,6.75,0
1219,1618,2025-11-19 18:55:51,CA,desktop,5.38,0
1220,880,2025-12-02 05:44:39,DE,mobile,14.5,0
1221,1299,2025-11-29 02:37:30,IN,mobile,5.79,0
1222,1106,2025-11-12 09:09:45,GB,mobile,5.22,0
1223,1923,2025-11-24 12:56:54,CA,mobile,3.76,0
1224,1308,2025-12-02 07:04:18,US,desktop,4.52,0
1225,834,2025-12-04 11:50:16,US,mobile,4.76,0
1226,1939,2025-11-19 13:47:46,CA,mobile,10.73,0
1227,215,2025-12-08 17:12:44,US,tablet,4.01,0
1228,1969,2025-11-30 12:27:38,US,desktop,2.42,0
1229,308,2025-11-24 02:21:23,IN,mobile,8.86,0
1230,577,2025-11-29 18:45:48,IN,tablet,5.05,0
1231,1643,2025-12-07 02:43:51,US,mobile,7.32,0
1232,1467,2025-11-17 18:33:31,GB,desktop,15.95,0
1233,1940,2025-11-15 11:29:51,GB,mobile,7.71,0
1234,1500,2025-11-24 04:21:30,GB,mobile,18.28,0
1235,1274,2025-11-13 11:39:31,US,tablet,7.09,0
1236,693,2025-12-06 00:53:19,DE,mobile,13.52,0
1237,10,2025-12-10 01:57:03,IN,desktop,5.32,0
1238,248,2025-11-29 03:15:31,CA,mobile,7.88,0
1239,596,2025-12-10 08:43:28,US,mobile,4.22,1
1240,82,2025-11-13 00:43:27,DE,tablet,4.53,0
1241,1016,2025-11-29 22:39:52,CA,mobile,6.46,0
1242,1554,2025-11-24 06:07:37,IN,desktop,3.33,0
1243,1926,2025-11-19 06:56:10,DE,desktop,8.13,0
1244,979,2025-11-20 07:42:29,IN,mobile,6.16,0
1245,1750,2025-11-27 07:45:43,IN,mobile,8.51,0
1246,1971,2025-11-30 05:13:03,CA,mobile,3.36,0
1247,1719,2025-11-15 21:19:10,IN,mobile,11.26,0
1248,930,2025-11-29 09:43:07,IN,mobile,20.46,0
1249,651,2025-12-08 18:20:34,CA,mobile,18.03,0
1250,1955,2025-11-11 06:43:09,IN,desktop,23.16,0
1251,484,2025-12-07 07:39:03,US,mobile,7.58,0
1252,823,2025-11-29 04:46:24,DE,desktop,5.98,0
1253,148,2025-11-21 05:37:50,DE,mobile,9.9,0
1254,1587,2025-12-03 00:19:28,GB,mobile,6.4,0
1255,1300,2025-11-29 12:02:22,DE,mobile,2.6,0
1256,170,2025-12-04 00:43:06,US,mobile,12.08,0
1257,444,2025-11-13 09:45:38,GB,desktop,6.42,0
1258,1111,2025-11-12 17:41:43,CA,mobile,3.06,0
1259,1081,2025-11-30 05:28:59,DE,desktop,5.45,0
1260,1604,2025-11-20 01:52:00,DE,desktop,6.51,0
1261,532,2025-11-18 02:47:16,DE,mobile,7.44,0
1262,1849,2025-11-23 14:32:59,US,desktop,7.5,1
1263,889,2025-12-02 17:23:14,CA,tablet,16.8,0
1264,1645,2025-11-16 08:40:06,GB,mobile,3.41,0
1265,477,2025-12-10 03:55:59,DE,tablet,6.74,0
1266,74,2025-11-23 14:09:40,CA,mobile,4.36,0
1267,111,2025-11-15 11:39:00,GB,desktop,15.7,0
1268,746,2025-11-13 02:26:45,DE,mobile,5.28,1
1269,1906,2025-12-06 16:27:44,US,desktop,6.01,0
1270,98,2025-11-14 08:44:57,DE,desktop,13.87,0
1271,738,2025-11-23 12:53:09,IN,tablet,16.36,0
1272,219,2025-12-01 00:41:34,US,tablet,17.88,0
1273,1863,2025-11-26 08:39:43,DE,mobile,2.76,0
1274,1350,2025-11-18 20:17:05,CA,desktop,9.87,0
1275,1525,2025-11-14 04:56:27,US,mobile,8.69,0
1276,1426,2025-12-02 07:26:41,CA,mobile,7.17,0
1277,1314,2025-11-25 16:14:26,CA,mobile,7.69,0
1278,1547,2025-11-12 09:52:15,IN,tablet,15.98,0
1279,17,2025-11-16 09:41:43,CA,desktop,13.78,1
1280,1731,2025-11-27 20:22:44,GB,mobile,12.66,0
1281,1479,2025-11-16 00:28:12,DE,tablet,8.37,1
1282,1479,2025-11-22 17:04:32,DE,desktop,28.86,1
1283,787,2025-11-14 16:53:19,IN,mobile,5.81,1
1284,1601,2025-12-04 21:03:07,CA,mobile,2.8,0
1285,764,2025-11-29 21:07:39,CA,desktop,6.3,0
1286,98,2025-12-04 11:40:40,DE,desktop,7.65,0
1287,1815,2025-11-12 12:59:50,IN,mobile,16.15,1
1288,469,2025-11-22 05:38:08,CA,mobile,5.44,0
1289,204,2025-11-18 23:54:59,IN,mobile,9.92,0
1290,1244,2025-11-29 15:35:12,DE,mobile,3.05,0
1291,468,2025-12-05 14:42:34,US,mobile,14.14,0
1292,1716,2025-11-17 19:04:04,GB,mobile,7.7,0
1293,888,2025-12-04 01:26:29,CA,mobile,6.24,0
1294,9,2025-11-28 09:07:32,IN,desktop,26.55,0
1295,1903,2025-12-05 16:33:17,IN,mobile,14.04,0
1296,1029,2025-11-13 09:44:36,CA,mobile,3.96,0
1297,526,2025-12-10 16:41:49,GB,mobile,6.92,0
1298,1354,2025-11-24 00:08:52,GB,tablet,38.16,0
1299,1061,2025-11-19 08:53:30,US,mobile,24.22,1
1300,60,2025-11-16 10:47:48,GB,mobile,12.86,0
1301,1519,2025-12-10 12:22:07,IN,mobile,2.44,0
1302,803,2025-12-07 11:16:02,DE,desktop,16.43,0
1303,1399,2025-11-14 21:41:27,GB,mobile,5.05,0
1304,1791,2025-11-24 07:33:40,IN,mobile,16.35,0
1305,1221,2025-12-02 23:22:45,GB,desktop,4.79,0
1306,1343,2025-11-28 16:35:23,CA,desktop,9.91,0
1307,510,2025-11-16 15:20:15,IN,mobile,5.03,0
1308,476,2025-11-21 18:42:27,US,mobile,5.94,0
1309,830,2025-11-22 00:17:29,DE,tablet,10.73,0
1310,1705,2025-11-19 15:07:34,GB,tablet,3.35,1
1311,1048,2025-12-09 18:56:16,CA,desktop,30.68,0
1312,696,2025-11-17 01:20:06,GB,desktop,3.99,0
1313,1559,2025-12-02 03:59:31,CA,desktop,3.86,0
1314,1706,2025-12-08 07:46:49,DE,tablet,10.75,0
1315,1805,2025-12-04 19:29:54,US,mobile,16.04,0
1316,598,2025-12-04 22:50:53,DE,tablet,6.08,0
1317,1419,2025-11-15 17:34:35,DE,desktop,3.88,0
1318,1181,2025-11-14 23:10:50,IN,mobile,4.25,0
1319,898,2025-12-04 10:56:05,US,mobile,3.98,0
1320,794,2025-12-03 08:52:28,IN,mobile,8.89,0
1321,229,2025-12-03 05:23:46,DE,desktop,7.09,0
1322,550,2025-11-23 12:34:29,US,desktop,9.54,1
1323,1099,2025-11-26 16:06:44,GB,mobile,9.2,0
1324,1773,2025-11-11 10:19:06,DE,desktop,12.12,0
1325,1732,2025-11-19 16:46:23,IN,mobile,5.78,0
1326,375,2025-11-26 19:39:26,CA,mobile,4.74,0
1327,1358,2025-11-14 17:45:14,GB,mobile,8.12,0
1328,170,2025-11-14 20:51:58,DE,desktop,7.15,0
1329,1350,2025-11-12 07:47:12,IN,mobile,8.6,0
1330,684,2025-11-17 06:23:07,GB,mobile,4.82,0
1331,900,2025-12-10 18:06:15,CA,mobile,10.86,0
1332,1435,2025-12-01 20:22:56,DE,desktop,3.64,0
1333,850,2025-12-09 09:58:34,IN,tablet,5.67,1
1334,1615,2025-11-18 16:22:30,GB,desktop,14.55,0
1335,1067,2025-11-28 22:24:16,CA,desktop,3.75,0
1336,1997,2025-12-07 17:23:32,US,mobile,13.88,0
1337,1276,2025-11-21 12:41:41,US,mobile,3.17,0
1338,593,2025-11-30 16:23:42,US,desktop,2.85,0
1339,1550,2025-12-01 18:04:24,DE,mobile,3.02,0
1340,816,2025-12-05 22:28:36,US,mobile,7.93,0
1341,1068,2025-12-10 01:15:27,DE,mobile,11.45,0
1342,274,2025-11-29 10:10:09,US,desktop,16.05,0
1343,239,2025-11-28 10:39:25,DE,mobile,15.3,0
1344,1150,2025-12-07 00:48:16,DE,mobile,12.4,0
1345,374,2025-12-01 12:05:22,CA,desktop,4.49,0
1346,1995,2025-11-21 19:38:44,GB,mobile,4.46,0
1347,1711,2025-11-29 20:55:57,US,mobile,11.85,0
1348,1402,2025-11-27 10:36:50,DE,desktop,17.34,0
1349,1469,2025-11-17 19:56:15,IN,tablet,3.98,0
1350,1190,2025-11-26 10:40:25,CA,mobile,16.06,0
1351,121,2025-11-29 16:12:02,US,mobile,2.33,0
1352,785,2025-12-08 01:57:43,IN,mobile,9.34,0
1353,992,2025-11-28 09:10:22,US,mobile,6.94,0
1354,1830,2025-11-15 21:58:18,IN,desktop,6.54,0
1355,439,2025-12-10 14:20:14,US,desktop,7.53,0
1356,994,2025-11-28 07:26:11,DE,mobile,4.43,1
1357,688,2025-11-19 13:56:54,DE,desktop,9.66,0
1358,269,2025-12-03 14:25:23,US,mobile,7.66,0
1359,206,2025-11-22 12:13:07,IN,mobile,12.95,0
1360,731,2025-11-22 01:40:06,IN,tablet,19.19,1
1361,165,2025-12-06 03:37:40,DE,mobile,7.97,0
1362,135,2025-12-06 23:53:29,IN,mobile,4.52,0
1363,702,2025-11-26 16:27:33,IN,desktop,3.73,0
1364,404,2025-11-22 03:48:12,CA,mobile,20.47,0
1365,1110,2025-12-06 20:47:29,IN,mobile,18.96,0
1366,36,2025-11-16 04:00:54,CA,mobile,12.58,0
1367,604,2025-12-03 09:12:51,CA,mobile,7.66,0
1368,907,2025-11-28 11:44:51,CA,mobile,12.05,1
1369,1926,2025-12-06 14:09:13,CA,mobile,16.16,0
1370,1269,2025-11-23 14:02:30,DE,mobile,5.1,0
1371,1761,2025-12-05 22:17:30,IN,mobile,7.52,0
1372,687,2025-11-11 10:10:10,IN,desktop,3.8,0
1373,899,2025-12-03 17:11:07,GB,desktop,6.84,0
1374,841,2025-11-13 01:30:59,CA,desktop,18.66,0
1375,1774,2025-11-30 05:45:45,DE,desktop,14.11,0
1376,1918,2025-11-16 19:49:56,CA,desktop,8.01,0
1377,1924,2025-12-09 20:55:48,DE,mobile,1.47,1
1378,1504,2025-12-04 01:09:01,IN,mobile,4.99,0
1379,1006,2025-11-14 02:33:24,GB,mobile,7.86,0
1380,1082,2025-12-07 17:30:04,CA,mobile,6.49,0
1381,1961,2025-11-18 12:37:51,DE,tablet,7.54,1
1382,569,2025-11-27 08:05:39,CA,mobile,8.55,0
1383,694,2025-11-13 12:37:48,IN,desktop,5.36,0
1384,1794,2025-11-14 03:14:23,IN,mobile,7.36,0
1385,773,2025-11-18 04:58:45,US,mobile,6.76,0
1386,470,2025-11-27 00:00:51,US,mobile,4.85,0
1387,1121,2025-11-27 06:07:02,DE,mobile,22.37,0
1388,651,2025-12-06 15:16:07,GB,mobile,5.55,0
1389,1781,2025-11-15 22:08:00,US,desktop,1.91,0
1390,1818,2025-12-03 10:51:24,DE,mobile,21.54,1
1391,612,2025-11-11 03:27:59,DE,desktop,4.45,0
1392,1059,2025-11-19 16:49:24,US,tablet,12.68,0
1393,1968,2025-11-16 05:14:26,IN,mobile,4.91,0
1394,1484,2025-11-14 16:26:02,IN,tablet,10.4,0
1395,432,2025-11-28 12:05:25,US,mobile,7.18,0
1396,1181,2025-12-07 23:43:24,DE,mobile,13.47,0
1397,1240,2025-11-30 23:27:21,GB,mobile,6.5,0
1398,1307,2025-12-06 14:10:36,CA,mobile,4.99,0
1399,50,2025-11-28 17:04:18,US,mobile,8.62,0
1400,599,2025-11-12 13:54:28,CA,mobile,5.87,0
1401,1709,2025-11-21 08:20:39,US,desktop,2.32,0
1402,483,2025-12-05 16:16:42,DE,mobile,5.15,0
1403,600,2025-11-12 07:03:48,DE,desktop,41.32,0
1404,645,2025-11-13 21:13:33,IN,mobile,2.48,0
1405,355,2025-12-05 23:34:13,GB,mobile,8.54,0
1406,311,2025-11-12 20:47:49,US,mobile,6.39,0
1407,694,2025-12-09 18:01:57,GB,mobile,22.24,1
1408,1748,2025-12-03 17:25:31,DE,mobile,3.79,0
1409,4,2025-11-30 22:06:57,DE,desktop,7.85,0
1410,567,2025-11-27 01:22:35,US,mobile,11.15,0
1411,122,2025-11-13 15:33:27,US,mobile,6.64,0
1412,1123,2025-11-23 09:42:26,IN,desktop,4.66,0
1413,501,2025-12-05 04:49:04,IN,desktop,7.29,0
1414,1584,2025-12-08 02:00:48,CA,tablet,6.14,0
1415,1170,2025-11-24 09:03:34,DE,mobile,6.13,0
1416,1567,2025-12-06 03:31:52,IN,desktop,12.92,0
1417,1270,2025-12-04 06:22:52,IN,mobile,9.41,0
1418,877,2025-11-12 16:43:18,DE,desktop,10.29,0
1419,1722,2025-11-29 13:45:31,IN,mobile,9.01,0
1420,953,2025-11-29 10:48:56,DE,mobile,13.14,0
1421,1899,2025-11-27 06:06:20,US,tablet,16.16,0
1422,1989,2025-12-04 03:15:55,CA,desktop,6.22,0
1423,1178,2025-12-07 15:40:18,CA,desktop,12.08,0
1424,1349,2025-11-27 11:35:09,IN,mobile,3.39,0
1425,512,2025-11-20 13:54:41,IN,desktop,1.91,0
1426,1629,2025-12-10 10:59:48,IN,mobile,22.11,0
1427,1343,2025-12-09 21:02:42,CA,mobile,6.05,0
1428,1805,2025-12-01 13:11:13,US,mobile,8.6,0
1429,534,2025-11-30 04:29:28,GB,mobile,3.54,1
1430,1575,2025-11-14 02:12:56,DE,mobile,3.45,1
1431,941,2025-11-23 00:23:46,DE,desktop,4.82,0
1432,371,2025-11-16 22:00:26,GB,mobile,10.87,0
1433,343,2025-11-26 09:57:22,US,desktop,5.42,0
1434,1124,2025-12-05 18:07:46,IN,tablet,6.04,0
1435,639,2025-11-17 16:53:40,DE,mobile,4.73,0
1436,204,2025-12-10 20:53:51,DE,desktop,14.87,0
1437,854,2025-11-14 20:29:39,US,mobile,12.44,0
1438,1306,2025-11-13 22:02:13,US,tablet,5.53,1
1439,638,2025-12-10 04:51:09,GB,mobile,11.14,1
1440,1910,2025-11-13 23:28:11,IN,mobile,6.38,0
1441,1559,2025-12-03 00:33:54,US,mobile,6.03,0
1442,1025,2025-12-03 20:52:17,US,tablet,7.17,0
1443,1869,2025-11-20 20:54:39,IN,mobile,10.87,0
1444,866,2025-11-12 21:34:04,GB,desktop,4.33,0
1445,280,2025-11-20 05:20:29,DE,mobile,9.99,0
1446,72,2025-11-13 00:35:45,US,desktop,33.07,0
1447,1876,2025-12-01 03:14:45,CA,mobile,8.25,0
1448,1919,2025-12-07 15:10:50,US,mobile,7.55,0
1449,1478,2025-12-10 21:08:01,IN,mobile,7.03,0
1450,206,2025-12-04 23:33:23,CA,mobile,9.84,1
1451,588,2025-12-04 04:58:08,DE,desktop,2.81,0
1452,83,2025-12-07 09:57:29,CA,desktop,20.5,0
1453,103,2025-12-04 01:32:30,US,mobile,13.31,0
1454,492,2025-11-30 11:36:08,DE,mobile,5.02,0
1455,1144,2025-12-10 20:32:08,US,mobile,7.53,0
1456,131,2025-11-20 15:27:32,DE,desktop,5.29,0
1457,1969,2025-11-23 08:25:16,GB,desktop,8.84,0
1458,910,2025-12-08 03:46:41,DE,desktop,7.67,0
1459,528,2025-11-20 07:10:11,US,desktop,8.48,0
1460,1032,2025-11-19 22:18:49,CA,mobile,3.99,0
1461,1580,2025-11-15 12:44:01,IN,mobile,5.53,0
1462,625,2025-11-19 05:36:02,IN,desktop,14.7,0
1463,95,2025-11-28 18:39:21,IN,mobile,5.36,0
1464,102,2025-12-07 13:26:27,US,mobile,1.51,1
1465,1704,2025-11-15 01:20:32,GB,mobile,6.75,0
1466,224,2025-12-01 09:25:30,DE,desktop,31.4,0
1467,1271,2025-12-03 22:59:50,CA,desktop,12.3,0
1468,769,2025-12-07 20:07:00,CA,tablet,5.2,0
1469,1555,2025-12-03 11:16:02,IN,mobile,7.17,0
1470,121,2025-11-15 15:28:54,GB,mobile,11.11,0
1471,1795,2025-11-25 15:15:00,IN,mobile,2.58,0
1472,1396,2025-12-09 12:53:11,IN,desktop,4.42,0
1473,899,2025-12-08 05:17:22,GB,mobile,9.38,0
1474,414,2025-11-29 08:24:25,GB,tablet,19.23,0
1475,1954,2025-12-09 20:43:46,CA,mobile,5.68,0
1476,604,2025-12-01 00:13:04,GB,desktop,18.92,0
1477,981,2025-11-12 21:57:14,US,desktop,4.7,0
1478,788,2025-12-08 09:21:23,DE,mobile,0.97,0
1479,461,2025-11-16 00:17:52,DE,desktop,11.55,0
1480,833,2025-11-22 09:22:29,GB,mobile,10.22,0
1481,303,2025-11-18 02:39:57,DE,desktop,11.49,0
1482,4,2025-12-02 13:19:36,CA,desktop,11.23,0
1483,580,2025-11-11 20:49:21,CA,mobile,8.29,0
1484,225,2025-11-30 04:16:40,DE,mobile,6.33,0
1485,830,2025-12-06 21:35:14,IN,tablet,6.47,0
1486,1725,2025-12-04 14:24:53,US,tablet,5.61,0
1487,325,2025-11-20 04:15:58,IN,desktop,5.81,0
1488,3,2025-12-07 21:01:53,CA,tablet,2.49,0
1489,223,2025-11-21 19:54:07,CA,mobile,3.57,0
1490,1016,2025-12-01 08:52:35,DE,mobile,6.7,0
1491,550,2025-11-26 04:02:10,CA,mobile,1.93,0
1492,979,2025-11-12 23:55:59,IN,mobile,2.22,0
1493,59,2025-11-11 01:20:47,US,mobile,6.05,0
1494,666,2025-11-16 11:05:37,IN,desktop,6.84,0
1495,820,2025-12-09 00:10:59,GB,mobile,6.12,0
1496,863,2025-12-09 14:05:49,CA,mobile,1.77,0
1497,1102,2025-11-23 06:30:31,DE,desktop,18.75,0
1498,1561,2025-12-10 00:39:40,IN,desktop,3.12,0
1499,934,2025-11-12 10:50:27,GB,tablet,4.52,0
1500,1682,2025-12-09 23:46:13,US,mobile,3.47,0
1501,1059,2025-11-17 21:29:32,US,desktop,16.11,0
1502,521,2025-11-12 01:43:42,GB,mobile,9.51,0
1503,458,2025-12-03 16:53:50,GB,mobile,5.56,0
1504,645,2025-11-22 10:35:43,GB,desktop,5.33,0
1505,1195,2025-11-19 17:42:42,CA,mobile,8.23,0
1506,485,2025-12-03 18:11:49,DE,desktop,3.5,0
1507,1828,2025-11-20 23:02:12,IN,mobile,9.29,0
1508,960,2025-12-03 13:18:38,US,mobile,5.32,0
1509,1726,2025-11-16 19:48:32,CA,mobile,10.09,0
1510,1366,2025-11-13 13:05:13,DE,mobile,9.89,0
1511,667,2025-11-20 17:10:33,IN,mobile,5.17,0
1512,457,2025-11-29 06:03:53,IN,mobile,2.16,0
1513,1488,2025-11-17 17:13:00,IN,mobile,6.37,0
1514,662,2025-11-15 06:05:56,CA,desktop,3.1,1
1515,494,2025-12-03 10:37:15,DE,mobile,7.75,0
1516,1860,2025-11-25 18:20:36,IN,desktop,6.33,0
1517,965,2025-11-23 21:52:53,DE,mobile,5.19,0
1518,98,2025-11-18 03:48:23,CA,mobile,3.4,0
1519,990,2025-11-11 11:58:24,GB,mobile,15.06,0
1520,922,2025-11-12 13:30:31,CA,desktop,5.63,0
1521,1728,2025-12-01 09:54:34,DE,desktop,30.33,0
1522,1423,2025-11-13 08:50:48,US,mobile,7.55,0
1523,383,2025-11-18 09:01:15,CA,desktop,9.12,0
1524,301,2025-12-08 07:04:32,DE,mobile,7.56,0
1525,1207,2025-11-21 06:53:43,GB,mobile,9.07,0
1526,95,2025-12-03 07:22:40,GB,mobile,14.23,0
1527,638,2025-11-21 06:25:30,CA,mobile,14.33,0
1528,277,2025-12-08 22:08:45,CA,mobile,2.56,0
1529,42,2025-12-05 14:58:24,US,mobile,12.35,0
1530,1837,2025-11-25 01:37:31,DE,mobile,9.96,0
1531,180,2025-12-01 12:00:25,US,mobile,7.55,0
1532,19,2025-11-23 08:48:12,GB,mobile,20.65,0
1533,1865,2025-12-09 07:12:19,IN,desktop,21.15,0
1534,377,2025-11-21 17:17:09,GB,desktop,12.71,0
1535,1633,2025-12-06 01:28:56,IN,mobile,5.33,0
1536,63,2025-11-29 10:58:25,IN,mobile,3.61,0
1537,307,2025-11-30 06:41:12,IN,mobile,11.62,0
1538,222,2025-11-21 12:21:19,CA,desktop,16.71,0
1539,1412,2025-12-05 22:54:04,US,mobile,2.19,0
1540,1240,2025-12-03 08:32:58,DE,mobile,14.18,0
1541,951,2025-12-05 10:14:34,GB,tablet,6.34,0
1542,484,2025-12-05 00:10:52,US,mobile,2.5,0
1543,178,2025-11-15 16:42:38,IN,mobile,9.79,0
1544,1138,2025-12-07 05:50:27,GB,desktop,12.75,0
1545,462,2025-12-06 05:21:36,US,tablet,5.98,1
1546,1180,2025-11-18 06:02:58,IN,mobile,3.92,0
1547,1375,2025-12-10 10:01:20,CA,mobile,20.64,0
1548,1699,2025-11-26 18:41:19,IN,mobile,4.95,0
1549,988,2025-11-20 15:00:35,DE,mobile,14.82,0
1550,10,2025-11-17 16:06:46,US,mobile,2.98,0
1551,562,2025-11-21 21:49:42,US,mobile,9.48,1
1552,1706,2025-11-12 02:16:22,GB,desktop,9.32,0
1553,1066,2025-12-01 16:32:26,DE,desktop,12.48,0
1554,1238,2025-12-02 04:52:01,CA,tablet,18.1,0
1555,916,2025-12-01 00:01:58,US,desktop,4.53,0
1556,326,2025-11-27 10:29:57,IN,mobile,10.1,0
1557,1793,2025-11-21 20:24:30,GB,mobile,3.25,0
1558,1546,2025-12-02 16:27:37,DE,mobile,3.23,0
1559,1990,2025-12-07 02:37:41,GB,mobile,5.22,0
1560,1711,2025-11-13 14:19:16,IN,mobile,9.45,1
1561,582,2025-11-22 10:54:24,CA,desktop,20.21,0
1562,509,2025-12-10 20:00:41,IN,mobile,22.54,0
1563,497,2025-12-06 19:51:01,DE,mobile,5.97,0
1564,1837,2025-12-10 19:09:49,DE,mobile,8.88,0
1565,1114,2025-11-16 11:12:15,IN,tablet,13.01,0
1566,909,2025-11-24 22:01:57,GB,desktop,11.7,0
1567,1936,2025-11-14 21:05:17,CA,mobile,6.67,0
1568,1207,2025-12-06 22:47:42,GB,mobile,7.73,0
1569,1818,2025-11-26 12:46:53,CA,tablet,6.92,0
1570,1969,2025-11-18 06:36:07,CA,mobile,6.52,0
1571,159,2025-11-13 16:15:57,IN,desktop,6.02,0
1572,723,2025-12-03 02:16:49,CA,desktop,6.88,0
1573,1468,2025-12-05 07:45:37,DE,desktop,5.79,0
1574,1626,2025-12-07 08:16:31,DE,mobile,3.74,0
1575,297,2025-12-10 02:37:29,US,tablet,12.4,0
1576,637,2025-12-05 09:47:32,US,mobile,10.07,0
1577,1096,2025-12-04 13:22:50,US,mobile,22.78,0
1578,1598,2025-12-05 07:42:36,US,mobile,9.22,1
1579,226,2025-12-10 22:17:47,CA,mobile,5.75,0
1580,1201,2025-11-24 20:36:43,US,mobile,5.07,0
1581,593,2025-12-03 17:24:29,US,desktop,7.6,0
1582,433,2025-12-05 13:37:31,CA,desktop,10.3,0
1583,1031,2025-11-14 10:57:18,GB,mobile,6.38,0
1584,828,2025-12-01 16:32:24,CA,desktop,3.06,1
1585,1271,2025-11-21 03:11:33,CA,tablet,4.74,0
1586,635,2025-11-14 22:35:52,IN,mobile,7.47,0
1587,1646,2025-11-16 01:53:41,CA,desktop,11.52,0
1588,157,2025-11-14 09:26:43,CA,tablet,3.03,0
1589,1723,2025-12-07 21:36:33,US,desktop,8.66,0
1590,60,2025-12-04 03:01:00,US,mobile,8.44,0
1591,1472,2025-11-14 00:46:48,GB,desktop,5.64,0
1592,693,2025-11-29 17:34:00,IN,desktop,5.2,0
1593,767,2025-11-30 18:44:31,DE,mobile,4.75,0
1594,39,2025-11-26 13:11:00,US,mobile,8.04,0
1595,1404,2025-11-29 03:37:53,US,mobile,14.53,0
1596,331,2025-12-08 04:27:40,GB,mobile,15.16,0
1597,1318,2025-11-26 12:48:24,GB,mobile,3.76,0
1598,1450,2025-11-30 18:08:16,CA,mobile,6.6,0
1599,1690,2025-11-28 02:25:24,GB,desktop,1.98,0
1600,1416,2025-11-22 20:27:30,CA,desktop,7.89,0
1601,603,2025-12-07 16:38:54,US,mobile,10.58,0
1602,1477,2025-11-23 09:15:49,US,mobile,18.96,0
1603,1652,2025-12-04 23:11:51,CA,mobile,2.53,0
1604,634,2025-11-29 03:00:31,GB,mobile,3.85,0
1605,249,2025-12-01 12:24:04,US,desktop,8.06,1
1606,1780,2025-12-03 18:37:51,IN,mobile,2.8,0
1607,296,2025-12-03 01:06:29,US,tablet,8.19,0
1608,1188,2025-11-27 21:34:01,US,mobile,10.74,0
1609,473,2025-11-29 10:22:54,IN,mobile,3.43,0
1610,252,2025-11-26 05:32:26,IN,desktop,8.0,0
1611,1553,2025-11-21 03:24:27,IN,mobile,3.57,0
1612,288,2025-12-02 18:36:04,IN,mobile,16.87,0
1613,1340,2025-12-07 08:01:37,US,mobile,8.36,0
1614,1386,2025-12-02 03:01:23,GB,desktop,5.03,0
1615,121,2025-12-04 03:11:40,GB,mobile,3.52,0
1616,346,2025-12-05 21:04:57,GB,desktop,9.33,0
1617,1588,2025-11-21 23:43:57,IN,desktop,16.69,0
1618,1015,2025-11-12 20:16:12,GB,desktop,4.65,0
1619,243,2025-11-21 02:17:03,DE,desktop,5.68,0
1620,1983,2025-12-03 14:47:53,CA,desktop,4.71,0
1621,530,2025-12-05 10:33:06,DE,desktop,18.79,0
1622,9,2025-11-26 09:08:25,GB,mobile,2.35,0
1623,1848,2025-12-04 07:49:02,IN,desktop,15.98,0
1624,34,2025-11-13 05:00:42,IN,desktop,5.89,0
1625,1107,2025-11-30 07:00:13,DE,mobile,7.08,0
1626,1986,2025-12-01 08:07:11,GB,desktop,6.02,0
1627,1156,2025-11-26 04:52:39,US,mobile,8.53,0
1628,1169,2025-12-02 11:08:30,DE,mobile,4.77,0
1629,776,2025-11-25 17:05:21,DE,mobile,13.94,0
1630,254,2025-11-26 16:14:39,US,mobile,14.29,0
1631,1145,2025-11-29 02:05:18,DE,mobile,4.1,0
1632,1794,2025-12-04 18:46:04,US,mobile,11.03,0
1633,183,2025-11-18 10:18:02,DE,mobile,5.97,0
1634,1760,2025-11-19 23:24:41,DE,mobile,7.62,0
1635,830,2025-11-23 12:47:59,US,mobile,18.45,0
1636,1072,2025-11-17 00:36:21,DE,mobile,4.93,0
1637,331,2025-11-20 23:52:25,US,tablet,12.88,1
1638,1243,2025-11-21 11:45:40,GB,desktop,9.72,0
1639,365,2025-11-20 09:29:00,DE,mobile,6.58,0
1640,547,2025-11-23 06:28:08,GB,mobile,9.21,0
1641,1443,2025-11-26 02:40:34,CA,mobile,8.58,0
1642,101,2025-12-01 20:18:17,CA,mobile,3.69,0
1643,894,2025-11-20 01:20:58,CA,mobile,5.13,1
1644,1189,2025-12-06 08:00:25,US,desktop,3.95,0
1645,264,2025-11-25 08:25:13,US,desktop,6.26,0
1646,590,2025-12-02 14:17:37,US,mobile,16.56,1
1647,687,2025-11-14 09:53:37,IN,desktop,10.47,0
1648,1327,2025-11-16 04:30:13,IN,mobile,3.13,0
1649,1953,2025-11-24 13:47:56,DE,desktop,6.27,1
1650,1672,2025-11-21 22:54:32,GB,tablet,8.5,0
1651,380,2025-11-25 20:26:26,US,mobile,11.55,1
1652,37,2025-11-15 17:17:26,DE,desktop,5.0,0
1653,104,2025-11-25 04:13:51,DE,desktop,3.52,0
1654,1191,2025-12-01 13:40:27,DE,mobile,7.14,0
1655,313,2025-12-02 19:43:13,GB,mobile,10.4,0
1656,463,2025-11-18 09:54:59,IN,desktop,8.51,0
1657,1694,2025-11-21 07:13:21,CA,mobile,4.35,0
1658,1747,2025-11-26 17:30:40,DE,mobile,21.17,0
1659,1678,2025-11-26 12:10:36,CA,desktop,6.96,0
1660,508,2025-12-04 17:21:00,IN,mobile,8.3,0
1661,1239,2025-11-22 16:14:29,US,mobile,4.97,0
1662,1221,2025-12-01 02:18:32,DE,tablet,14.35,1
1663,371,2025-12-07 11:32:09,IN,mobile,10.41,0
1664,1107,2025-11-19 22:03:43,US,mobile,8.92,0
1665,1050,2025-12-05 15:46:22,US,desktop,3.7,0
1666,792,2025-11-20 22:53:48,GB,mobile,14.25,0
1667,1503,2025-11-20 23:59:43,US,desktop,11.64,0
1668,1355,2025-11-30 13:39:18,DE,desktop,13.58,0
1669,1065,2025-11-29 14:55:07,DE,mobile,7.56,0
1670,1451,2025-11-27 10:50:58,GB,mobile,7.06,0
1671,1526,2025-11-17 21:42:57,US,tablet,6.62,1
1672,1134,2025-11-13 20:38:09,US,tablet,29.0,0
1673,536,2025-12-08 05:40:23,CA,mobile,5.34,0
1674,1517,2025-12-07 04:30:24,GB,mobile,3.63,1
1675,1435,2025-12-07 13:38:09,US,mobile,5.91,0
1676,1966,2025-11-26 08:18:51,DE,tablet,5.37,0
1677,300,2025-12-07 12:06:01,CA,desktop,15.74,0
1678,839,2025-11-25 04:03:09,US,mobile,3.28,0
1679,1848,2025-11-13 05:35:37,CA,desktop,5.28,0
1680,1029,2025-11-16 22:06:32,DE,mobile,8.28,0
1681,1885,2025-11-19 03:30:23,GB,mobile,15.82,0
1682,25,2025-11-22 06:40:05,DE,desktop,11.33,0
1683,71,2025-12-09 03:21:05,IN,mobile,19.52,1
1684,1592,2025-11-20 22:52:00,DE,desktop,9.09,1
1685,717,2025-11-29 08:19:01,US,mobile,6.54,0
1686,1040,2025-11-19 02:09:44,GB,desktop,12.35,1
1687,856,2025-11-30 06:23:23,DE,tablet,3.25,1
1688,816,2025-11-27 23:45:55,CA,mobile,2.65,0
1689,1879,2025-11-15 11:32:30,US,mobile,13.27,0
1690,189,2025-11-24 20:04:15,GB,desktop,8.38,0
1691,1544,2025-11-14 03:07:03,DE,mobile,13.18,0
1692,1779,2025-12-07 15:27:18,CA,desktop,4.43,0
1693,1315,2025-12-02 02:12:25,DE,mobile,15.97,0
1694,790,2025-12-09 05:00:01,DE,mobile,11.05,0
1695,320,2025-12-07 05:40:48,GB,desktop,7.25,0
1696,1365,2025-11-17 13:15:13,US,mobile,8.37,0
1697,938,2025-12-02 04:26:09,DE,mobile,9.1,0
1698,299,2025-11-13 23:18:31,DE,mobile,4.42,0
1699,719,2025-12-09 18:51:52,IN,desktop,5.86,0
1700,1923,2025-12-04 12:40:32,IN,tablet,9.01,0
1701,531,2025-12-01 09:10:45,GB,mobile,5.73,0
1702,357,2025-12-10 19:31:58,IN,mobile,3.06,0
1703,1364,2025-12-06 09:00:23,GB,mobile,8.82,0
1704,399,2025-12-06 21:01:29,IN,desktop,12.2,0
1705,1839,2025-11-13 23:19:27,US,mobile,14.03,0
1706,1718,2025-11-11 16:17:41,DE,mobile,10.17,0
1707,1967,2025-12-09 19:13:53,GB,mobile,12.07,0
1708,1825,2025-11-18 12:08:33,DE,mobile,13.36,1
1709,488,2025-11-23 18:14:28,IN,desktop,7.75,0
1710,425,2025-11-12 06:26:21,CA,mobile,2.07,0
1711,685,2025-11-29 15:50:19,GB,mobile,14.82,0
1712,940,2025-12-05 14:11:38,GB,mobile,4.32,0
1713,1760,2025-12-06 05:17:23,GB,mobile,3.75,1
1714,1467,2025-11-28 09:50:44,DE,mobile,3.81,0
1715,1289,2025-11-30 19:23:15,US,mobile,32.81,0
1716,1756,2025-11-26 09:06:36,DE,mobile,9.62,0
1717,1292,2025-11-24 08:27:26,CA,mobile,3.96,0
1718,758,2025-11-27 14:26:12,DE,mobile,4.9,0
1719,826,2025-12-09 01:04:37,US,desktop,7.39,0
1720,1034,2025-11-18 12:59:51,IN,mobile,10.23,0
1721,178,2025-11-25 01:46:15,IN,mobile,8.74,0
1722,1483,2025-11-29 00:24:44,GB,desktop,4.23,0
1723,1305,2025-11-28 01:44:14,IN,mobile,8.94,0
1724,1462,2025-11-11 21:18:46,DE,mobile,5.12,1
1725,1068,2025-11-19 14:06:51,CA,desktop,13.85,0
1726,1566,2025-11-30 08:21:40,GB,mobile,7.64,0
1727,1899,2025-12-01 18:58:55,GB,tablet,4.69,0
1728,1140,2025-12-03 00:01:30,GB,mobile,11.17,0
1729,889,2025-12-10 17:01:07,IN,desktop,9.3,0
1730,210,2025-12-01 03:48:42,IN,desktop,5.56,0
1731,1557,2025-11-28 08:35:35,DE,mobile,11.45,0
1732,1808,2025-11-20 22:21:26,GB,mobile,10.78,0
1733,1399,2025-11-22 01:56:05,GB,desktop,15.2,0
1734,1731,2025-12-05 18:08:31,US,mobile,11.31,0
1735,1722,2025-11-25 00:41:58,US,mobile,6.5,0
1736,1596,2025-12-02 10:25:28,US,tablet,2.68,0
1737,1006,2025-11-14 16:36:08,GB,desktop,8.26,0
1738,200,2025-11-14 19:36:24,DE,tablet,9.07,0
1739,7,2025-11-17 10:22:28,DE,desktop,7.62,0
1740,409,2025-11-16 19:44:11,CA,desktop,1.21,0
1741,862,2025-11-29 04:15:57,IN,desktop,11.1,0
1742,1487,2025-11-30 01:57:03,IN,desktop,4.27,0
1743,912,2025-11-27 16:55:17,CA,desktop,11.15,0
1744,47,2025-11-19 15:36:44,US,desktop,20.5,0
1745,421,2025-11-28 06:26:09,DE,mobile,6.35,1
1746,1958,2025-11-14 13:13:28,CA,mobile,9.61,0
1747,1976,2025-11-25 03:40:27,IN,mobile,7.54,0
1748,754,2025-11-15 14:48:37,GB,tablet,10.13,0
1749,1610,2025-11-13 06:29:30,DE,desktop,7.86,0
1750,1438,2025-11-15 22:28:37,CA,mobile,5.42,0
1751,1862,2025-11-14 07:15:00,GB,mobile,4.29,1
1752,1775,2025-11-25 07:14:32,IN,mobile,19.19,1
1753,1257,2025-11-27 08:13:29,US,mobile,9.61,0
1754,789,2025-11-29 04:33:01,GB,desktop,12.16,0
1755,1253,2025-11-24 03:49:40,DE,desktop,9.39,0
1756,638,2025-11-16 06:14:32,IN,mobile,13.27,0
1757,696,2025-11-11 14:16:24,US,mobile,4.32,0
1758,1217,2025-12-02 08:13:49,GB,mobile,7.77,0
1759,1143,2025-12-10 10:48:44,US,mobile,10.01,0
1760,1162,2025-11-19 09:33:42,DE,desktop,16.05,1
1761,769,2025-11-17 02:37:10,CA,desktop,36.74,0
1762,818,2025-11-20 07:33:16,US,desktop,9.44,0
1763,21,2025-11-17 09:35:32,GB,mobile,4.97,0
1764,1203,2025-11-17 16:09:06,CA,mobile,3.61,0
1765,1151,2025-11-25 19:17:54,CA,tablet,4.29,0
1766,1870,2025-12-04 12:34:52,DE,tablet,4.64,0
1767,1009,2025-12-02 08:05:06,DE,mobile,1.3,0
1768,935,2025-12-09 18:17:55,CA,desktop,4.93,0
1769,136,2025-11-21 16:31:47,GB,mobile,11.36,0
1770,394,2025-11-25 17:49:57,CA,mobile,7.73,0
1771,676,2025-11-22 09:03:19,CA,tablet,6.33,0
1772,755,2025-11-12 05:29:41,GB,tablet,2.79,0
1773,726,2025-11-22 14:56:55,US,tablet,13.88,0
1774,788,2025-11-18 18:50:33,IN,mobile,10.05,0
1775,1538,2025-11-25 07:54:48,DE,mobile,7.33,0
1776,263,2025-11-15 17:01:44,CA,desktop,1.97,0
1777,665,2025-12-03 05:13:23,US,desktop,5.5,0
1778,326,2025-12-06 06:01:17,GB,mobile,9.59,0
1779,616,2025-12-09 19:01:01,DE,mobile,7.26,0
1780,1369,2025-11-13 12:19:39,US,mobile,8.29,0
1781,94,2025-11-14 11:55:43,DE,desktop,11.15,1
1782,679,2025-12-09 23:05:44,GB,desktop,8.11,0
1783,48,2025-12-06 09:56:59,US,mobile,10.91,0
1784,1909,2025-11-28 14:57:45,GB,mobile,4.45,0
1785,1454,2025-11-20 14:44:16,DE,mobile,3.55,0
1786,487,2025-11-26 12:00:19,CA,mobile,9.84,0
1787,397,2025-11-27 00:54:07,US,mobile,11.13,1
1788,198,2025-12-06 09:19:30,IN,mobile,10.09,0
1789,946,2025-11-26 20:23:57,GB,desktop,8.0,0
1790,1507,2025-11-11 19:04:01,DE,mobile,6.08,0
1791,1168,2025-12-01 22:56:14,DE,desktop,8.39,0
1792,1762,2025-12-04 06:46:57,CA,mobile,9.28,0
1793,688,2025-11-19 21:50:41,GB,mobile,9.62,0
1794,556,2025-11-14 11:11:15,GB,mobile,35.31,0
1795,956,2025-11-15 05:37:22,GB,desktop,4.25,0
1796,404,2025-12-06 04:35:34,DE,mobile,51.19,0
1797,1951,2025-11-24 09:27:49,IN,mobile,3.48,0
1798,372,2025-11-26 20:14:22,US,mobile,9.31,0
1799,958,2025-12-09 18:52:44,CA,mobile,3.61,0
1800,1044,2025-11-12 19:14:45,US,mobile,8.88,0
1801,115,2025-11-17 03:30:33,CA,mobile,13.32,0
1802,937,2025-12-05 23:10:09,US,mobile,7.53,1
1803,909,2025-11-27 04:08:04,IN,mobile,13.25,0
1804,519,2025-11-11 18:53:56,GB,desktop,5.73,0
1805,256,2025-12-02 01:18:40,DE,mobile,2.16,0
1806,91,2025-11-15 02:51:34,IN,tablet,10.76,0
1807,18,2025-12-04 10:22:36,GB,desktop,7.53,0
1808,963,2025-12-04 21:39:59,IN,mobile,5.54,1
1809,180,2025-12-05 16:48:21,CA,desktop,5.78,0
1810,1918,2025-11-24 21:56:23,GB,mobile,9.43,0
1811,490,2025-11-19 00:03:57,GB,tablet,4.53,0
1812,1305,2025-12-07 09:49:57,US,tablet,9.25,0
1813,1347,2025-11-27 17:32:41,DE,desktop,15.08,0
1814,991,2025-11-30 00:44:30,DE,mobile,25.43,1
1815,1767,2025-11-15 01:31:36,DE,tablet,17.16,0
1816,222,2025-11-29 16:10:24,US,desktop,8.14,0
1817,468,2025-11-28 08:53:59,DE,desktop,8.62,0
1818,505,2025-11-19 17:38:31,CA,mobile,5.81,0
1819,271,2025-12-03 23:22:02,CA,tablet,5.59,0
1820,590,2025-11-14 23:28:57,CA,desktop,12.47,0
1821,626,2025-12-02 13:11:11,GB,mobile,6.14,0
1822,1529,2025-12-09 19:16:36,DE,tablet,9.2,0
1823,603,2025-11-27 23:39:27,IN,desktop,4.15,0
1824,1753,2025-11-14 02:41:13,IN,tablet,16.81,1
1825,1545,2025-11-27 13:36:53,GB,mobile,6.09,0
1826,1803,2025-11-26 20:07:13,DE,mobile,14.19,0
1827,211,2025-11-27 12:48:25,CA,desktop,4.84,0
1828,1969,2025-11-19 03:28:55,DE,mobile,4.69,0
1829,1228,2025-11-29 18:00:53,CA,desktop,16.39,0
1830,1964,2025-11-18 21:24:50,CA,desktop,5.08,0
1831,710,2025-11-27 16:53:47,US,mobile,2.88,0
1832,1906,2025-11-28 19:20:05,CA,desktop,3.96,0
1833,1177,2025-11-30 08:15:42,CA,mobile,12.35,0
1834,144,2025-12-04 21:44:43,IN,desktop,11.66,1
1835,820,2025-12-07 10:39:30,DE,desktop,4.68,0
1836,276,2025-12-04 06:48:07,DE,mobile,5.06,0
1837,1882,2025-12-04 20:15:31,DE,mobile,11.07,0
1838,609,2025-12-07 00:46:11,CA,mobile,16.27,0
1839,445,2025-11-18 05:48:56,US,mobile,7.09,1
1840,1106,2025-11-19 18:07:21,US,desktop,10.3,0
1841,850,2025-11-26 23:01:55,GB,mobile,12.48,0
1842,194,2025-11-24 22:34:25,IN,mobile,26.89,0
1843,1633,2025-12-02 00:45:46,CA,mobile,3.69,0
1844,1691,2025-11-11 05:57:13,DE,desktop,4.95,0
1845,1486,2025-11-15 03:18:02,US,desktop,5.45,0
1846,1233,2025-12-03 08:58:12,DE,mobile,12.14,0
1847,805,2025-12-05 15:02:54,IN,mobile,6.35,0
1848,1085,2025-11-20 00:55:11,GB,mobile,8.91,0
1849,1042,2025-11-20 07:06:31,DE,mobile,7.95,0
1850,331,2025-11-27 19:30:29,GB,mobile,7.4,0
1851,164,2025-11-25 06:45:26,DE,desktop,7.88,0
1852,507,2025-11-16 01:07:44,US,mobile,13.71,1
1853,909,2025-11-25 23:33:50,GB,mobile,4.13,1
1854,321,2025-12-05 13:12:01,IN,desktop,6.76,0
1855,214,2025-12-02 20:30:15,DE,desktop,3.56,0
1856,1704,2025-12-05 11:40:07,CA,mobile,8.46,0
1857,750,2025-11-30 06:46:59,GB,mobile,6.57,0
1858,1168,2025-12-07 06:59:55,CA,desktop,14.03,0
1859,1048,2025-11-18 11:06:14,CA,mobile,7.37,0
1860,1470,2025-11-12 08:18:26,GB,desktop,5.66,1
1861,1479,2025-11-14 09:20:28,US,desktop,6.37,0
1862,592,2025-12-10 17:48:10,GB,desktop,20.78,0
1863,1695,2025-11-30 04:24:22,DE,mobile,2.88,0
1864,743,2025-11-18 09:38:02,DE,mobile,5.07,0
1865,1670,2025-12-06 14:10:59,DE,desktop,7.55,0
1866,810,2025-11-20 06:01:30,DE,mobile,5.04,0
1867,222,2025-11-28 21:16:24,US,mobile,9.92,0
1868,1520,2025-11-18 10:45:16,IN,mobile,7.14,0
1869,61,2025-11-13 19:33:11,CA,mobile,8.62,0
1870,1544,2025-11-18 23:51:22,GB,desktop,7.93,0
1871,87,2025-11-17 19:31:01,CA,tablet,6.95,0
1872,414,2025-11-27 13:08:56,US,desktop,3.41,0
1873,1207,2025-11-11 14:07:53,CA,mobile,8.21,0
1874,1883,2025-11-18 03:53:46,DE,tablet,2.56,0
1875,817,2025-11-28 00:01:39,DE,desktop,4.94,0
1876,242,2025-11-22 18:44:53,DE,mobile,9.91,0
1877,466,2025-11-30 01:06:29,CA,desktop,15.09,0
1878,1792,2025-11-30 15:16:10,GB,mobile,30.25,0
1879,1453,2025-12-09 22:18:11,US,mobile,5.71,0
1880,201,2025-12-06 01:10:17,CA,desktop,4.4,0
1881,770,2025-11-17 19:33:12,US,mobile,10.11,0
1882,529,2025-12-01 18:00:23,DE,mobile,22.69,0
1883,356,2025-11-29 18:50:37,GB,desktop,18.53,1
1884,1693,2025-11-28 19:08:42,CA,mobile,3.97,0
1885,1235,2025-12-04 22:29:56,CA,mobile,6.79,0
1886,359,2025-11-15 09:35:50,IN,mobile,12.31,0
1887,1301,2025-11-22 05:21:34,IN,desktop,12.83,0
1888,827,2025-12-05 10:50:09,IN,desktop,10.54,0
1889,123,2025-12-07 17:35:27,IN,mobile,5.64,0
1890,900,2025-11-12 02:04:14,CA,desktop,10.48,0
1891,371,2025-11-25 02:41:23,GB,mobile,12.9,0
1892,491,2025-11-18 21:27:02,CA,mobile,4.22,1
1893,1758,2025-11-16 00:09:34,DE,mobile,16.41,0
1894,1420,2025-11-12 16:18:54,CA,mobile,13.4,1
1895,269,2025-11-27 02:37:42,DE,mobile,4.73,0
1896,1702,2025-11-30 23:46:53,CA,desktop,12.87,0
1897,1149,2025-11-26 21:44:23,IN,desktop,12.04,1
1898,1749,2025-11-22 00:27:35,IN,tablet,12.31,0
1899,1494,2025-12-04 02:34:28,GB,tablet,19.02,0
1900,679,2025-11-30 12:42:27,GB,mobile,7.34,0
1901,1070,2025-12-08 05:18:02,US,mobile,9.02,0
1902,1062,2025-11-21 09:05:42,GB,mobile,1.52,0
1903,1440,2025-11-18 03:17:22,CA,mobile,14.43,0
1904,497,2025-11-24 15:21:57,CA,desktop,13.62,0
1905,666,2025-11-26 04:10:45,DE,mobile,16.67,0
1906,490,2025-11-24 16:57:52,GB,mobile,4.21,0
1907,592,2025-12-05 22:33:56,IN,mobile,13.16,0
1908,323,2025-11-12 08:03:03,DE,desktop,13.62,0
1909,74,2025-11-26 19:13:32,US,mobile,5.0,0
1910,1880,2025-11-23 20:59:45,CA,desktop,13.92,0
1911,149,2025-11-17 07:03:17,CA,mobile,9.76,0
1912,1776,2025-11-30 04:47:56,CA,mobile,2.67,0
1913,7,2025-12-05 00:11:32,US,mobile,10.49,0
1914,1554,2025-11-27 08:23:25,CA,desktop,4.66,0
1915,657,2025-11-13 12:23:52,DE,desktop,2.7,1
1916,1035,2025-11-13 05:26:13,IN,mobile,9.21,0
1917,565,2025-11-23 14:48:24,US,mobile,7.11,0
1918,981,2025-12-01 00:13:59,IN,mobile,17.15,0
1919,903,2025-11-20 08:57:34,GB,mobile,8.24,0
1920,1059,2025-11-20 05:36:50,CA,mobile,11.79,0
1921,787,2025-12-06 18:30:43,GB,mobile,10.03,0
1922,1073,2025-11-11 09:37:33,GB,desktop,13.63,1
1923,1651,2025-11-13 08:38:29,CA,desktop,4.34,0
1924,869,2025-11-15 15:15:41,US,desktop,8.32,0
1925,723,2025-12-10 11:25:04,CA,desktop,6.79,0
1926,264,2025-11-25 21:28:32,CA,tablet,10.94,0
1927,720,2025-11-15 17:12:00,GB,tablet,8.61,0
1928,252,2025-11-20 06:43:19,DE,mobile,5.11,0
1929,365,2025-12-10 01:12:52,DE,mobile,6.03,0
1930,1904,2025-12-01 19:11:18,IN,mobile,19.87,0
1931,179,2025-11-17 16:17:31,DE,desktop,2.67,0
1932,964,2025-11-18 04:30:11,US,mobile,11.31,0
1933,1668,2025-11-13 05:12:02,IN,mobile,15.56,0
1934,1906,2025-12-04 03:38:45,IN,mobile,10.46,0
1935,294,2025-11-15 02:09:48,IN,desktop,24.11,0
1936,327,2025-11-19 13:29:46,CA,mobile,12.98,0
1937,745,2025-11-21 10:03:39,CA,desktop,9.3,0
1938,1109,2025-11-29 14:15:16,DE,mobile,5.58,1
1939,1919,2025-11-29 03:46:57,IN,desktop,9.41,1
1940,416,2025-12-04 22:40:06,IN,mobile,11.12,0
1941,329,2025-11-19 21:16:03,US,desktop,7.4,0
1942,507,2025-11-22 12:49:59,IN,mobile,4.73,1
1943,1748,2025-11-22 15:02:43,GB,mobile,3.59,1
1944,61,2025-11-12 08:55:56,CA,tablet,8.26,1
1945,760,2025-12-03 02:17:07,DE,tablet,3.04,1
1946,238,2025-11-27 00:45:12,CA,desktop,5.57,0
1947,314,2025-11-25 05:43:21,CA,tablet,1.72,0
1948,1833,2025-12-10 19:55:38,IN,mobile,12.18,0
1949,4,2025-11-16 08:00:07,IN,mobile,14.77,0
1950,643,2025-12-10 00:54:24,DE,mobile,7.75,0
1951,1830,2025-12-01 09:06:02,IN,desktop,22.17,0
1952,1216,2025-11-17 14:22:07,GB,desktop,16.58,0
1953,144,2025-12-01 07:46:01,DE,tablet,9.85,0
1954,930,2025-12-03 15:20:03,IN,desktop,6.9,0
1955,1941,2025-11-21 20:12:55,CA,desktop,5.99,0
1956,801,2025-11-21 07:35:53,GB,mobile,10.36,0
1957,1057,2025-12-06 00:34:00,IN,mobile,6.79,0
1958,1064,2025-11-15 18:37:44,IN,mobile,10.27,0
1959,1321,2025-11-11 08:50:15,CA,desktop,10.73,0
1960,375,2025-11-30 22:41:28,IN,mobile,6.44,0
1961,1679,2025-12-08 03:56:36,US,tablet,14.26,0
1962,1977,2025-11-25 23:51:29,GB,desktop,6.44,0
1963,285,2025-11-15 00:24:57,CA,mobile,7.48,0
1964,1636,2025-11-27 03:28:43,GB,desktop,4.11,0
1965,1634,2025-11-18 12:35:19,GB,mobile,6.28,0
1966,1483,2025-12-05 18:57:19,US,desktop,26.98,0
1967,742,2025-11-29 07:56:56,DE,mobile,4.3,0
1968,938,2025-11-21 01:32:39,US,mobile,9.61,1
1969,1678,2025-11-29 16:54:47,GB,mobile,5.63,0
1970,306,2025-11-30 23:32:27,DE,mobile,1.96,0
1971,1657,2025-12-01 07:55:32,CA,desktop,10.33,0
1972,1841,2025-11-21 22:53:26,GB,tablet,5.29,0
1973,1364,2025-11-28 02:05:10,GB,desktop,8.95,0
1974,683,2025-11-12 05:59:38,US,mobile,13.38,0
1975,1118,2025-11-23 01:47:15,IN,tablet,8.51,0
1976,101,2025-11-22 07:24:13,CA,mobile,9.0,0
1977,1863,2025-11-27 00:11:53,GB,mobile,4.39,0
1978,685,2025-12-09 11:15:27,GB,desktop,11.29,0
1979,115,2025-12-09 13:46:46,GB,tablet,6.59,0
1980,1589,2025-11-25 11:10:54,CA,tablet,2.23,0
1981,1315,2025-11-30 08:27:19,IN,desktop,12.14,0
1982,1245,2025-11-14 05:09:31,DE,mobile,14.58,0
1983,109,2025-11-25 10:27:41,DE,mobile,17.97,0
1984,1501,2025-12-01 14:28:05,DE,mobile,27.18,0
1985,1274,2025-12-01 10:50:44,IN,mobile,11.75,0
1986,1587,2025-12-09 20:51:57,IN,mobile,10.06,0
1987,1654,2025-11-24 22:55:36,IN,mobile,14.22,0
1988,424,2025-12-08 04:57:12,US,mobile,4.34,0
1989,422,2025-12-10 07:54:30,IN,mobile,2.71,0
1990,1847,2025-11-28 03:02:40,CA,desktop,5.55,0
1991,1062,2025-11-13 17:05:50,US,mobile,15.9,0
1992,876,2025-11-22 06:09:17,CA,mobile,4.97,0
1993,575,2025-12-03 21:49:44,IN,desktop,9.77,0
1994,1278,2025-11-28 09:19:14,GB,desktop,10.42,0
1995,1508,2025-12-09 01:22:55,US,mobile,8.56,0
1996,5,2025-12-05 10:42:11,DE,mobile,3.43,0
1997,1105,2025-11-12 20:45:25,US,tablet,9.08,0
1998,1986,2025-12-06 19:19:25,IN,desktop,5.74,0
1999,561,2025-11-21 16:32:26,US,mobile,20.53,0
2000,562,2025-12-05 12:48:01,CA,mobile,14.62,1
2001,1756,2025-11-26 04:50:11,US,mobile,5.86,0
2002,125,2025-11-24 15:10:32,CA,mobile,21.32,0
2003,795,2025-11-13 03:23:40,IN,mobile,9.08,0
2004,917,2025-11-14 12:48:37,US,tablet,2.71,0
2005,1595,2025-11-28 19:50:46,DE,mobile,7.05,0
2006,258,2025-11-28 01:02:15,CA,mobile,19.71,0
2007,868,2025-11-27 14:46:09,GB,desktop,4.52,0
2008,305,2025-11-15 15:51:41,CA,mobile,7.09,0
2009,1575,2025-11-26 06:23:22,DE,desktop,3.27,0
2010,1264,2025-11-12 19:07:22,DE,mobile,3.59,0
2011,993,2025-11-15 07:00:32,GB,mobile,4.48,0
2012,786,2025-11-25 22:16:25,US,mobile,3.54,0
2013,307,2025-11-29 11:26:29,IN,tablet,5.1,0
2014,1843,2025-11-30 15:06:05,CA,desktop,20.97,0
2015,1295,2025-12-10 10:14:11,IN,desktop,7.23,0
2016,638,2025-12-06 14:13:07,DE,mobile,11.84,0
2017,828,2025-11-22 08:40:21,DE,desktop,14.22,0
2018,1452,2025-12-04 10:52:27,GB,mobile,3.8,0
2019,1439,2025-11-13 20:05:51,US,desktop,4.49,0
2020,922,2025-12-06 16:26:45,CA,mobile,11.7,0
2021,606,2025-11-22 13:36:59,DE,desktop,5.05,0
2022,1320,2025-12-03 18:28:56,IN,mobile,11.24,1
2023,1316,2025-12-10 02:05:16,IN,mobile,20.21,0
2024,1199,2025-12-02 01:33:54,CA,desktop,3.09,0
2025,146,2025-12-08 13:48:30,DE,mobile,5.96,0
2026,946,2025-11-11 06:31:54,DE,mobile,6.56,0
2027,1228,2025-11-16 02:01:53,DE,tablet,5.39,0
2028,1900,2025-11-29 18:01:35,GB,mobile,5.13,0
2029,1051,2025-11-27 04:27:22,DE,mobile,5.5,0
2030,686,2025-11-14 13:58:46,CA,desktop,7.32,0
2031,1112,2025-12-02 12:27:29,GB,desktop,8.16,0
2032,355,2025-11-12 17:28:23,IN,mobile,13.09,0
2033,182,2025-12-10 16:35:07,DE,mobile,7.28,0
2034,1356,2025-11-15 15:50:58,IN,mobile,14.45,0
2035,1972,2025-11-24 07:58:15,CA,mobile,5.18,0
2036,1692,2025-12-05 16:00:11,IN,desktop,3.59,0
2037,1167,2025-11-26 09:20:30,GB,tablet,6.15,0
2038,81,2025-12-03 06:48:15,US,mobile,9.75,0
2039,1975,2025-12-02 01:51:31,CA,mobile,12.38,0
2040,899,2025-12-09 10:20:56,DE,desktop,17.75,0
2041,580,2025-11-24 21:16:37,IN,mobile,8.79,1
2042,1785,2025-12-10 08:05:44,IN,desktop,11.61,0
2043,1493,2025-11-26 11:18:08,IN,mobile,16.8,0
2044,1499,2025-12-07 18:23:50,CA,mobile,4.63,0
2045,556,2025-12-02 22:44:02,DE,desktop,6.51,0
2046,1983,2025-11-14 22:56:22,CA,tablet,38.96,0
2047,906,2025-11-30 06:38:51,CA,mobile,12.35,0
2048,1063,2025-12-07 07:40:06,DE,desktop,10.04,0
2049,1502,2025-11-14 19:39:47,IN,mobile,12.63,0
2050,1320,2025-12-06 03:03:05,GB,mobile,3.32,1
2051,345,2025-11-14 03:08:57,DE,mobile,5.01,1
2052,605,2025-12-07 02:24:52,DE,mobile,4.03,0
2053,723,2025-12-04 15:14:48,IN,desktop,9.5,0
2054,1895,2025-11-15 12:26:47,US,mobile,5.92,0
2055,1429,2025-12-02 18:17:11,CA,mobile,7.82,0
2056,733,2025-11-14 11:19:22,CA,mobile,6.13,0
2057,1469,2025-11-28 00:12:58,GB,desktop,2.78,0
2058,1477,2025-12-08 16:22:30,IN,tablet,12.57,0
2059,789,2025-11-17 03:31:35,US,mobile,2.57,0
2060,806,2025-11-16 04:23:16,CA,mobile,4.78,0
2061,1788,2025-11-23 15:42:23,GB,tablet,3.36,0
2062,1124,2025-11-22 00:38:25,GB,mobile,4.36,0
2063,299,2025-11-12 10:07:55,IN,desktop,8.34,0
2064,1439,2025-11-24 15:32:30,GB,mobile,15.5,0
2065,1179,2025-11-18 18:06:30,DE,desktop,2.9,0
2066,1018,2025-11-14 16:49:53,CA,mobile,5.29,0
2067,1450,2025-11-19 05:58:42,CA,mobile,2.59,0
2068,1814,2025-11-11 14:05:22,IN,mobile,5.14,0
2069,661,2025-12-08 10:03:43,US,mobile,7.71,0
2070,839,2025-12-10 18:58:40,CA,mobile,11.71,0
2071,379,2025-11-21 23:55:17,GB,tablet,2.07,0
2072,1294,2025-12-07 06:25:33,CA,mobile,10.28,0
2073,806,2025-11-24 19:24:07,GB,mobile,4.12,0
2074,685,2025-12-08 08:06:57,IN,mobile,3.56,0
2075,1393,2025-11-16 03:53:14,IN,mobile,7.69,0
2076,816,2025-11-19 12:07:05,IN,mobile,10.76,1
2077,929,2025-12-03 03:54:27,US,mobile,6.96,0
2078,880,2025-11-17 13:42:21,IN,desktop,3.83,0
2079,517,2025-12-05 16:10:51,IN,desktop,6.95,0
2080,252,2025-11-23 17:51:24,CA,mobile,4.78,0
2081,1654,2025-11-23 02:02:17,IN,desktop,10.62,0
2082,184,2025-11-24 13:37:21,CA,mobile,14.09,0
2083,650,2025-12-04 21:41:44,GB,mobile,13.56,0
2084,1335,2025-11-11 03:15:51,GB,tablet,7.3,0
2085,263,2025-12-03 11:43:44,US,desktop,14.49,0
2086,1311,2025-12-04 08:17:42,DE,mobile,4.0,0
2087,1466,2025-12-05 14:27:36,US,mobile,21.54,0
2088,1326,2025-12-10 20:49:58,GB,mobile,3.99,0
2089,610,2025-12-04 10:27:32,CA,mobile,2.19,0
2090,40,2025-11-26 19:53:24,DE,desktop,16.76,0
2091,1774,2025-11-24 22:50:12,IN,mobile,4.83,0
2092,653,2025-11-22 14:46:44,CA,tablet,7.93,0
2093,1610,2025-12-05 18:46:57,DE,desktop,3.98,0
2094,396,2025-11-22 18:00:50,CA,mobile,30.51,0
2095,325,2025-11-28 03:32:05,DE,desktop,22.05,0
2096,1556,2025-11-13 20:24:29,IN,desktop,18.69,0
2097,1879,2025-11-20 11:42:19,US,mobile,7.79,0
2098,1721,2025-11-18 22:52:09,GB,mobile,13.31,0
2099,1502,2025-11-24 00:26:54,DE,desktop,7.16,0
2100,494,2025-11-26 00:46:06,GB,tablet,14.49,0
2101,1826,2025-12-02 11:06:36,DE,mobile,5.78,0
2102,1336,2025-11-23 22:09:48,US,desktop,19.12,0
2103,345,2025-11-15 11:28:22,US,desktop,5.6,1
2104,259,2025-11-27 07:39:28,GB,tablet,6.0,0
2105,1742,2025-11-12 14:36:31,GB,mobile,5.58,0
2106,551,2025-12-06 10:33:36,CA,mobile,8.29,0
2107,1532,2025-12-04 02:02:25,GB,desktop,5.85,0
2108,278,2025-11-17 17:24:26,IN,mobile,9.9,0
2109,561,2025-11-18 20:45:50,IN,mobile,5.54,0
2110,567,2025-11-11 19:09:03,GB,mobile,11.88,0
2111,562,2025-11-21 21:36:26,CA,mobile,18.38,0
2112,1349,2025-11-12 02:45:18,DE,desktop,7.74,0
2113,1828,2025-12-09 01:24:13,US,mobile,27.97,0
2114,1820,2025-11-14 23:50:03,GB,desktop,14.53,0
2115,1483,2025-11-30 17:58:54,US,mobile,26.65,0
2116,405,2025-11-28 01:58:49,GB,desktop,7.12,0
2117,1921,2025-11-18 01:46:17,DE,mobile,2.73,0
2118,1084,2025-12-05 05:07:33,CA,mobile,4.84,1
2119,1092,2025-11-14 05:37:20,IN,tablet,5.14,0
2120,1403,2025-12-07 13:43:58,US,desktop,4.17,0
2121,1538,2025-12-03 04:16:50,US,mobile,1.98,0
2122,1905,2025-11-30 00:30:51,IN,mobile,13.66,0
2123,1165,2025-12-07 08:35:15,GB,mobile,2.42,0
2124,1220,2025-11-23 01:29:45,IN,tablet,12.9,0
2125,1491,2025-11-19 10:00:43,US,mobile,27.42,1
2126,510,2025-11-15 14:29:00,GB,tablet,4.63,0
2127,616,2025-12-08 16:46:44,IN,mobile,9.32,0
2128,1251,2025-11-23 00:15:14,GB,desktop,5.82,0
2129,129,2025-12-05 20:23:39,GB,mobile,12.14,0
2130,641,2025-11-20 22:34:18,GB,mobile,3.61,0
2131,1436,2025-12-09 14:49:55,US,tablet,6.83,0
2132,1952,2025-12-07 01:39:05,GB,mobile,14.48,0
2133,1039,2025-11-20 05:01:16,GB,tablet,7.18,0
2134,799,2025-11-25 13:40:14,CA,mobile,2.78,0
2135,881,2025-12-04 18:54:18,CA,mobile,15.56,0
2136,1371,2025-11-17 18:05:37,IN,tablet,3.4,1
2137,1089,2025-11-11 16:17:11,GB,desktop,7.75,1
2138,47,2025-11-19 15:10:10,IN,mobile,10.48,0
2139,1078,2025-11-28 16:27:23,DE,mobile,7.94,0
2140,800,2025-11-15 01:29:28,GB,mobile,33.87,0
2141,1401,2025-11-20 23:16:31,DE,desktop,11.48,1
2142,1750,2025-12-08 12:36:51,CA,mobile,6.54,0
2143,1924,2025-11-13 05:17:18,IN,mobile,10.61,0
2144,1220,2025-11-12 11:28:54,US,mobile,8.38,0
2145,725,2025-11-23 16:24:25,US,desktop,7.59,0
2146,888,2025-11-11 08:28:55,CA,tablet,8.55,0
2147,353,2025-11-11 19:15:45,IN,desktop,5.69,0
2148,1871,2025-11-16 10:59:05,GB,mobile,8.4,0
2149,1694,2025-11-14 00:51:25,DE,mobile,5.46,0
2150,1708,2025-12-05 07:03:43,CA,mobile,2.37,0
2151,656,2025-11-14 15:34:47,IN,desktop,14.65,0
2152,645,2025-11-26 16:07:43,GB,mobile,5.26,0
2153,1713,2025-12-02 03:02:19,CA,desktop,8.04,0
2154,1089,2025-11-29 17:50:23,US,mobile,4.68,0
2155,1409,2025-11-30 14:01:05,CA,tablet,4.77,0
2156,980,2025-11-21 16:47:58,IN,mobile,3.96,0
2157,886,2025-12-07 15:12:07,US,mobile,13.05,0
2158,1264,2025-11-13 00:40:51,GB,tablet,15.09,0
2159,1626,2025-11-14 04:30:01,DE,tablet,7.5,0
2160,668,2025-12-06 15:39:59,DE,mobile,5.35,0
2161,1618,2025-11-13 00:26:39,US,desktop,2.68,0
2162,489,2025-11-16 17:23:47,DE,desktop,11.91,0
2163,806,2025-11-16 03:55:02,CA,mobile,4.92,0
2164,1825,2025-11-11 23:02:07,DE,mobile,3.78,0
2165,1908,2025-11-14 11:28:35,DE,desktop,7.52,0
2166,1847,2025-11-28 03:34:47,US,desktop,6.05,0
2167,632,2025-11-30 19:17:44,DE,mobile,2.97,0
2168,1686,2025-11-13 11:12:03,DE,mobile,3.23,0
2169,1872,2025-12-09 05:45:00,US,desktop,9.04,0
2170,1956,2025-11-13 20:10:52,GB,mobile,4.99,0
2171,42,2025-12-01 13:52:42,CA,desktop,10.04,0
2172,1490,2025-12-04 23:30:15,CA,desktop,8.07,0
2173,1993,2025-11-26 14:11:44,US,mobile,13.85,0
2174,1529,2025-11-25 17:11:30,DE,mobile,4.48,0
2175,467,2025-11-14 05:45:13,IN,mobile,8.5,0
2176,1525,2025-11-18 05:07:07,IN,mobile,10.84,0
2177,211,2025-12-06 11:39:11,IN,desktop,5.07,0
2178,961,2025-11-21 10:14:37,CA,desktop,14.53,0
2179,1252,2025-11-12 00:02:11,IN,desktop,2.72,0
2180,913,2025-12-02 20:17:10,IN,mobile,4.48,0
2181,1399,2025-12-01 11:27:51,DE,desktop,2.66,0
2182,481,2025-11-12 23:00:27,IN,mobile,4.75,0
2183,1212,2025-11-12 12:00:19,CA,desktop,6.73,0
2184,1289,2025-11-14 11:05:55,GB,mobile,12.17,0
2185,1267,2025-11-12 11:53:02,CA,mobile,6.73,0
2186,579,2025-11-29 10:56:29,DE,mobile,5.17,0
2187,611,2025-11-14 22:43:14,CA,mobile,2.92,0
2188,516,2025-11-29 04:15:08,GB,tablet,3.57,0
2189,924,2025-11-16 06:03:10,IN,mobile,8.9,0
2190,1172,2025-12-10 03:24:19,US,mobile,12.54,0
2191,725,2025-12-02 17:53:46,CA,desktop,5.75,0
2192,820,2025-11-22 04:54:30,CA,mobile,15.28,1
2193,573,2025-11-23 19:54:18,GB,mobile,4.18,0
2194,438,2025-11-12 22:05:19,US,mobile,5.85,0
2195,1315,2025-11-12 14:44:53,DE,mobile,6.15,0
2196,1632,2025-11-27 02:15:35,DE,desktop,18.5,0
2197,582,2025-11-11 15:37:06,IN,mobile,8.01,0
2198,1721,2025-11-30 02:50:32,US,mobile,2.51,0
2199,1142,2025-11-22 10:35:06,CA,mobile,13.08,0
2200,336,2025-11-15 03:44:48,IN,tablet,22.37,0
2201,732,2025-11-27 00:55:40,DE,desktop,6.36,0
2202,16,2025-11-27 13:17:36,CA,mobile,4.31,0
2203,79,2025-12-03 08:34:07,IN,desktop,12.41,1
2204,672,2025-11-16 21:37:30,US,mobile,24.01,1
2205,909,2025-11-27 09:20:36,CA,mobile,12.3,0
2206,1595,2025-12-06 07:26:18,DE,desktop,2.79,0
2207,269,2025-11-19 01:37:33,CA,desktop,11.62,0
2208,1678,2025-12-06 00:32:56,DE,mobile,9.42,0
2209,469,2025-12-02 16:02:46,CA,desktop,4.17,0
2210,277,2025-11-23 20:33:56,CA,desktop,16.01,0
2211,1400,2025-12-07 11:07:49,GB,desktop,9.61,0
2212,1548,2025-12-09 23:17:16,US,desktop,16.26,0
2213,1210,2025-11-18 01:45:53,US,mobile,3.91,0
2214,232,2025-12-10 08:40:11,DE,tablet,9.39,0
2215,231,2025-11-11 00:58:12,GB,mobile,4.32,0
2216,780,2025-11-14 20:17:36,IN,mobile,8.57,0
2217,901,2025-11-12 06:19:08,DE,mobile,17.93,0
2218,1997,2025-11-21 23:59:12,IN,desktop,3.14,0
2219,573,2025-12-09 01:51:36,US,mobile,3.25,0
2220,385,2025-11-28 23:27:51,GB,mobile,13.11,0
2221,1891,2025-11-29 11:10:11,US,desktop,7.33,0
2222,308,2025-11-13 12:18:57,GB,mobile,14.92,0
2223,53,2025-11-26 10:50:27,DE,mobile,4.55,0
2224,846,2025-11-22 10:44:41,IN,mobile,7.62,0
2225,802,2025-11-25 08:24:59,DE,desktop,11.17,0
2226,1239,2025-11-18 19:16:36,US,mobile,8.38,0
2227,1755,2025-11-17 00:21:41,DE,mobile,2.53,0
2228,1865,2025-12-09 12:42:32,IN,mobile,40.19,0
2229,579,2025-11-27 17:17:32,GB,tablet,8.39,1
2230,1961,2025-11-23 07:34:28,DE,desktop,3.31,0
2231,1265,2025-11-13 04:22:29,US,mobile,8.92,0
2232,140,2025-12-03 20:21:20,IN,desktop,9.56,0
2233,1876,2025-11-25 03:29:21,IN,desktop,13.41,0
2234,276,2025-11-22 13:39:38,US,desktop,12.89,0
2235,1177,2025-11-30 23:26:06,CA,mobile,6.5,0
2236,1581,2025-11-14 22:08:14,GB,mobile,2.63,0
2237,499,2025-11-26 23:08:06,US,desktop,9.75,0
2238,541,2025-12-06 20:42:06,IN,mobile,2.76,0
2239,952,2025-11-24 21:17:56,CA,mobile,15.32,0
2240,1769,2025-11-10 23:31:58,DE,mobile,4.76,0
2241,447,2025-11-17 20:46:32,DE,mobile,10.82,0
2242,1327,2025-11-12 15:30:36,CA,desktop,4.98,0
2243,905,2025-11-25 23:22:12,US,mobile,5.5,0
2244,224,2025-11-21 21:35:22,IN,desktop,4.57,0
2245,1422,2025-11-14 22:34:44,GB,desktop,11.35,0
2246,1665,2025-12-01 13:47:58,DE,mobile,5.09,0
2247,1151,2025-11-16 06:23:27,CA,mobile,11.72,1
2248,353,2025-11-21 05:15:35,US,mobile,5.17,0
2249,312,2025-12-10 14:22:37,US,mobile,6.43,0
2250,847,2025-11-12 22:58:40,CA,desktop,7.55,0
2251,1013,2025-11-18 09:34:52,IN,desktop,8.1,0
2252,1104,2025-11-20 12:04:39,GB,desktop,4.24,0
2253,488,2025-11-26 05:31:18,US,tablet,11.27,0
2254,1002,2025-11-18 07:37:08,GB,mobile,6.28,0
2255,590,2025-12-10 01:39:09,US,desktop,10.24,0
2256,1372,2025-11-11 03:08:06,GB,mobile,7.32,0
2257,1593,2025-12-09 09:50:02,US,mobile,10.51,0
2258,1305,2025-11-27 00:17:24,US,mobile,5.77,0
2259,3,2025-11-12 02:47:48,CA,mobile,4.6,0
2260,1984,2025-11-14 11:13:04,DE,desktop,9.55,0
2261,48,2025-11-14 01:25:50,CA,desktop,5.49,0
2262,1998,2025-11-19 14:13:48,GB,mobile,17.73,0
2263,64,2025-11-20 23:02:16,GB,mobile,7.7,1
2264,1033,2025-11-30 04:53:22,GB,mobile,3.24,0
2265,212,2025-11-20 07:17:48,IN,desktop,5.2,0
2266,191,2025-12-02 17:18:57,US,mobile,4.06,0
2267,1367,2025-11-19 18:45:58,GB,mobile,14.07,0
2268,1455,2025-11-18 20:55:14,CA,mobile,11.75,0
2269,237,2025-11-19 05:29:36,GB,desktop,7.12,1
2270,1953,2025-11-20 20:15:07,DE,desktop,8.79,0
2271,641,2025-12-06 02:24:19,GB,mobile,7.01,0
2272,637,2025-11-18 09:00:26,CA,mobile,12.38,1
2273,594,2025-11-19 03:58:47,DE,mobile,10.09,0
2274,922,2025-12-09 16:11:33,CA,desktop,11.25,0
2275,356,2025-11-30 13:55:41,IN,mobile,6.59,0
2276,850,2025-11-16 16:24:25,CA,desktop,5.06,0
2277,420,2025-12-07 00:19:17,GB,tablet,11.01,0
2278,103,2025-11-16 11:07:22,IN,mobile,18.74,0
2279,738,2025-11-15 19:57:20,US,mobile,14.35,0
2280,1344,2025-11-24 07:39:29,US,mobile,19.09,0
2281,1526,2025-12-01 16:56:58,DE,mobile,8.14,0
2282,707,2025-11-16 15:32:00,GB,tablet,4.13,0
2283,648,2025-12-03 13:37:56,US,tablet,4.35,0
2284,1575,2025-11-15 16:03:46,GB,mobile,16.91,0
2285,1362,2025-12-04 10:06:03,GB,tablet,2.42,1
2286,1664,2025-11-13 20:15:57,DE,mobile,18.23,0
2287,1812,2025-11-24 21:37:29,US,mobile,4.61,0
2288,1642,2025-11-30 04:09:21,US,desktop,23.43,0
2289,1873,2025-11-18 22:27:00,DE,mobile,7.08,0
2290,833,2025-11-29 07:55:55,US,mobile,11.4,0
2291,789,2025-12-01 15:03:37,IN,desktop,30.91,0
2292,643,2025-11-30 11:21:00,DE,mobile,6.06,0
2293,471,2025-11-22 20:59:50,IN,tablet,6.0,0
2294,1497,2025-12-04 04:00:31,US,mobile,4.87,0
2295,1429,2025-12-02 22:01:48,DE,mobile,4.05,0
2296,1602,2025-11-20 18:12:37,US,tablet,6.06,0
2297,335,2025-12-02 23:17:40,GB,mobile,5.3,0
2298,983,2025-12-08 12:29:52,US,mobile,3.49,0
2299,444,2025-12-05 11:15:42,IN,mobile,6.51,0
2300,1786,2025-12-02 23:08:24,DE,mobile,9.68,0
2301,535,2025-12-03 23:07:30,DE,mobile,4.32,0
2302,288,2025-12-05 02:37:22,US,mobile,6.7,0
2303,1140,2025-11-19 15:23:54,GB,mobile,17.18,0
2304,1758,2025-12-02 14:19:31,US,mobile,3.15,0
2305,1831,2025-11-16 22:49:07,GB,desktop,23.55,0
2306,193,2025-11-21 17:19:15,GB,tablet,4.93,0
2307,652,2025-12-09 00:05:33,DE,mobile,8.34,0
2308,307,2025-11-19 11:00:58,DE,tablet,15.92,0
2309,616,2025-12-06 06:38:27,CA,desktop,19.12,0
2310,1068,2025-11-23 15:26:42,GB,tablet,9.8,0
2311,561,2025-11-17 06:20:04,US,desktop,4.87,0
2312,135,2025-11-13 21:05:40,US,mobile,4.62,0
2313,1020,2025-11-27 09:57:03,CA,mobile,5.23,0
2314,106,2025-11-24 12:09:17,CA,tablet,22.96,0
2315,454,2025-11-26 07:24:01,GB,mobile,5.87,0
2316,2,2025-11-12 06:17:39,CA,desktop,8.97,0
2317,174,2025-11-19 00:16:54,IN,desktop,3.95,1
2318,873,2025-11-11 02:04:25,US,mobile,3.69,0
2319,1701,2025-11-20 01:01:29,GB,mobile,7.51,0
2320,1549,2025-12-08 21:54:43,GB,tablet,6.08,0
2321,198,2025-11-15 12:53:50,DE,mobile,6.35,0
2322,70,2025-12-01 15:33:19,US,desktop,3.04,0
2323,676,2025-11-11 03:23:39,US,tablet,7.07,1
2324,1304,2025-11-27 19:45:45,DE,mobile,18.72,0
2325,1493,2025-12-08 14:18:25,GB,mobile,4.43,0
2326,1646,2025-11-21 04:49:34,GB,mobile,12.66,0
2327,685,2025-11-16 21:11:20,CA,desktop,0.92,0
2328,336,2025-11-28 02:01:12,CA,mobile,4.57,0
2329,53,2025-11-19 08:04:25,IN,mobile,2.35,0
2330,294,2025-12-07 17:10:02,CA,mobile,15.51,0
2331,131,2025-12-06 10:30:41,CA,mobile,12.52,1
2332,1721,2025-11-30 12:56:47,IN,mobile,3.97,0
2333,537,2025-11-30 03:20:29,CA,mobile,8.79,0
2334,1646,2025-11-29 01:01:11,US,desktop,15.2,1
2335,1106,2025-12-03 00:38:34,US,mobile,16.68,0
2336,1078,2025-11-24 18:34:48,CA,desktop,5.79,1
2337,910,2025-12-10 01:26:56,US,tablet,1.96,0
2338,1638,2025-11-21 08:08:04,DE,desktop,4.31,0
2339,87,2025-11-11 05:40:06,IN,desktop,11.7,0
2340,186,2025-12-01 22:11:12,DE,mobile,26.03,0
2341,847,2025-11-30 20:02:11,DE,mobile,7.15,0
2342,789,2025-12-10 09:32:20,US,mobile,5.13,1
2343,1091,2025-11-22 19:52:02,GB,mobile,31.18,0
2344,1475,2025-11-23 17:03:29,DE,mobile,9.43,0
2345,1175,2025-11-27 19:52:23,CA,mobile,3.54,0
2346,515,2025-11-22 17:37:13,CA,mobile,6.88,0
2347,655,2025-12-04 12:19:48,CA,desktop,13.46,0
2348,1504,2025-11-23 19:28:28,CA,mobile,7.08,0
2349,403,2025-12-04 11:26:28,CA,mobile,11.9,0
2350,1008,2025-11-23 17:37:27,IN,mobile,2.82,0
2351,1078,2025-11-17 17:18:13,GB,mobile,3.13,0
2352,1500,2025-12-10 16:28:57,IN,mobile,4.75,0
2353,1428,2025-11-26 18:18:06,DE,mobile,6.24,0
2354,929,2025-12-02 04:06:47,IN,mobile,9.03,0
2355,619,2025-11-28 16:56:35,CA,desktop,10.83,0
2356,736,2025-11-21 17:50:44,DE,tablet,32.45,0
2357,823,2025-12-10 03:10:24,GB,mobile,4.74,0
2358,439,2025-11-22 02:42:52,CA,mobile,6.12,0
2359,1251,2025-12-10 18:15:34,CA,desktop,4.82,0
2360,417,2025-11-23 21:24:23,IN,desktop,14.12,0
2361,1297,2025-11-11 15:32:24,US,tablet,14.59,0
2362,1503,2025-11-12 01:39:55,GB,mobile,5.65,0
2363,1923,2025-12-10 04:15:58,CA,mobile,25.52,1
2364,238,2025-11-26 19:15:38,US,mobile,4.83,1
2365,1519,2025-11-22 14:19:50,IN,desktop,13.71,0
2366,172,2025-12-05 07:25:37,DE,mobile,17.68,0
2367,675,2025-11-29 11:34:48,GB,tablet,3.26,0
2368,353,2025-11-30 18:50:29,CA,mobile,10.45,0
2369,325,2025-12-01 12:45:21,IN,desktop,1.44,0
2370,351,2025-11-16 22:05:44,US,mobile,12.12,0
2371,88,2025-11-13 14:47:11,GB,mobile,3.82,0
2372,1646,2025-12-02 19:25:02,GB,mobile,10.39,0
2373,123,2025-11-11 14:56:06,GB,desktop,11.62,0
2374,797,2025-12-02 13:14:34,CA,mobile,14.47,0
2375,1398,2025-11-14 20:47:06,GB,mobile,12.61,0
2376,1980,2025-11-18 20:15:39,IN,desktop,7.64,0
2377,1707,2025-12-02 04:49:08,IN,tablet,5.88,0
2378,275,2025-11-29 15:42:09,GB,desktop,7.07,0
2379,1975,2025-12-04 09:56:21,IN,desktop,3.78,0
2380,1307,2025-11-29 07:06:57,GB,mobile,6.51,0
2381,359,2025-11-12 09:41:03,US,tablet,6.21,0
2382,898,2025-12-06 03:52:47,IN,mobile,4.6,0
2383,1835,2025-11-17 10:34:07,IN,tablet,2.6,1
2384,786,2025-11-15 01:12:17,US,desktop,3.43,1
2385,368,2025-12-07 07:46:51,DE,mobile,1.12,0
2386,1750,2025-11-16 19:30:59,DE,mobile,6.14,0
2387,1905,2025-11-27 01:12:17,GB,desktop,9.17,1
2388,1951,2025-11-25 13:07:50,IN,desktop,1.48,0
2389,1911,2025-12-04 01:16:46,GB,desktop,8.52,0
2390,1745,2025-11-12 07:01:02,DE,tablet,6.87,0
2391,909,2025-11-14 04:03:02,US,mobile,3.65,0
2392,385,2025-11-23 10:27:38,DE,mobile,5.7,0
2393,1234,2025-11-25 03:58:53,US,mobile,13.88,1
2394,442,2025-12-04 14:45:01,US,mobile,4.12,0
2395,946,2025-11-29 03:21:35,GB,mobile,7.75,0
2396,1312,2025-11-15 10:18:25,US,tablet,9.1,0
2397,1893,2025-12-10 08:01:38,IN,mobile,4.51,0
2398,578,2025-11-24 18:23:45,US,desktop,13.53,1
2399,504,2025-12-09 21:44:18,GB,desktop,9.42,0
2400,1469,2025-12-10 15:51:59,US,mobile,6.35,0
2401,13,2025-11-12 12:26:16,CA,desktop,30.51,0
2402,1133,2025-11-26 03:29:42,DE,desktop,13.57,0
2403,1492,2025-11-23 15:05:52,GB,mobile,2.69,0
2404,1102,2025-11-25 22:01:33,US,mobile,5.85,0
2405,768,2025-11-20 06:23:22,CA,mobile,32.46,0
2406,1657,2025-11-27 17:33:50,DE,desktop,4.1,1
2407,742,2025-11-25 17:36:50,CA,mobile,7.69,1
2408,1421,2025-11-16 13:09:21,US,mobile,15.47,0
2409,928,2025-11-19 14:57:39,GB,tablet,10.93,1
2410,54,2025-11-15 09:11:26,US,desktop,11.92,0
2411,1061,2025-12-06 06:37:30,IN,desktop,11.5,0
2412,99,2025-12-01 06:55:41,US,tablet,7.5,0
2413,1861,2025-11-22 14:15:20,US,mobile,4.59,0
2414,1203,2025-11-22 20:11:05,IN,mobile,9.59,1
2415,744,2025-11-13 08:11:03,CA,desktop,5.8,0
2416,972,2025-11-19 15:57:55,DE,mobile,5.54,0
2417,1238,2025-12-08 16:49:00,DE,mobile,17.98,0
2418,521,2025-11-11 21:50:05,CA,desktop,5.88,0
2419,577,2025-11-15 08:26:28,CA,mobile,20.57,0
2420,837,2025-12-06 08:23:20,US,mobile,8.62,0
2421,517,2025-11-26 13:52:08,GB,mobile,6.72,0
2422,1516,2025-11-11 22:30:34,DE,desktop,2.48,0
2423,208,2025-11-25 15:51:53,CA,mobile,26.36,0
2424,1653,2025-12-03 11:13:14,DE,mobile,7.36,0
2425,697,2025-11-21 07:41:04,DE,desktop,1.89,0
2426,1122,2025-11-22 10:15:52,GB,tablet,13.36,0
2427,316,2025-11-29 21:46:53,GB,mobile,7.17,0
2428,771,2025-11-28 22:17:16,US,mobile,4.23,1
2429,1509,2025-12-08 01:19:48,GB,mobile,12.92,0
2430,542,2025-11-18 09:33:39,US,mobile,1.6,0
2431,265,2025-11-19 06:00:11,CA,mobile,4.81,0
2432,1044,2025-11-15 15:07:13,US,mobile,6.17,0
2433,325,2025-11-30 21:58:31,GB,mobile,12.32,0
2434,630,2025-11-26 23:16:19,CA,mobile,28.34,0
2435,901,2025-11-21 09:02:15,CA,mobile,6.38,0
2436,1128,2025-12-01 20:04:39,GB,desktop,9.74,0
2437,1279,2025-11-22 06:26:50,IN,mobile,38.44,0
2438,1353,2025-11-16 19:59:16,IN,mobile,7.41,0
2439,1688,2025-11-27 03:55:20,CA,mobile,9.79,0
2440,133,2025-11-24 01:24:40,DE,desktop,3.52,0
2441,725,2025-11-23 03:07:04,IN,mobile,23.94,0
2442,3,2025-11-24 07:23:03,GB,mobile,4.82,0
2443,19,2025-12-08 09:27:28,GB,desktop,8.68,0
2444,425,2025-11-17 10:44:15,DE,desktop,8.53,0
2445,1196,2025-11-19 05:49:04,CA,desktop,7.78,0
2446,1789,2025-11-27 22:04:06,US,mobile,5.69,0
2447,1547,2025-11-12 08:51:34,DE,mobile,8.54,1
2448,1292,2025-11-15 08:18:23,IN,mobile,21.21,0
2449,1556,2025-11-27 22:59:44,US,mobile,29.04,0
2450,344,2025-11-26 06:15:07,US,mobile,6.65,0
2451,1679,2025-11-30 13:15:48,GB,mobile,5.64,0
2452,1780,2025-11-14 08:54:12,GB,mobile,4.55,0
2453,191,2025-12-06 14:01:25,US,tablet,37.03,0
2454,940,2025-11-25 12:49:23,GB,mobile,7.98,0
2455,1660,2025-11-15 14:51:06,CA,mobile,14.43,0
2456,952,2025-11-20 07:35:02,DE,tablet,11.22,0
2457,1681,2025-11-17 19:00:05,GB,desktop,27.8,0
2458,1871,2025-11-24 12:51:00,DE,mobile,6.37,1
2459,949,2025-11-25 01:11:16,IN,desktop,3.8,0
2460,119,2025-11-23 23:31:56,DE,mobile,22.55,0
2461,680,2025-11-24 19:09:29,GB,desktop,12.7,1
2462,431,2025-12-08 04:56:40,US,mobile,9.72,0
2463,948,2025-12-09 17:49:06,GB,tablet,18.56,0
2464,1171,2025-11-25 15:59:11,CA,mobile,10.05,1
2465,928,2025-12-09 20:36:34,IN,desktop,18.95,0
2466,391,2025-12-05 12:33:07,US,mobile,8.57,0
2467,603,2025-12-05 13:36:12,CA,mobile,12.69,0
2468,1359,2025-11-17 17:42:09,CA,mobile,10.13,0
2469,54,2025-11-24 02:53:58,IN,desktop,6.08,1
2470,428,2025-11-21 12:43:56,DE,mobile,6.53,1
2471,1784,2025-11-13 20:40:39,US,tablet,5.84,0
2472,199,2025-11-13 05:17:49,IN,mobile,8.67,0
2473,830,2025-11-29 15:23:05,CA,desktop,5.62,0
2474,414,2025-11-23 14:10:16,IN,desktop,9.6,1
2475,210,2025-12-05 17:45:09,US,mobile,9.4,0
2476,846,2025-12-01 00:41:48,DE,desktop,8.36,0
2477,1043,2025-11-13 12:33:26,DE,desktop,8.44,0
2478,353,2025-12-06 02:42:46,DE,desktop,5.26,0
2479,156,2025-11-25 20:25:19,DE,mobile,6.24,0
2480,270,2025-11-27 22:41:29,US,desktop,2.71,0
2481,1303,2025-12-09 22:31:36,US,mobile,6.88,0
2482,1720,2025-11-30 04:05:06,DE,mobile,4.09,0
2483,361,2025-11-11 15:16:43,CA,mobile,7.85,1
2484,641,2025-11-16 06:51:54,US,desktop,4.81,0
2485,688,2025-11-23 18:12:12,IN,tablet,2.16,0
2486,722,2025-11-12 02:01:16,IN,mobile,28.54,0
2487,489,2025-11-15 23:48:46,GB,mobile,6.43,0
2488,111,2025-12-04 17:14:53,DE,mobile,17.61,0
2489,1050,2025-11-15 06:02:27,CA,mobile,5.39,1
2490,715,2025-11-15 23:30:01,CA,desktop,20.47,0
2491,685,2025-11-26 02:36:13,US,desktop,3.7,0
2492,530,2025-11-13 16:52:29,IN,desktop,8.21,0
2493,1858,2025-11-18 15:19:31,CA,desktop,3.84,0
2494,1221,2025-12-09 02:16:39,GB,mobile,35.18,1
2495,837,2025-11-29 21:53:37,CA,mobile,6.36,0
2496,411,2025-12-09 20:58:05,IN,mobile,12.15,0
2497,1602,2025-11-21 14:17:34,IN,tablet,9.68,0
2498,1776,2025-11-29 10:56:16,GB,desktop,7.28,0
2499,65,2025-11-18 02:59:44,CA,mobile,10.08,0
2500,1859,2025-11-22 07:51:05,IN,mobile,16.7,0
2501,1399,2025-11-16 04:59:05,IN,mobile,11.03,0
2502,200,2025-12-05 23:09:54,IN,tablet,8.15,0
2503,1506,2025-11-16 11:44:46,US,mobile,10.09,1
2504,215,2025-11-17 02:37:52,DE,mobile,23.31,0
2505,102,2025-11-24 21:10:28,GB,mobile,5.75,0
2506,231,2025-11-23 20:23:42,GB,desktop,2.43,0
2507,920,2025-11-20 09:11:47,DE,desktop,3.83,0
2508,1239,2025-11-21 16:17:06,US,mobile,4.0,0
2509,815,2025-11-19 19:39:03,DE,desktop,4.35,1
2510,244,2025-12-08 08:22:36,IN,mobile,4.45,0
2511,399,2025-11-28 09:06:06,DE,desktop,7.29,0
2512,1704,2025-12-08 13:28:21,US,mobile,8.57,0
2513,1925,2025-12-10 13:44:17,DE,mobile,8.52,0
2514,1508,2025-11-30 11:52:14,GB,mobile,4.77,0
2515,207,2025-12-05 17:42:39,CA,desktop,13.41,1
2516,1639,2025-11-14 06:57:56,GB,mobile,10.18,1
2517,1384,2025-12-09 10:48:45,US,mobile,19.08,0
2518,1052,2025-11-25 10:24:41,IN,mobile,12.28,0
2519,287,2025-12-02 08:54:20,US,mobile,5.99,0
2520,1993,2025-11-18 07:52:09,GB,desktop,16.17,0
2521,885,2025-11-13 19:59:37,DE,mobile,8.71,0
2522,89,2025-12-07 12:22:19,IN,mobile,11.93,0
2523,420,2025-11-24 10:50:08,DE,desktop,11.38,0
2524,803,2025-11-15 02:52:58,CA,mobile,6.86,1
2525,125,2025-11-30 17:20:09,IN,desktop,7.86,0
2526,648,2025-11-12 14:20:10,IN,mobile,6.83,0
2527,937,2025-11-24 11:34:24,US,tablet,4.43,0
2528,1897,2025-12-02 02:25:18,GB,desktop,2.04,0
2529,173,2025-12-02 13:56:08,DE,mobile,4.87,0
2530,1154,2025-11-24 13:35:55,US,mobile,8.33,0
2531,1831,2025-11-22 01:36:24,GB,desktop,14.17,0
2532,1612,2025-12-06 02:51:19,US,desktop,11.91,0
2533,1849,2025-11-16 12:14:35,CA,mobile,6.25,0
2534,341,2025-11-13 04:57:58,IN,mobile,4.91,0
2535,1602,2025-11-15 16:09:34,DE,mobile,6.63,0
2536,1957,2025-12-05 00:00:27,DE,desktop,4.12,0
2537,652,2025-11-25 01:33:46,GB,desktop,2.08,0
2538,997,2025-11-12 02:06:49,US,mobile,2.92,0
2539,1062,2025-11-16 00:45:05,GB,mobile,16.86,0
2540,987,2025-11-11 19:26:35,US,desktop,22.52,0
2541,580,2025-12-05 09:37:15,GB,tablet,11.62,0
2542,1941,2025-11-24 19:22:48,GB,mobile,7.14,0
2543,1913,2025-11-13 00:14:14,DE,mobile,3.2,0
2544,762,2025-11-17 14:33:45,GB,mobile,6.71,0
2545,1610,2025-11-29 11:04:49,US,desktop,10.67,0
2546,795,2025-11-28 18:42:36,CA,mobile,12.16,0
2547,1589,2025-12-05 13:07:10,US,mobile,11.17,0
2548,1169,2025-11-11 17:49:15,GB,desktop,15.27,0
2549,940,2025-11-13 01:12:02,GB,mobile,23.71,0
2550,256,2025-11-12 00:42:47,US,mobile,5.79,0
2551,1309,2025-11-22 18:57:35,CA,mobile,39.77,0
2552,642,2025-12-02 18:46:46,GB,mobile,2.2,0
2553,434,2025-11-30 20:35:45,DE,mobile,4.63,0
2554,387,2025-11-17 06:33:06,US,mobile,8.33,0
2555,1963,2025-11-30 16:26:41,IN,mobile,10.27,0
2556,207,2025-11-30 15:51:11,US,mobile,6.63,0
2557,1597,2025-11-16 17:01:57,GB,desktop,5.49,0
2558,1732,2025-12-03 11:10:36,IN,desktop,27.7,0
2559,63,2025-11-23 15:16:57,CA,mobile,5.33,0
2560,1179,2025-11-12 17:57:04,GB,desktop,4.01,0
2561,1155,2025-11-22 16:27:03,DE,mobile,20.38,0
2562,717,2025-12-04 01:27:20,US,desktop,12.3,0
2563,1333,2025-12-01 20:30:18,GB,desktop,14.25,0
2564,817,2025-11-19 00:29:45,DE,desktop,8.31,0
2565,879,2025-12-03 16:12:08,IN,desktop,3.24,1
2566,863,2025-11-22 15:42:21,IN,mobile,7.77,0
2567,1601,2025-11-24 18:36:22,DE,mobile,2.98,0
2568,1266,2025-11-13 13:36:46,US,mobile,8.55,0
2569,758,2025-12-10 21:07:14,DE,mobile,10.94,0
2570,1853,2025-12-06 03:02:46,CA,desktop,14.09,0
2571,1604,2025-11-16 19:34:52,DE,mobile,6.99,0
2572,1865,2025-11-27 18:57:27,GB,mobile,11.58,1
2573,1461,2025-12-04 09:05:25,GB,mobile,4.3,0
2574,783,2025-11-26 02:35:30,CA,desktop,13.2,0
2575,1546,2025-11-17 07:00:31,DE,mobile,11.08,0
2576,659,2025-12-10 00:35:32,CA,mobile,4.57,0
2577,542,2025-11-19 00:46:28,CA,desktop,10.16,0
2578,902,2025-11-21 00:04:36,IN,mobile,14.21,0
2579,1938,2025-11-22 02:48:09,US,desktop,7.75,0
2580,1136,2025-12-07 16:35:37,GB,mobile,4.51,0
2581,768,2025-11-25 23:14:31,GB,mobile,8.22,0
2582,924,2025-12-02 13:24:28,CA,tablet,10.29,0
2583,583,2025-12-08 00:06:18,GB,mobile,4.49,0
2584,1317,2025-12-08 19:46:22,GB,mobile,4.04,0
2585,701,2025-12-06 15:51:48,CA,mobile,10.1,0
2586,1109,2025-12-08 04:51:00,US,tablet,12.11,0
2587,740,2025-12-09 09:57:18,DE,desktop,26.84,1
2588,642,2025-12-10 16:46:27,IN,mobile,11.02,0
2589,1940,2025-11-30 06:15:36,CA,mobile,3.58,0
2590,692,2025-11-14 22:02:24,IN,mobile,25.13,0
2591,141,2025-11-14 08:49:07,IN,desktop,13.92,0
2592,757,2025-12-04 20:21:52,CA,mobile,2.22,0
2593,1064,2025-11-20 10:51:19,CA,mobile,3.98,1
2594,190,2025-12-05 02:28:07,DE,mobile,5.5,0
2595,612,2025-12-09 00:14:33,DE,tablet,12.22,1
2596,332,2025-11-30 07:10:54,CA,mobile,1.77,0
2597,1001,2025-12-03 21:31:42,CA,mobile,6.88,0
2598,1446,2025-11-19 08:00:45,DE,tablet,11.81,0
2599,1936,2025-11-24 00:06:01,GB,mobile,1.35,0
2600,778,2025-12-09 22:08:22,DE,mobile,11.57,0
2601,1726,2025-12-05 11:22:00,GB,mobile,12.43,0
2602,429,2025-11-17 02:25:00,IN,mobile,4.45,0
2603,1561,2025-12-09 01:23:04,IN,mobile,3.7,0
2604,1125,2025-11-25 22:55:37,CA,mobile,4.4,0
2605,1516,2025-12-06 06:49:03,IN,mobile,1.49,1
2606,1511,2025-11-26 14:42:12,CA,mobile,6.08,0
2607,1065,2025-11-29 02:02:10,CA,desktop,8.43,0
2608,515,2025-11-15 19:44:59,CA,mobile,3.56,0
2609,1052,2025-11-21 03:04:16,US,desktop,13.24,0
2610,1653,2025-12-02 15:27:12,DE,mobile,7.86,0
2611,1941,2025-12-06 05:45:20,GB,mobile,8.64,1
2612,1855,2025-11-13 15:13:01,IN,mobile,5.81,0
2613,363,2025-11-13 06:34:30,IN,mobile,11.54,1
2614,1195,2025-12-01 18:15:47,GB,desktop,16.03,0
2615,210,2025-11-24 09:08:28,CA,mobile,5.79,0
2616,1338,2025-12-06 10:14:09,CA,desktop,11.67,0
2617,1984,2025-11-13 00:21:05,IN,tablet,11.74,0
2618,106,2025-11-21 10:47:53,US,mobile,9.49,0
2619,1313,2025-11-12 00:44:59,US,tablet,20.21,0
2620,1891,2025-12-02 06:00:56,GB,mobile,4.78,0
2621,1694,2025-12-06 16:53:12,CA,mobile,5.74,0
2622,785,2025-11-15 16:06:36,IN,mobile,4.64,0
2623,208,2025-11-20 16:29:29,US,desktop,11.42,0
2624,1847,2025-12-06 08:18:57,IN,desktop,6.27,0
2625,1842,2025-11-12 05:03:46,CA,tablet,4.87,0
2626,1158,2025-12-09 12:41:44,IN,desktop,20.04,0
2627,1957,2025-12-07 13:51:55,IN,mobile,21.88,0
2628,10,2025-11-15 13:10:20,US,desktop,6.07,0
2629,1233,2025-11-15 03:15:45,CA,tablet,3.25,0
2630,78,2025-12-01 17:22:17,US,desktop,22.6,0
2631,1871,2025-11-11 06:30:08,CA,mobile,9.8,0
2632,1361,2025-11-26 03:25:52,GB,desktop,9.51,0
2633,1826,2025-11-12 22:41:37,US,mobile,7.87,0
2634,1125,2025-11-26 21:54:44,GB,tablet,4.57,0
2635,167,2025-11-21 11:22:33,US,tablet,5.77,0
2636,54,2025-12-02 03:54:19,US,desktop,11.1,0
2637,671,2025-12-07 09:20:32,US,mobile,5.65,1
2638,1487,2025-11-25 15:07:33,DE,mobile,9.58,1
2639,302,2025-11-30 05:18:23,CA,tablet,7.45,0
2640,1704,2025-11-28 23:28:04,GB,desktop,3.92,0
2641,479,2025-12-10 12:22:47,DE,desktop,19.54,0
2642,993,2025-11-17 21:28:53,GB,tablet,10.55,0
2643,406,2025-11-18 03:15:59,IN,mobile,9.01,0
2644,932,2025-11-22 07:45:27,GB,desktop,10.31,0
2645,904,2025-12-03 01:39:05,CA,mobile,2.52,1
2646,11,2025-12-06 22:12:20,IN,mobile,5.5,0
2647,1136,2025-11-19 07:26:49,IN,mobile,2.96,1
2648,1573,2025-11-14 06:21:45,CA,mobile,7.96,0
2649,1872,2025-11-29 05:27:39,DE,mobile,8.98,0
2650,662,2025-11-28 21:29:13,US,desktop,8.04,0
2651,1761,2025-11-22 05:04:02,US,mobile,14.99,0
2652,1757,2025-11-16 11:55:10,GB,desktop,3.01,0
2653,1976,2025-12-06 11:08:27,US,mobile,4.57,0
2654,746,2025-12-06 08:44:28,DE,desktop,9.47,0
2655,1701,2025-12-03 09:27:15,IN,mobile,8.66,0
2656,1130,2025-11-28 08:08:39,US,desktop,3.36,0
2657,117,2025-11-18 19:27:35,IN,mobile,15.15,0
2658,541,2025-11-23 01:25:40,CA,mobile,18.65,0
2659,1344,2025-11-13 00:30:11,CA,mobile,9.54,0
2660,322,2025-11-18 11:06:23,CA,mobile,2.99,0
2661,870,2025-11-24 11:32:52,CA,mobile,8.13,1
2662,1550,2025-11-24 01:45:39,DE,mobile,9.06,0
2663,300,2025-11-13 09:06:13,CA,mobile,6.28,0
2664,993,2025-12-09 16:42:49,CA,desktop,16.58,0
2665,430,2025-11-19 00:21:53,DE,mobile,6.89,0
2666,1073,2025-11-26 05:51:48,IN,mobile,26.12,0
2667,482,2025-11-24 22:12:59,CA,mobile,11.82,0
2668,1930,2025-11-25 01:15:54,IN,mobile,8.72,0
2669,154,2025-12-06 07:39:18,US,mobile,12.84,0
2670,1927,2025-12-03 08:32:59,US,desktop,18.51,0
2671,1583,2025-12-06 23:55:48,IN,mobile,12.67,0
2672,1711,2025-11-22 08:08:48,US,mobile,7.06,0
2673,1703,2025-11-18 22:08:36,US,mobile,4.97,1
2674,376,2025-11-23 18:58:40,GB,mobile,3.77,0
2675,1862,2025-11-27 19:30:22,IN,desktop,1.71,0
2676,1188,2025-11-21 01:50:06,IN,mobile,8.2,0
2677,1924,2025-11-24 18:28:28,IN,desktop,5.86,0
2678,1756,2025-11-15 11:53:42,IN,mobile,6.05,0
2679,1159,2025-11-28 11:36:00,CA,desktop,13.7,0
2680,749,2025-12-02 09:10:31,GB,mobile,6.91,0
2681,235,2025-11-26 18:47:08,IN,tablet,23.04,0
2682,203,2025-12-07 03:48:54,DE,mobile,5.24,0
2683,780,2025-12-10 20:07:14,GB,mobile,4.13,0
2684,1622,2025-12-08 03:15:34,US,desktop,3.47,0
2685,1011,2025-11-13 18:10:37,US,desktop,11.4,0
2686,964,2025-12-07 09:24:39,GB,mobile,14.74,0
2687,489,2025-11-20 23:30:00,GB,mobile,5.17,0
2688,1129,2025-11-24 12:31:01,US,mobile,3.9,0
2689,1276,2025-11-23 07:51:26,GB,desktop,18.51,0
2690,1964,2025-11-19 11:45:37,DE,mobile,3.09,0
2691,1459,2025-12-07 06:50:17,CA,mobile,13.55,1
2692,1214,2025-11-30 02:32:16,IN,mobile,5.25,0
2693,1820,2025-12-09 23:26:57,US,tablet,9.38,0
2694,850,2025-12-09 14:37:13,DE,mobile,14.1,1
2695,1869,2025-11-23 13:27:38,US,mobile,9.83,0
2696,740,2025-12-02 18:42:33,US,tablet,6.19,1
2697,256,2025-11-26 00:56:06,IN,mobile,17.08,0
2698,835,2025-11-25 19:31:25,IN,desktop,8.79,0
2699,258,2025-12-03 03:46:23,GB,desktop,67.32,1
2700,237,2025-12-01 15:10:29,CA,mobile,2.66,0
2701,1762,2025-12-08 07:41:24,US,desktop,2.63,0
2702,1589,2025-12-04 03:27:36,US,tablet,13.42,0
2703,443,2025-11-29 15:10:28,IN,mobile,7.25,0
2704,1675,2025-12-08 13:06:23,IN,mobile,11.89,0
2705,138,2025-11-14 00:56:58,CA,desktop,3.82,0
2706,569,2025-12-03 20:44:53,US,mobile,7.63,0
2707,1412,2025-11-22 17:40:35,IN,mobile,9.72,0
2708,608,2025-11-23 23:07:47,US,mobile,5.33,0
2709,1461,2025-12-04 10:02:19,US,desktop,8.49,0
2710,1748,2025-11-19 04:13:46,IN,desktop,3.26,0
2711,133,2025-12-07 11:26:51,DE,tablet,9.36,0
2712,48,2025-11-25 23:08:51,US,mobile,17.59,1
2713,1880,2025-11-21 10:30:48,CA,tablet,3.52,1
2714,1041,2025-11-20 19:31:15,IN,mobile,3.39,0
2715,1013,2025-11-23 14:17:47,IN,desktop,15.09,0
2716,927,2025-12-09 06:01:23,CA,desktop,3.36,1
2717,867,2025-11-14 01:08:10,GB,mobile,12.24,0
2718,1380,2025-11-26 04:58:05,GB,mobile,7.64,0
2719,1159,2025-12-06 00:26:09,DE,mobile,5.75,0
2720,327,2025-11-25 03:06:48,US,mobile,17.81,0
2721,1253,2025-11-27 22:45:56,CA,desktop,12.9,1
2722,1336,2025-11-21 09:56:02,CA,mobile,8.74,0
2723,228,2025-11-15 01:18:21,CA,desktop,2.03,0
2724,754,2025-11-30 03:36:20,IN,mobile,11.33,0
2725,1581,2025-12-08 13:36:01,DE,mobile,3.89,0
2726,1237,2025-11-26 13:40:10,CA,desktop,6.47,0
2727,273,2025-11-23 22:17:59,US,mobile,7.42,0
2728,81,2025-11-14 20:08:52,GB,tablet,23.07,0
2729,1162,2025-12-09 07:26:16,IN,tablet,6.35,0
2730,923,2025-12-07 01:03:44,DE,mobile,3.15,0
2731,1922,2025-12-08 00:38:17,DE,mobile,17.85,0
2732,1044,2025-11-21 17:43:19,CA,mobile,11.42,0
2733,1863,2025-11-29 17:26:53,IN,desktop,11.68,0
2734,429,2025-11-23 22:41:21,US,mobile,18.05,0
2735,895,2025-11-18 00:10:54,US,tablet,20.78,0
2736,280,2025-11-17 03:18:47,CA,tablet,4.33,0
2737,1148,2025-11-22 11:36:23,IN,mobile,3.21,1
2738,377,2025-11-27 13:40:46,DE,desktop,12.25,0
2739,985,2025-11-14 15:04:27,IN,mobile,6.31,0
2740,688,2025-12-02 00:42:44,CA,mobile,6.67,0
2741,372,2025-11-24 16:49:24,GB,mobile,3.77,1
2742,194,2025-12-07 09:40:18,US,desktop,10.49,0
2743,1024,2025-11-19 07:57:49,DE,mobile,9.41,0
2744,1894,2025-11-12 12:23:25,IN,desktop,6.73,0
2745,398,2025-11-20 07:54:45,CA,mobile,3.21,0
2746,810,2025-12-10 04:01:54,US,desktop,15.26,1
2747,449,2025-11-20 15:04:15,GB,tablet,8.61,0
2748,1618,2025-12-02 01:58:53,CA,desktop,14.45,0
2749,830,2025-12-06 06:24:11,CA,mobile,2.09,0
2750,1948,2025-11-19 11:55:40,US,mobile,7.65,1
2751,491,2025-11-30 05:54:08,CA,mobile,4.81,0
2752,162,2025-11-17 02:27:16,US,mobile,7.55,0
2753,1165,2025-11-21 20:01:17,US,tablet,13.01,0
2754,1303,2025-11-19 20:24:57,CA,mobile,9.23,0
2755,1981,2025-12-01 03:21:07,US,mobile,7.47,0
2756,1742,2025-12-07 05:45:19,GB,desktop,7.45,0
2757,1768,2025-11-18 12:56:54,US,mobile,2.9,0
2758,1268,2025-11-19 17:02:01,IN,desktop,4.29,0
2759,720,2025-12-05 14:18:42,US,mobile,14.48,0
2760,858,2025-11-24 20:27:50,GB,mobile,5.46,0
2761,268,2025-11-26 08:38:17,GB,desktop,14.65,0
2762,862,2025-12-02 03:21:51,DE,mobile,12.13,0
2763,729,2025-11-15 02:17:39,IN,tablet,12.52,0
2764,72,2025-12-07 03:03:55,US,mobile,9.02,0
2765,409,2025-11-21 22:11:38,IN,mobile,5.69,0
2766,1069,2025-11-30 17:24:14,IN,mobile,6.75,0
2767,739,2025-11-23 22:24:13,GB,mobile,10.85,0
2768,1987,2025-12-03 13:28:17,IN,mobile,2.06,0
2769,957,2025-11-29 07:34:21,GB,mobile,15.58,1
2770,1917,2025-11-16 04:01:41,GB,mobile,5.47,0
2771,1321,2025-11-16 14:28:50,DE,tablet,7.02,1
2772,81,2025-12-07 06:57:59,GB,mobile,7.05,0
2773,407,2025-11-26 13:20:53,GB,desktop,7.21,1
2774,1411,2025-11-19 05:45:02,US,mobile,3.36,0
2775,1090,2025-11-15 06:22:42,DE,desktop,8.09,0
2776,604,2025-11-14 19:39:54,DE,mobile,10.56,0
2777,1044,2025-12-08 13:33:47,DE,mobile,2.17,0
2778,1806,2025-12-10 06:07:43,US,mobile,3.39,0
2779,778,2025-11-22 18:33:09,IN,mobile,12.65,0
2780,91,2025-11-17 00:24:48,GB,mobile,11.31,0
2781,622,2025-11-23 12:49:34,DE,mobile,8.84,0
2782,1871,2025-11-15 01:37:19,GB,desktop,4.91,0
2783,1523,2025-11-27 10:59:08,IN,mobile,11.35,0
2784,1675,2025-11-29 17:58:04,IN,tablet,3.59,0
2785,1823,2025-12-10 12:38:24,DE,mobile,6.8,0
2786,235,2025-11-20 12:48:51,DE,mobile,3.37,0
2787,566,2025-11-16 21:39:28,CA,mobile,6.7,0
2788,120,2025-11-14 23:14:39,IN,mobile,3.98,0
2789,10,2025-11-22 06:47:43,CA,desktop,11.63,0
2790,1669,2025-11-29 00:02:23,CA,mobile,9.58,0
2791,1873,2025-11-12 23:12:25,IN,desktop,5.25,0
2792,312,2025-12-03 17:42:07,DE,mobile,14.21,0
2793,1444,2025-11-24 18:30:36,CA,mobile,4.16,0
2794,1070,2025-12-04 18:20:08,CA,mobile,7.23,0
2795,139,2025-11-24 21:01:46,GB,desktop,5.11,0
2796,1831,2025-11-15 15:12:06,DE,mobile,11.54,0
2797,1742,2025-11-11 14:41:08,IN,tablet,10.87,0
2798,1135,2025-11-27 16:10:37,US,mobile,16.14,0
2799,1416,2025-11-27 03:37:44,GB,mobile,7.77,0
2800,795,2025-12-05 09:04:52,CA,desktop,1.25,1
2801,1585,2025-12-07 06:51:21,CA,mobile,5.71,0
2802,890,2025-11-15 19:12:55,DE,desktop,18.9,0
2803,1978,2025-11-20 09:48:26,CA,mobile,6.08,0
2804,127,2025-11-17 04:45:50,IN,desktop,2.34,0
2805,345,2025-11-14 04:04:00,DE,mobile,9.68,0
2806,1937,2025-11-11 00:58:08,US,tablet,10.12,0
2807,578,2025-11-13 10:29:50,GB,mobile,4.78,0
2808,621,2025-11-26 16:58:09,US,desktop,6.37,0
2809,1582,2025-11-15 12:34:32,CA,mobile,4.44,0
2810,379,2025-11-16 19:24:12,DE,desktop,10.11,0
2811,1027,2025-11-14 12:04:27,CA,desktop,7.64,0
2812,572,2025-12-02 16:41:14,IN,desktop,3.67,1
2813,396,2025-11-30 00:55:28,IN,mobile,7.35,0
2814,1928,2025-12-09 20:01:36,DE,mobile,4.76,0
2815,400,2025-11-14 07:30:32,IN,desktop,17.75,0
2816,189,2025-11-17 05:32:12,GB,mobile,12.63,0
2817,1348,2025-11-24 15:20:13,GB,desktop,6.87,0
2818,1734,2025-11-30 10:34:57,IN,mobile,7.76,0
2819,255,2025-11-14 20:53:23,US,mobile,13.58,0
2820,1415,2025-11-17 07:45:12,US,mobile,6.66,0
2821,1082,2025-11-23 14:43:19,US,desktop,11.65,0
2822,1660,2025-11-11 12:11:51,US,mobile,17.93,0
2823,254,2025-11-22 19:49:49,US,mobile,5.5,0
2824,1951,2025-12-03 17:23:30,US,desktop,19.84,0
2825,1238,2025-11-26 18:24:47,US,mobile,16.66,0
2826,1684,2025-11-23 23:42:58,CA,desktop,8.58,0
2827,724,2025-11-25 14:31:56,US,mobile,5.66,1
2828,1886,2025-12-09 08:55:09,IN,mobile,8.51,0
2829,1253,2025-11-26 13:56:51,US,mobile,6.38,0
2830,254,2025-11-26 23:55:07,CA,mobile,4.59,0
2831,1845,2025-12-08 21:25:12,GB,desktop,10.17,0
2832,1591,2025-11-15 16:37:13,DE,mobile,4.0,0
2833,601,2025-11-13 20:19:37,DE,mobile,6.03,0
2834,1091,2025-11-24 11:04:13,DE,mobile,6.08,0
2835,776,2025-11-20 12:36:46,DE,desktop,3.26,0
2836,1087,2025-11-17 01:18:53,IN,desktop,10.97,0
2837,1930,2025-11-14 13:16:31,DE,mobile,6.44,0
2838,1797,2025-12-07 07:24:49,CA,mobile,16.11,0
2839,431,2025-11-29 09:31:21,GB,mobile,6.38,0
2840,1943,2025-12-01 16:40:59,CA,desktop,5.79,0
2841,876,2025-11-14 12:15:13,CA,mobile,4.29,0
2842,1409,2025-11-21 04:55:28,DE,mobile,7.56,0
2843,1528,2025-11-29 14:13:52,CA,desktop,7.59,0
2844,966,2025-11-26 19:15:48,US,mobile,11.53,0
2845,913,2025-12-01 19:32:52,IN,desktop,7.69,1
2846,913,2025-12-01 01:15:30,DE,mobile,25.95,0
2847,1725,2025-11-23 08:50:06,CA,tablet,9.72,0
2848,773,2025-12-04 10:53:25,US,mobile,4.09,0
2849,560,2025-11-18 18:09:46,CA,mobile,3.88,0
2850,723,2025-11-13 08:56:19,US,mobile,10.18,0
2851,390,2025-12-08 08:51:49,GB,mobile,4.01,0
2852,783,2025-11-11 15:26:46,DE,desktop,10.56,0
2853,229,2025-11-19 11:28:27,GB,mobile,12.65,0
2854,180,2025-11-14 09:38:19,CA,mobile,12.83,0
2855,1447,2025-11-17 22:09:01,CA,desktop,4.39,0
2856,155,2025-11-22 19:37:48,US,mobile,12.84,0
2857,1136,2025-11-14 20:33:05,GB,desktop,8.97,0
2858,1559,2025-11-24 23:15:41,US,desktop,5.13,0
2859,1449,2025-12-08 18:54:22,DE,mobile,6.72,0
2860,892,2025-11-15 01:29:06,CA,desktop,9.8,0
2861,388,2025-12-08 18:22:21,DE,desktop,4.93,0
2862,1861,2025-11-23 07:15:46,US,desktop,8.86,0
2863,1670,2025-11-28 17:48:07,US,mobile,17.59,0
2864,1224,2025-11-24 05:12:04,US,mobile,13.18,0
2865,174,2025-11-20 11:12:32,IN,tablet,7.76,0
2866,71,2025-11-14 05:46:39,DE,mobile,8.5,0
2867,631,2025-11-28 18:26:14,US,mobile,5.35,0
2868,315,2025-12-08 11:13:40,CA,mobile,5.44,0
2869,1720,2025-11-26 14:12:00,GB,desktop,2.94,0
2870,412,2025-11-28 22:37:04,IN,desktop,8.59,0
2871,566,2025-11-30 06:43:41,DE,tablet,11.13,0
2872,1951,2025-11-22 14:58:42,IN,tablet,7.08,0
2873,1636,2025-11-14 14:03:52,IN,mobile,4.36,0
2874,438,2025-11-26 04:12:21,GB,desktop,7.69,0
2875,767,2025-12-07 00:51:38,IN,mobile,16.53,0
2876,1031,2025-11-20 09:27:17,GB,mobile,12.66,0
2877,1328,2025-12-07 02:41:23,GB,mobile,7.26,0
2878,1872,2025-12-06 14:21:04,DE,tablet,25.24,0
2879,1742,2025-11-18 07:29:30,CA,mobile,37.31,0
2880,1954,2025-11-28 05:14:36,CA,mobile,5.54,0
2881,82,2025-12-03 09:28:21,GB,mobile,6.38,0
2882,473,2025-11-25 19:33:27,GB,mobile,11.2,0
2883,1126,2025-12-01 22:46:42,US,mobile,4.27,0
2884,99,2025-12-08 07:04:12,GB,mobile,12.3,0
2885,711,2025-11-29 18:52:01,IN,mobile,7.85,0
2886,308,2025-12-06 02:34:41,GB,mobile,9.23,0
2887,1865,2025-12-04 23:55:41,DE,desktop,5.23,0
2888,127,2025-12-05 08:27:00,US,desktop,4.61,0
2889,297,2025-12-06 12:55:44,IN,desktop,2.25,0
2890,391,2025-11-17 17:40:17,GB,mobile,18.01,0
2891,298,2025-11-11 12:26:54,IN,mobile,13.0,0
2892,1137,2025-11-15 13:28:53,US,mobile,11.07,0
2893,729,2025-11-18 10:59:44,IN,tablet,9.11,0
2894,1824,2025-12-01 16:06:08,DE,mobile,1.85,1
2895,522,2025-11-26 06:23:33,CA,mobile,4.71,0
2896,1074,2025-11-25 00:39:18,GB,tablet,6.34,0
2897,1320,2025-11-11 05:46:10,IN,tablet,3.86,0
2898,1252,2025-12-01 11:30:21,DE,mobile,2.67,0
2899,1592,2025-11-21 21:29:23,IN,desktop,4.11,0
2900,404,2025-12-03 18:53:03,IN,mobile,7.61,0
2901,1015,2025-11-14 08:25:15,GB,mobile,7.61,0
2902,1601,2025-11-19 19:51:30,CA,mobile,12.74,0
2903,1726,2025-11-12 14:36:56,DE,tablet,25.48,0
2904,1235,2025-11-19 12:10:51,CA,mobile,11.15,0
2905,1304,2025-12-08 16:02:57,DE,desktop,6.65,0
2906,1728,2025-11-25 16:37:53,GB,mobile,21.76,0
2907,1250,2025-11-24 03:42:49,GB,desktop,2.86,0
2908,1897,2025-11-19 04:11:17,US,desktop,2.12,0
2909,256,2025-11-18 21:56:22,DE,desktop,4.34,0
2910,696,2025-11-30 23:41:07,DE,tablet,12.03,0
2911,225,2025-12-10 12:33:36,GB,desktop,8.18,0
2912,182,2025-12-03 08:52:43,US,desktop,3.75,0
2913,944,2025-12-03 01:52:03,CA,mobile,4.78,0
2914,452,2025-11-25 03:06:02,GB,tablet,3.51,0
2915,814,2025-11-13 22:15:09,IN,mobile,3.51,0
2916,876,2025-12-02 16:22:06,US,mobile,18.74,0
2917,1242,2025-12-05 05:30:53,US,mobile,6.78,0
2918,1891,2025-11-26 06:44:52,CA,mobile,21.36,0
2919,1698,2025-11-13 17:07:10,DE,mobile,4.33,1
2920,757,2025-12-02 08:30:01,US,mobile,9.92,0
2921,651,2025-12-08 14:23:57,US,mobile,8.47,0
2922,1541,2025-11-17 17:12:35,IN,tablet,12.53,0
2923,248,2025-11-15 18:01:49,DE,tablet,8.61,0
2924,1081,2025-12-03 03:11:59,IN,mobile,13.34,0
2925,846,2025-11-20 22:08:57,CA,tablet,10.3,0
2926,366,2025-12-02 10:07:19,DE,mobile,3.84,0
2927,1233,2025-12-02 01:31:07,DE,mobile,11.47,0
2928,642,2025-11-18 23:11:19,GB,tablet,6.95,0
2929,372,2025-11-12 05:39:37,DE,desktop,4.64,0
2930,1306,2025-11-27 15:31:54,CA,desktop,11.21,0
2931,349,2025-11-23 04:49:35,US,mobile,12.84,0
2932,1346,2025-12-06 15:03:25,DE,mobile,5.53,1
2933,325,2025-11-21 16:58:39,CA,mobile,5.99,0
2934,870,2025-11-18 10:53:20,IN,tablet,3.21,0
2935,1616,2025-12-06 18:33:41,DE,mobile,2.5,0
2936,458,2025-12-03 01:08:17,GB,mobile,6.39,0
2937,1535,2025-11-29 12:27:13,US,mobile,11.88,0
2938,1444,2025-12-09 14:05:19,CA,desktop,5.24,0
2939,1805,2025-12-04 10:59:28,GB,mobile,17.4,0
2940,338,2025-12-06 22:55:37,DE,desktop,6.53,0
2941,1430,2025-12-04 22:30:52,GB,mobile,6.55,0
2942,1873,2025-11-23 00:19:38,GB,mobile,6.21,0
2943,1526,2025-11-12 20:07:43,DE,mobile,13.32,0
2944,376,2025-11-29 04:25:20,GB,mobile,4.16,0
2945,1644,2025-12-03 21:57:20,CA,desktop,6.84,0
2946,215,2025-12-10 17:18:26,US,desktop,5.32,0
2947,1178,2025-12-01 09:59:29,US,mobile,5.28,0
2948,995,2025-11-28 00:30:27,US,mobile,7.55,1
2949,1062,2025-11-28 05:44:51,GB,mobile,6.9,0
2950,1039,2025-11-14 10:03:09,US,desktop,13.89,0
2951,63,2025-11-11 04:32:30,GB,tablet,7.34,0
2952,1016,2025-11-12 07:56:34,US,desktop,10.31,0
2953,1873,2025-12-08 02:44:35,DE,mobile,8.2,0
2954,873,2025-12-04 16:15:33,US,mobile,17.15,0
2955,554,2025-11-18 18:33:32,CA,tablet,6.16,0
2956,1989,2025-11-23 16:14:42,CA,mobile,6.17,0
2957,198,2025-11-25 11:26:08,DE,desktop,11.55,0
2958,973,2025-11-18 08:56:17,DE,tablet,6.11,0
2959,1025,2025-11-23 15:33:36,DE,desktop,9.96,0
2960,956,2025-11-21 09:33:23,CA,desktop,30.05,0
2961,1843,2025-12-01 19:28:42,IN,mobile,4.11,0
2962,844,2025-12-03 16:32:28,DE,tablet,18.52,0
2963,1946,2025-11-13 22:06:12,IN,mobile,5.5,0
2964,134,2025-11-24 22:12:39,DE,tablet,16.49,0
2965,1468,2025-12-10 16:55:23,GB,mobile,11.15,0
2966,1186,2025-12-07 00:33:08,US,desktop,10.59,0
2967,481,2025-12-04 18:44:32,CA,tablet,6.75,0
2968,456,2025-12-03 00:22:45,DE,mobile,6.36,0
2969,1439,2025-11-11 02:20:48,DE,mobile,4.79,0
2970,1275,2025-12-10 04:31:22,GB,mobile,7.42,0
2971,1222,2025-12-03 00:34:06,DE,desktop,6.62,0
2972,102,2025-12-07 14:57:19,IN,desktop,8.29,0
2973,1196,2025-12-08 05:38:14,US,mobile,3.17,1
2974,1962,2025-11-18 14:30:24,CA,desktop,7.49,0
2975,35,2025-11-11 09:10:52,CA,tablet,15.76,0
2976,938,2025-11-30 17:45:19,CA,desktop,13.02,0
2977,989,2025-11-24 17:41:46,IN,desktop,7.49,0
2978,1793,2025-11-11 14:01:25,GB,tablet,34.38,0
2979,566,2025-11-19 02:12:54,US,desktop,5.23,0
2980,951,2025-12-10 16:49:46,DE,mobile,7.01,0
2981,1434,2025-11-21 20:51:33,CA,tablet,3.09,0
2982,121,2025-11-18 19:09:25,US,mobile,5.8,0
2983,1602,2025-11-30 14:30:36,DE,tablet,21.6,1
2984,1644,2025-11-30 21:53:06,US,desktop,5.93,0
2985,1439,2025-11-20 22:20:54,DE,desktop,2.95,0
2986,1296,2025-12-06 10:37:24,US,mobile,12.47,0
2987,1495,2025-11-28 09:03:15,CA,mobile,9.33,0
2988,1563,2025-11-15 18:46:02,US,mobile,12.16,0
2989,1806,2025-11-20 17:13:09,IN,desktop,6.18,0
2990,856,2025-12-06 09:42:21,DE,desktop,4.04,0
2991,912,2025-11-13 15:32:57,CA,mobile,6.62,0
2992,1276,2025-11-11 08:02:58,GB,mobile,10.31,1
2993,386,2025-11-30 15:54:48,CA,desktop,7.08,0
2994,1712,2025-11-24 05:27:22,US,mobile,9.33,0
2995,1541,2025-11-18 13:16:19,IN,mobile,5.35,1
2996,1262,2025-11-25 03:05:59,CA,mobile,9.54,1
2997,604,2025-11-16 11:24:48,GB,desktop,7.38,0
2998,695,2025-11-22 04:34:41,IN,mobile,4.84,0
2999,870,2025-11-17 23:38:36,IN,desktop,8.04,0
3000,1325,2025-11-28 13:25:47,GB,mobile,5.86,0
3001,1556,2025-12-01 04:14:54,DE,mobile,10.7,0
3002,1344,2025-12-08 09:55:09,IN,desktop,12.48,0
3003,1859,2025-11-13 00:00:40,DE,tablet,9.98,0
3004,1921,2025-11-20 18:39:53,IN,mobile,2.77,0
3005,1410,2025-11-18 21:37:52,CA,desktop,4.14,0
3006,742,2025-11-28 08:17:59,IN,desktop,5.04,1
3007,1198,2025-11-26 23:05:10,DE,tablet,4.58,0
3008,850,2025-12-07 07:00:20,DE,mobile,5.34,0
3009,1258,2025-12-08 12:55:33,CA,mobile,12.87,0
3010,1624,2025-12-04 03:47:22,CA,mobile,11.24,0
3011,739,2025-11-16 22:27:01,GB,desktop,5.73,0
3012,1012,2025-11-12 04:33:38,GB,desktop,10.54,0
3013,92,2025-12-07 22:37:40,GB,mobile,9.0,0
3014,1473,2025-12-09 06:02:31,IN,mobile,7.24,1
3015,980,2025-11-18 11:30:36,IN,mobile,14.72,0
3016,919,2025-11-12 08:49:06,US,mobile,4.97,1
3017,1065,2025-12-01 09:15:52,CA,tablet,7.63,0
3018,431,2025-11-28 15:08:19,CA,mobile,3.93,0
3019,1196,2025-12-07 15:11:36,DE,desktop,4.05,0
3020,1490,2025-11-28 05:29:14,GB,mobile,3.27,0
3021,700,2025-12-03 18:40:46,CA,desktop,4.09,0
3022,263,2025-12-04 13:26:01,GB,desktop,7.77,0
3023,774,2025-11-11 06:16:58,GB,mobile,6.16,0
3024,397,2025-11-15 10:06:42,CA,desktop,6.28,0
3025,748,2025-12-04 08:50:26,CA,desktop,6.17,0
3026,1254,2025-11-16 08:22:46,IN,tablet,21.41,0
3027,227,2025-11-17 03:38:47,US,mobile,3.73,0
3028,1494,2025-12-03 12:44:59,US,mobile,3.5,0
3029,450,2025-11-17 02:28:40,CA,mobile,4.45,0
3030,1789,2025-11-15 10:52:34,GB,desktop,7.08,0
3031,1465,2025-11-11 08:56:35,DE,mobile,10.06,0
3032,545,2025-11-25 01:13:59,GB,tablet,10.71,0
3033,1126,2025-11-30 01:44:10,IN,mobile,13.02,0
3034,222,2025-12-02 22:01:09,CA,tablet,6.92,0
3035,200,2025-12-08 03:14:54,IN,mobile,5.83,0
3036,1912,2025-11-30 12:07:37,IN,mobile,19.69,0
3037,1605,2025-12-03 15:52:13,IN,mobile,1.39,0
3038,309,2025-11-17 06:52:04,GB,desktop,7.67,0
3039,566,2025-11-21 04:20:52,IN,desktop,9.56,0
3040,396,2025-11-20 02:05:02,IN,mobile,22.74,0
3041,790,2025-11-12 22:03:29,US,mobile,2.73,0
3042,583,2025-12-10 00:53:40,IN,tablet,5.74,0
3043,656,2025-11-18 04:56:36,DE,mobile,3.27,0
3044,1059,2025-11-24 10:16:32,US,mobile,2.51,0
3045,378,2025-11-21 16:13:59,CA,desktop,6.54,0
3046,1765,2025-11-12 07:14:31,CA,mobile,12.18,0
3047,1455,2025-12-08 01:38:33,DE,mobile,15.23,0
3048,1521,2025-11-17 13:20:02,US,mobile,5.37,1
3049,339,2025-11-13 23:32:08,IN,desktop,11.02,0
3050,1416,2025-11-21 05:47:09,CA,mobile,6.56,0
3051,1672,2025-11-15 06:44:45,US,tablet,10.32,0
3052,351,2025-12-10 22:51:54,DE,mobile,14.77,0
3053,1502,2025-11-16 15:18:38,CA,tablet,6.58,1
3054,716,2025-11-20 01:10:14,US,mobile,14.1,0
3055,1575,2025-11-19 02:29:28,GB,mobile,3.57,0
3056,957,2025-11-11 18:14:16,DE,mobile,10.96,0
3057,1604,2025-11-11 08:31:03,CA,mobile,13.74,1
3058,295,2025-11-26 08:32:10,DE,mobile,12.91,0
3059,778,2025-11-17 22:47:32,IN,desktop,3.63,0
3060,547,2025-11-13 11:25:43,DE,desktop,6.53,1
3061,497,2025-11-19 17:01:29,IN,desktop,8.86,0
3062,617,2025-11-19 04:33:41,IN,mobile,9.64,0
3063,765,2025-11-23 16:34:07,DE,desktop,7.92,0
3064,255,2025-12-10 17:44:55,US,mobile,17.42,0
3065,1414,2025-11-20 04:11:37,GB,desktop,3.4,0
3066,1100,2025-12-02 02:34:21,US,desktop,6.4,0
3067,1658,2025-12-04 00:32:29,DE,mobile,2.68,0
3068,1410,2025-11-12 11:42:45,DE,mobile,10.73,0
3069,298,2025-11-26 00:10:57,US,tablet,10.31,1
3070,140,2025-11-24 10:17:13,US,mobile,55.1,0
3071,846,2025-11-26 04:46:23,GB,desktop,13.68,0
3072,962,2025-11-16 02:48:42,GB,tablet,9.01,0
3073,481,2025-11-24 22:04:54,IN,mobile,8.61,0
3074,1564,2025-11-14 15:45:10,IN,mobile,6.11,0
3075,1163,2025-12-09 08:13:41,GB,mobile,7.99,0
3076,1496,2025-11-28 13:55:11,US,desktop,8.72,0
3077,218,2025-11-12 00:04:52,DE,mobile,2.27,0
3078,1630,2025-11-26 03:18:18,DE,mobile,8.32,0
3079,412,2025-12-08 18:11:36,DE,mobile,7.85,0
3080,897,2025-12-03 06:05:48,CA,tablet,21.17,0
3081,879,2025-11-19 03:45:23,CA,desktop,6.83,1
3082,1641,2025-12-07 17:41:35,CA,desktop,4.67,0
3083,554,2025-11-16 12:48:33,DE,tablet,8.68,0
3084,482,2025-11-18 08:50:37,US,desktop,7.73,0
3085,679,2025-11-15 14:49:55,GB,tablet,6.83,1
3086,722,2025-12-08 15:47:13,IN,mobile,3.43,0
3087,364,2025-12-02 11:24:30,DE,mobile,6.73,1
3088,353,2025-11-26 12:11:12,CA,desktop,5.22,0
3089,463,2025-12-01 00:07:51,DE,mobile,6.49,0
3090,935,2025-11-18 17:35:38,GB,mobile,11.46,0
3091,687,2025-11-13 02:06:23,DE,desktop,4.93,0
3092,784,2025-12-06 08:11:54,DE,desktop,6.47,0
3093,1438,2025-12-09 21:27:56,DE,mobile,10.22,0
3094,482,2025-11-12 00:48:51,IN,mobile,6.29,0
3095,1819,2025-11-12 12:26:45,DE,mobile,35.36,0
3096,1503,2025-11-27 18:04:46,GB,mobile,8.58,0
3097,350,2025-11-12 06:12:40,GB,mobile,3.51,0
3098,628,2025-12-02 14:48:01,GB,mobile,4.47,1
3099,367,2025-12-09 07:53:16,GB,desktop,4.2,0
3100,546,2025-11-19 08:49:00,DE,mobile,4.5,0
3101,731,2025-11-19 19:09:50,GB,mobile,10.2,0
3102,262,2025-12-06 20:56:49,US,desktop,3.8,0
3103,29,2025-11-21 15:41:09,US,mobile,6.06,0
3104,878,2025-11-18 04:14:15,CA,mobile,14.67,0
3105,1402,2025-11-13 11:54:45,IN,mobile,5.41,0
3106,606,2025-12-06 03:56:32,IN,desktop,11.06,0
3107,1721,2025-12-08 17:53:08,CA,mobile,2.69,1
3108,739,2025-11-13 07:47:06,US,mobile,5.92,0
3109,1801,2025-12-05 01:21:20,CA,mobile,4.34,0
3110,472,2025-11-15 18:22:50,DE,desktop,8.85,0
3111,1079,2025-11-15 03:12:53,DE,desktop,3.97,0
3112,1526,2025-11-22 09:32:30,IN,tablet,25.58,0
3113,119,2025-11-24 01:38:58,DE,desktop,2.76,0
3114,1860,2025-12-06 14:09:09,GB,mobile,14.61,0
3115,730,2025-12-01 23:03:09,GB,mobile,12.52,0
3116,996,2025-11-15 07:20:03,CA,mobile,8.9,0
3117,1257,2025-11-28 11:45:56,GB,mobile,7.63,0
3118,1286,2025-12-07 05:32:53,DE,mobile,22.49,0
3119,48,2025-11-30 19:56:48,CA,mobile,32.54,0
3120,1734,2025-11-17 20:38:22,IN,desktop,6.52,1
3121,1247,2025-11-14 19:59:34,GB,desktop,8.12,1
3122,1997,2025-11-24 13:02:19,CA,mobile,5.3,0
3123,943,2025-11-25 03:12:45,CA,mobile,3.66,0
3124,1227,2025-11-21 13:12:05,IN,mobile,9.76,0
3125,882,2025-11-14 05:54:08,US,mobile,8.58,0
3126,1779,2025-11-14 12:17:01,IN,mobile,2.81,1
3127,1664,2025-11-26 20:06:08,IN,mobile,9.71,0
3128,1817,2025-12-09 07:08:08,US,mobile,8.76,0
3129,1009,2025-11-28 21:44:48,IN,tablet,5.15,0
3130,1583,2025-11-24 02:43:16,US,mobile,4.95,0
3131,718,2025-12-08 21:45:26,DE,mobile,9.53,1
3132,922,2025-12-01 16:16:16,IN,mobile,19.4,1
3133,1520,2025-12-02 12:07:56,DE,mobile,9.38,0
3134,163,2025-11-28 05:25:31,IN,mobile,11.8,0
3135,1421,2025-12-03 20:30:38,DE,tablet,4.48,0
3136,32,2025-11-26 00:28:05,DE,mobile,5.76,0
3137,1161,2025-11-29 15:07:13,US,mobile,10.64,0
3138,954,2025-11-29 11:10:07,IN,tablet,3.27,0
3139,937,2025-12-03 13:08:27,DE,mobile,8.37,0
3140,989,2025-12-07 22:02:21,IN,mobile,9.93,0
3141,984,2025-11-19 19:06:15,GB,desktop,7.22,0
3142,815,2025-12-01 22:44:15,CA,mobile,8.95,0
3143,903,2025-11-11 22:01:31,US,tablet,7.65,0
3144,1136,2025-11-26 22:37:06,CA,mobile,5.09,0
3145,1527,2025-12-07 22:18:16,DE,desktop,3.64,0
3146,1104,2025-11-30 07:46:00,GB,mobile,7.0,0
3147,1285,2025-11-18 23:58:30,US,desktop,16.16,0
3148,1673,2025-11-29 03:50:11,CA,desktop,13.66,0
3149,1979,2025-11-21 16:48:34,IN,desktop,6.01,0
3150,218,2025-11-23 23:04:48,CA,desktop,5.93,0
3151,1426,2025-11-17 19:27:46,CA,desktop,5.68,0
3152,451,2025-11-29 17:03:46,US,mobile,5.68,0
3153,394,2025-11-16 22:02:11,DE,mobile,8.78,0
3154,1586,2025-11-24 06:36:10,GB,mobile,13.94,0
3155,138,2025-12-09 03:29:32,CA,mobile,28.72,1
3156,1695,2025-12-03 16:42:54,GB,mobile,4.49,0
3157,1541,2025-11-23 09:34:07,US,desktop,10.92,0
3158,1989,2025-12-10 00:50:59,DE,desktop,10.23,0
3159,1336,2025-11-11 09:16:31,IN,tablet,6.06,0
3160,1745,2025-12-09 18:20:09,IN,mobile,3.99,1
3161,237,2025-11-21 12:46:04,GB,desktop,8.72,0
3162,1779,2025-12-05 14:09:45,IN,desktop,26.36,1
3163,321,2025-12-09 09:26:48,CA,tablet,8.68,0
3164,629,2025-11-29 00:29:57,DE,desktop,4.61,0
3165,257,2025-11-29 06:47:16,CA,mobile,6.72,0
3166,803,2025-12-03 10:45:06,GB,mobile,3.73,0
3167,1498,2025-11-18 03:51:05,CA,tablet,7.47,0
3168,536,2025-11-16 07:25:39,GB,desktop,11.13,1
3169,1644,2025-11-21 06:40:30,CA,desktop,4.88,0
3170,1212,2025-11-25 08:07:33,CA,desktop,1.05,0
3171,1258,2025-12-03 06:06:12,US,desktop,8.72,0
3172,1877,2025-11-18 16:29:31,CA,desktop,5.47,0
3173,864,2025-11-27 21:52:37,DE,tablet,4.71,0
3174,689,2025-11-11 01:44:56,DE,tablet,4.69,0
3175,1989,2025-11-11 21:29:54,IN,mobile,9.39,0
3176,1114,2025-12-09 23:17:01,GB,mobile,5.78,0
3177,1229,2025-12-06 11:26:35,CA,mobile,12.91,0
3178,593,2025-12-06 21:12:13,US,mobile,13.09,0
3179,431,2025-11-20 19:54:33,CA,desktop,6.28,0
3180,340,2025-11-26 09:05:44,GB,desktop,5.41,0
3181,447,2025-12-01 05:01:10,DE,mobile,7.98,0
3182,391,2025-11-18 14:13:20,IN,mobile,6.77,0
3183,1493,2025-12-03 07:14:05,GB,mobile,2.58,0
3184,116,2025-12-01 18:10:29,GB,desktop,23.3,0
3185,1259,2025-11-23 04:28:01,GB,desktop,11.34,0
3186,1898,2025-11-24 00:17:22,CA,mobile,5.6,0
3187,1531,2025-11-20 04:31:37,DE,mobile,2.34,0
3188,806,2025-12-05 01:38:39,DE,mobile,6.63,0
3189,119,2025-12-10 13:48:08,DE,mobile,5.19,0
3190,1668,2025-12-10 22:53:08,IN,desktop,7.13,0
3191,7,2025-12-04 02:38:18,CA,tablet,2.02,0
3192,1362,2025-11-21 10:34:20,GB,mobile,5.57,0
3193,1342,2025-12-04 09:36:40,CA,mobile,5.77,0
3194,384,2025-11-18 07:12:10,GB,mobile,6.58,0
3195,1480,2025-12-07 20:45:55,GB,mobile,6.41,0
3196,351,2025-11-18 23:44:53,IN,mobile,7.62,0
3197,452,2025-11-23 01:17:50,DE,mobile,18.41,1
3198,1624,2025-11-13 18:26:31,DE,mobile,5.42,0
3199,1958,2025-11-13 09:48:36,DE,desktop,4.28,0
3200,530,2025-11-22 18:56:45,US,mobile,2.62,0
3201,1842,2025-11-27 11:22:40,US,desktop,5.44,0
3202,1826,2025-11-11 11:46:43,CA,mobile,3.19,0
3203,1539,2025-12-06 08:28:29,CA,mobile,13.15,0
3204,280,2025-11-14 09:35:51,US,mobile,6.98,0
3205,599,2025-12-10 22:04:52,CA,mobile,12.98,0
3206,1355,2025-11-19 02:51:13,GB,mobile,17.8,0
3207,1998,2025-11-22 08:06:36,CA,desktop,4.4,0
3208,1629,2025-11-15 18:20:02,CA,tablet,6.0,0
3209,841,2025-12-05 16:49:07,DE,mobile,16.43,0
3210,471,2025-12-02 22:23:14,US,mobile,8.28,0
3211,1920,2025-11-13 07:47:23,DE,mobile,10.1,0
3212,553,2025-11-14 03:16:05,US,desktop,13.73,0
3213,685,2025-11-29 05:48:05,GB,mobile,12.65,0
3214,1929,2025-12-06 22:44:54,DE,mobile,9.45,0
3215,1123,2025-11-14 06:17:54,US,desktop,17.08,0
3216,529,2025-11-17 14:26:06,GB,desktop,7.09,0
3217,11,2025-11-27 07:52:55,DE,desktop,10.09,0
3218,860,2025-11-14 05:25:04,US,mobile,6.65,1
3219,1972,2025-11-20 02:30:46,GB,mobile,13.63,0
3220,865,2025-11-11 06:30:34,US,mobile,4.85,1
3221,1399,2025-11-25 22:37:34,DE,desktop,2.69,0
3222,506,2025-12-02 10:10:49,US,desktop,10.95,0
3223,1551,2025-11-23 07:51:27,GB,mobile,4.01,1
3224,1551,2025-11-18 15:59:48,IN,desktop,3.78,0
3225,1216,2025-11-23 16:46:19,GB,mobile,15.78,0
3226,1543,2025-11-26 06:04:18,GB,desktop,13.19,0
3227,1158,2025-11-15 22:33:00,CA,mobile,6.02,0
3228,757,2025-11-14 07:35:46,DE,mobile,1.19,0
3229,1476,2025-11-16 10:08:28,US,mobile,10.18,1
3230,1670,2025-12-10 12:38:45,CA,desktop,11.0,0
3231,1682,2025-12-02 15:45:28,IN,mobile,10.08,0
3232,426,2025-11-14 17:30:35,US,mobile,9.8,0
3233,1353,2025-11-20 00:12:49,CA,desktop,6.63,0
3234,9,2025-11-23 07:49:10,GB,desktop,5.78,1
3235,1144,2025-11-16 09:42:05,GB,desktop,3.8,0
3236,1142,2025-12-06 12:25:13,US,desktop,4.86,0
3237,727,2025-12-09 04:27:13,CA,desktop,8.96,0
3238,1988,2025-11-18 07:33:04,GB,desktop,9.05,0
3239,1766,2025-11-11 11:08:47,IN,mobile,11.87,0
3240,78,2025-11-18 23:27:08,GB,mobile,3.18,1
3241,418,2025-11-28 10:39:16,CA,mobile,2.73,0
3242,416,2025-12-05 05:21:08,DE,mobile,5.88,0
3243,1795,2025-11-21 03:42:21,IN,mobile,4.01,0
3244,1038,2025-11-19 04:02:14,GB,mobile,8.26,1
3245,1458,2025-11-18 10:24:53,DE,mobile,3.37,0
3246,1620,2025-11-11 01:18:00,IN,desktop,15.0,0
3247,1535,2025-11-11 09:19:36,CA,desktop,4.51,1
3248,178,2025-11-23 19:19:50,DE,mobile,19.21,0
3249,281,2025-11-29 11:52:14,US,tablet,10.12,0
3250,791,2025-11-11 08:15:29,CA,mobile,3.92,0
3251,677,2025-11-16 23:26:04,US,mobile,25.97,0
3252,1494,2025-12-08 06:16:59,GB,mobile,8.66,0
3253,313,2025-12-10 16:05:00,IN,mobile,8.16,0
3254,743,2025-11-30 05:20:17,GB,mobile,7.11,0
3255,473,2025-11-26 14:50:14,CA,desktop,9.78,0
3256,378,2025-11-28 11:00:10,CA,mobile,10.13,0
3257,346,2025-11-22 01:58:59,US,mobile,4.4,0
3258,391,2025-11-17 00:22:38,GB,mobile,6.5,1
3259,1129,2025-11-22 05:54:47,GB,mobile,7.92,0
3260,820,2025-12-01 23:11:38,DE,desktop,10.48,0
3261,871,2025-11-30 20:19:31,IN,desktop,10.59,0
3262,959,2025-12-01 06:51:22,DE,desktop,8.16,0
3263,1482,2025-11-29 05:30:42,US,desktop,5.31,1
3264,1723,2025-11-12 18:45:59,IN,mobile,5.15,0
3265,1053,2025-11-29 18:17:17,GB,mobile,3.62,0
3266,1284,2025-12-07 09:26:32,GB,desktop,10.54,0
3267,1477,2025-11-30 10:26:09,DE,mobile,5.11,0
3268,1381,2025-11-28 08:24:37,US,mobile,6.59,0
3269,269,2025-11-17 16:28:45,US,mobile,8.52,0
3270,1965,2025-12-04 17:48:32,IN,desktop,7.41,1
3271,330,2025-11-24 12:21:50,DE,mobile,7.36,0
3272,824,2025-11-18 20:31:51,IN,tablet,4.29,0
3273,1305,2025-11-25 15:55:10,US,mobile,8.68,0
3274,807,2025-11-14 15:06:25,DE,mobile,6.12,0
3275,487,2025-12-08 18:14:23,GB,mobile,7.02,0
3276,1846,2025-12-02 00:59:47,DE,mobile,14.8,0
3277,143,2025-11-20 18:20:56,GB,mobile,10.01,0
3278,492,2025-12-04 18:49:41,CA,desktop,5.25,0
3279,1986,2025-11-12 14:14:15,GB,mobile,6.76,0
3280,1459,2025-11-22 13:10:36,CA,mobile,19.29,0
3281,174,2025-11-30 12:13:47,GB,mobile,6.14,0
3282,1509,2025-11-11 16:17:28,DE,mobile,7.57,0
3283,1939,2025-12-02 05:30:55,IN,tablet,11.01,0
3284,196,2025-12-05 12:22:32,US,mobile,8.41,0
3285,828,2025-11-28 19:00:23,US,desktop,5.91,0
3286,936,2025-11-17 03:37:13,IN,mobile,4.73,0
3287,262,2025-12-03 10:34:24,US,mobile,7.34,0
3288,401,2025-11-21 03:20:08,DE,desktop,10.97,1
3289,348,2025-12-03 01:04:40,US,mobile,16.32,1
3290,371,2025-11-29 19:33:32,IN,desktop,3.07,0
3291,807,2025-11-13 18:29:12,GB,mobile,21.28,1
3292,928,2025-11-13 23:12:00,US,mobile,6.21,0
3293,476,2025-11-11 10:09:01,GB,tablet,12.87,0
3294,579,2025-11-13 03:04:11,IN,mobile,4.75,0
3295,385,2025-11-19 22:59:10,GB,tablet,2.81,0
3296,1592,2025-11-11 17:44:22,GB,tablet,3.36,0
3297,424,2025-12-09 02:55:57,GB,mobile,6.06,0
3298,1815,2025-12-08 11:12:48,GB,mobile,10.12,1
3299,1078,2025-11-16 03:30:36,IN,desktop,7.53,0
3300,1605,2025-11-20 07:25:42,CA,mobile,6.36,0
3301,1273,2025-12-03 05:36:40,IN,desktop,14.45,0
3302,532,2025-11-30 18:54:25,IN,mobile,7.4,0
3303,1203,2025-11-28 09:59:54,DE,mobile,8.74,0
3304,548,2025-12-10 15:28:55,IN,mobile,47.78,0
3305,238,2025-11-29 20:41:06,CA,desktop,7.35,0
3306,510,2025-12-01 01:14:14,IN,desktop,4.87,0
3307,552,2025-11-26 00:44:14,GB,desktop,9.86,0
3308,270,2025-11-26 17:18:03,IN,mobile,11.48,0
3309,48,2025-11-19 16:46:37,DE,mobile,8.85,0
3310,1887,2025-11-26 14:17:42,GB,mobile,8.12,0
3311,1027,2025-12-08 12:18:58,GB,mobile,17.98,0
3312,804,2025-11-22 06:36:47,IN,mobile,16.68,0
3313,1859,2025-11-14 23:09:12,CA,mobile,6.89,0
3314,450,2025-11-28 23:04:26,GB,mobile,5.02,0
3315,806,2025-12-04 12:34:27,IN,mobile,9.56,0
3316,1693,2025-12-09 17:33:45,DE,desktop,5.01,0
3317,1264,2025-11-27 05:35:27,DE,mobile,12.57,0
3318,798,2025-12-04 14:37:28,US,tablet,9.53,0
3319,512,2025-11-18 11:34:20,GB,mobile,36.67,0
3320,71,2025-11-23 16:40:33,CA,mobile,17.89,0
3321,171,2025-11-23 12:56:34,CA,desktop,3.87,1
3322,324,2025-11-20 22:35:34,DE,mobile,5.41,0
3323,1573,2025-12-02 10:52:10,US,desktop,2.34,0
3324,1278,2025-12-07 11:22:31,IN,mobile,2.05,0
3325,867,2025-11-20 18:22:11,US,mobile,7.91,0
3326,1566,2025-11-15 00:59:54,GB,desktop,3.61,0
3327,322,2025-12-05 17:32:39,CA,mobile,19.78,0
3328,422,2025-12-06 10:56:02,GB,mobile,14.8,0
3329,786,2025-12-09 00:22:16,US,mobile,6.28,0
3330,1834,2025-11-18 14:53:16,DE,mobile,6.07,1
3331,1228,2025-12-02 12:56:29,DE,mobile,18.02,0
3332,1702,2025-12-02 10:29:08,DE,desktop,20.67,0
3333,497,2025-12-04 16:02:54,CA,mobile,4.22,0
3334,1696,2025-12-05 03:42:41,DE,tablet,3.91,0
3335,145,2025-12-09 13:02:35,DE,mobile,6.17,1
3336,456,2025-11-25 06:40:12,CA,mobile,9.57,0
3337,1046,2025-11-13 05:53:24,GB,mobile,5.43,0
3338,102,2025-11-16 17:40:38,IN,desktop,9.69,0
3339,1716,2025-12-07 13:35:57,IN,desktop,23.81,0
3340,1734,2025-12-06 07:27:55,DE,mobile,3.18,0
3341,1083,2025-11-11 07:12:12,IN,mobile,5.66,0
3342,612,2025-11-21 23:50:19,IN,desktop,3.21,0
3343,198,2025-11-18 07:45:49,US,mobile,4.47,0
3344,1238,2025-11-20 14:07:21,DE,mobile,6.19,0
3345,1075,2025-11-30 03:09:55,US,desktop,4.78,0
3346,1520,2025-11-26 06:26:39,IN,mobile,10.09,0
3347,1205,2025-11-25 09:28:44,IN,desktop,8.09,0
3348,257,2025-11-24 00:29:41,DE,desktop,8.84,0
3349,244,2025-11-30 05:11:43,IN,mobile,6.15,0
3350,1561,2025-12-01 11:01:49,US,mobile,6.5,0
3351,318,2025-11-12 06:32:00,IN,mobile,5.99,0
3352,1877,2025-11-15 02:00:54,GB,desktop,6.36,0
3353,212,2025-11-21 04:52:27,GB,mobile,9.5,0
3354,1457,2025-11-24 00:55:45,GB,mobile,2.33,0
3355,1950,2025-12-10 20:30:32,US,mobile,8.78,0
3356,883,2025-12-07 17:15:29,CA,mobile,4.39,0
3357,114,2025-11-30 10:20:53,GB,mobile,6.03,0
3358,1753,2025-11-12 01:11:52,IN,mobile,2.9,0
3359,375,2025-11-13 23:43:45,CA,mobile,5.96,0
3360,1055,2025-11-24 16:30:58,GB,mobile,8.73,0
3361,1969,2025-11-28 13:54:29,CA,desktop,9.72,0
3362,1489,2025-11-30 18:48:56,IN,desktop,3.63,0
3363,93,2025-11-15 05:25:37,CA,mobile,9.44,0
3364,1641,2025-12-07 14:23:05,IN,mobile,14.64,0
3365,323,2025-11-25 18:21:15,US,mobile,5.49,0
3366,1498,2025-11-28 18:45:31,CA,mobile,7.39,0
3367,1242,2025-11-12 03:32:09,CA,tablet,2.14,0
3368,576,2025-12-05 16:51:41,CA,mobile,4.31,0
3369,847,2025-11-27 06:13:47,US,mobile,8.69,0
3370,236,2025-11-17 15:34:13,CA,mobile,13.11,0
3371,1973,2025-11-20 12:48:29,GB,desktop,5.16,0
3372,477,2025-11-21 13:15:20,CA,mobile,36.66,0
3373,618,2025-11-11 18:42:49,CA,tablet,8.92,0
3374,1006,2025-12-09 05:34:04,US,mobile,3.44,0
3375,1345,2025-12-05 01:23:06,GB,mobile,16.0,0
3376,1011,2025-12-07 13:08:05,GB,mobile,3.48,0
3377,1010,2025-11-21 13:51:13,GB,desktop,9.0,0
3378,1165,2025-11-27 16:57:32,IN,mobile,4.23,0
3379,1715,2025-11-24 17:10:50,IN,tablet,3.27,0
3380,790,2025-11-25 05:35:03,DE,tablet,13.16,1
3381,1664,2025-11-28 15:15:43,DE,mobile,6.32,1
3382,1573,2025-11-24 12:00:04,GB,mobile,20.81,0
3383,1922,2025-12-04 03:58:01,US,mobile,4.01,0
3384,1826,2025-11-12 17:33:40,DE,desktop,2.9,0
3385,1596,2025-11-16 17:56:19,US,desktop,5.54,1
3386,494,2025-12-07 17:44:39,US,mobile,41.86,0
3387,1548,2025-12-07 10:31:11,DE,tablet,12.19,0
3388,1473,2025-12-05 12:18:01,GB,mobile,10.3,0
3389,579,2025-11-22 00:44:04,US,desktop,10.51,0
3390,1356,2025-11-24 15:44:00,GB,desktop,5.52,0
3391,506,2025-11-11 17:25:39,IN,mobile,38.0,0
3392,1046,2025-11-19 08:25:46,CA,mobile,9.73,0
3393,1593,2025-12-02 18:16:01,CA,mobile,9.19,0
3394,377,2025-11-21 06:08:08,DE,tablet,13.34,0
3395,674,2025-11-25 09:01:12,CA,mobile,3.44,0
3396,1590,2025-11-14 15:54:30,IN,desktop,4.36,0
3397,908,2025-11-25 20:37:32,IN,mobile,6.38,0
3398,1921,2025-12-02 14:55:17,CA,mobile,13.39,0
3399,16,2025-11-28 03:09:46,GB,tablet,3.39,1
3400,1443,2025-11-27 16:02:06,CA,mobile,7.1,0
3401,1628,2025-12-08 09:43:59,CA,desktop,6.52,0
3402,1835,2025-11-17 23:47:14,GB,mobile,2.87,0
3403,314,2025-11-19 22:50:08,DE,mobile,5.44,0
3404,1968,2025-11-29 15:47:48,DE,mobile,10.23,0
3405,785,2025-11-25 08:58:08,DE,mobile,3.03,0
3406,704,2025-12-10 08:16:42,GB,desktop,17.23,0
3407,711,2025-11-12 18:12:06,CA,mobile,9.78,0
3408,1276,2025-11-14 15:21:26,IN,mobile,9.09,0
3409,1318,2025-11-21 05:28:10,US,mobile,7.43,0
3410,948,2025-11-24 17:20:31,US,desktop,3.84,0
3411,143,2025-12-07 16:21:37,DE,desktop,5.0,1
3412,1973,2025-11-25 19:01:37,IN,desktop,9.18,0
3413,444,2025-11-24 01:58:52,US,tablet,5.0,0
3414,188,2025-11-15 23:19:36,IN,mobile,8.28,0
3415,1195,2025-11-23 23:53:26,IN,mobile,4.31,0
3416,825,2025-11-26 21:58:13,US,mobile,9.69,0
3417,1231,2025-11-28 11:33:24,GB,mobile,10.13,0
3418,1751,2025-11-29 03:32:11,IN,desktop,2.78,0
3419,195,2025-11-23 20:34:25,DE,desktop,7.69,0
3420,568,2025-11-15 16:31:15,DE,mobile,2.97,0
3421,1033,2025-11-15 13:11:57,US,tablet,2.42,0
3422,1575,2025-11-15 14:38:02,DE,mobile,5.17,1
3423,1201,2025-11-29 12:36:54,CA,desktop,39.57,0
3424,766,2025-12-06 15:48:13,US,mobile,11.77,0
3425,1220,2025-12-07 11:04:29,CA,desktop,17.03,0
3426,1959,2025-11-20 07:25:54,US,mobile,10.64,1
3427,960,2025-11-13 08:33:56,DE,tablet,8.36,0
3428,1767,2025-11-29 21:04:22,GB,tablet,12.64,0
3429,1560,2025-11-12 02:51:54,DE,mobile,5.03,0
3430,603,2025-11-29 18:30:33,CA,mobile,9.8,0
3431,499,2025-11-22 11:03:59,CA,desktop,14.97,0
3432,1540,2025-12-06 03:26:08,CA,mobile,11.24,0
3433,415,2025-11-29 17:30:06,CA,mobile,15.58,0
3434,674,2025-12-03 03:57:24,GB,mobile,8.24,1
3435,471,2025-11-23 03:21:15,IN,desktop,20.39,0
3436,1213,2025-12-06 04:26:52,DE,desktop,6.52,0
3437,588,2025-11-26 17:19:31,US,mobile,26.33,1
3438,1317,2025-11-29 17:23:14,IN,tablet,10.42,0
3439,1869,2025-11-21 18:53:02,IN,mobile,5.87,0
3440,1659,2025-11-24 10:50:30,CA,mobile,3.64,0
3441,1895,2025-12-06 04:08:09,US,tablet,4.55,0
3442,49,2025-11-22 18:36:02,US,mobile,4.16,0
3443,911,2025-11-11 14:37:30,US,mobile,7.01,1
3444,441,2025-11-22 08:08:03,IN,mobile,3.44,0
3445,1835,2025-11-22 17:26:35,IN,desktop,16.05,0
3446,1424,2025-11-23 12:28:32,IN,mobile,7.9,0
3447,641,2025-11-13 02:06:32,GB,mobile,7.71,0
3448,1127,2025-11-14 20:20:07,GB,mobile,3.67,1
3449,1211,2025-11-20 16:32:22,IN,mobile,4.66,0
3450,991,2025-11-23 16:28:58,US,mobile,1.95,0
3451,949,2025-11-11 20:07:19,DE,mobile,19.51,0
3452,111,2025-11-22 15:37:59,US,tablet,3.16,0
3453,905,2025-11-20 13:43:27,DE,desktop,3.3,0
3454,697,2025-11-12 00:07:27,IN,desktop,17.25,0
3455,1636,2025-11-18 11:31:36,CA,tablet,9.32,0
3456,1730,2025-11-19 05:19:36,DE,tablet,7.94,0
3457,1501,2025-11-15 06:34:27,IN,desktop,9.06,0
3458,62,2025-12-03 12:36:20,DE,mobile,13.1,0
3459,1682,2025-11-13 03:20:30,US,desktop,7.85,0
3460,793,2025-11-28 07:21:12,US,mobile,2.93,0
3461,833,2025-11-30 22:16:28,IN,mobile,11.47,0
3462,1890,2025-12-05 03:40:24,CA,mobile,9.52,0
3463,1734,2025-11-27 08:03:06,CA,mobile,14.92,0
3464,102,2025-11-27 05:58:05,GB,mobile,3.49,0
3465,720,2025-12-03 19:00:51,GB,desktop,4.77,0
3466,1499,2025-12-06 14:10:23,CA,mobile,9.35,1
3467,1078,2025-11-17 07:06:55,IN,mobile,4.19,0
3468,515,2025-12-04 20:24:03,US,mobile,1.8,0
3469,1050,2025-11-24 20:08:19,GB,desktop,8.32,0
3470,1733,2025-11-13 21:59:51,CA,mobile,12.64,0
3471,447,2025-11-29 08:10:50,CA,mobile,6.84,0
3472,1492,2025-12-10 06:40:38,CA,desktop,10.27,0
3473,1469,2025-11-15 04:32:22,US,desktop,9.41,0
3474,1771,2025-11-11 09:51:03,CA,mobile,7.44,0
3475,596,2025-12-08 11:07:35,US,desktop,8.02,0
3476,432,2025-11-28 20:57:22,CA,mobile,16.6,0
3477,1095,2025-11-17 12:58:49,CA,tablet,4.14,0
3478,1063,2025-12-04 17:50:27,GB,mobile,11.75,0
3479,819,2025-11-22 18:40:58,US,desktop,3.64,0
3480,1558,2025-11-20 22:11:47,DE,mobile,4.59,0
3481,1598,2025-11-19 15:53:35,US,desktop,15.14,0
3482,492,2025-11-28 22:12:10,IN,mobile,3.58,1
3483,1591,2025-11-15 00:06:10,GB,mobile,6.39,0
3484,462,2025-11-21 19:57:39,IN,desktop,30.47,0
3485,815,2025-11-20 02:53:20,CA,desktop,13.67,0
3486,55,2025-11-12 18:52:32,CA,mobile,4.75,0
3487,681,2025-12-03 20:42:18,IN,desktop,5.26,0
3488,1917,2025-11-11 05:19:30,GB,mobile,6.67,0
3489,885,2025-12-09 18:13:55,CA,mobile,16.23,0
3490,1420,2025-11-13 19:32:00,IN,mobile,4.05,0
3491,216,2025-11-21 17:09:43,US,mobile,3.91,0
3492,1271,2025-11-13 22:05:15,CA,desktop,11.34,0
3493,743,2025-11-21 23:23:01,CA,mobile,2.69,0
3494,1488,2025-11-29 07:04:24,GB,tablet,4.28,0
3495,1856,2025-11-13 14:13:08,US,mobile,7.02,1
3496,1063,2025-11-26 17:51:20,US,desktop,7.24,0
3497,206,2025-12-04 02:59:02,IN,mobile,3.26,0
3498,952,2025-11-24 15:09:58,GB,desktop,9.14,0
3499,247,2025-11-14 08:11:37,DE,tablet,10.3,0
3500,899,2025-12-01 17:24:58,DE,mobile,4.97,0
3501,123,2025-11-16 13:29:57,US,mobile,20.01,1
3502,1281,2025-11-11 11:20:51,CA,desktop,9.06,1
3503,621,2025-11-24 01:43:12,US,desktop,4.04,0
3504,403,2025-11-19 02:20:27,US,mobile,19.54,0
3505,35,2025-11-11 19:44:13,DE,desktop,5.4,0
3506,1776,2025-12-04 06:57:19,DE,desktop,8.23,0
3507,1674,2025-11-28 23:02:24,CA,desktop,5.52,0
3508,1623,2025-12-08 06:24:58,IN,mobile,10.75,0
3509,117,2025-11-25 09:05:56,IN,mobile,5.53,0
3510,699,2025-11-24 02:50:06,DE,tablet,5.74,0
3511,1942,2025-12-06 05:55:26,DE,mobile,6.71,0
3512,1157,2025-11-13 09:54:04,DE,mobile,5.47,0
3513,257,2025-11-21 19:38:02,GB,tablet,14.06,0
3514,282,2025-12-04 22:19:02,CA,mobile,3.47,0
3515,526,2025-11-19 17:51:45,GB,mobile,7.23,0
3516,1944,2025-12-07 12:33:19,GB,desktop,7.8,0
3517,340,2025-11-19 11:44:10,GB,desktop,6.86,0
3518,1805,2025-11-23 09:04:05,GB,tablet,13.21,0
3519,1356,2025-12-07 21:20:10,GB,desktop,3.0,0
3520,1843,2025-11-18 06:26:54,IN,mobile,10.39,0
3521,1652,2025-12-10 00:16:26,DE,mobile,3.5,0
3522,664,2025-11-12 06:53:32,IN,mobile,5.45,0
3523,1655,2025-11-18 22:36:29,CA,tablet,3.29,0
3524,339,2025-11-28 16:48:44,IN,mobile,6.05,0
3525,582,2025-11-28 18:59:43,IN,mobile,5.22,0
3526,424,2025-12-08 06:20:19,US,mobile,19.75,1
3527,267,2025-12-09 18:17:52,CA,mobile,8.54,0
3528,180,2025-12-01 07:18:43,US,mobile,9.62,0
3529,375,2025-11-30 18:14:40,US,desktop,3.8,0
3530,241,2025-11-20 11:39:06,CA,mobile,11.52,0
3531,761,2025-12-05 03:18:03,IN,tablet,19.75,0
3532,143,2025-11-30 06:06:44,US,tablet,12.45,0
3533,123,2025-11-11 16:33:53,IN,mobile,3.36,1
3534,1979,2025-12-05 22:19:19,IN,desktop,5.59,0
3535,176,2025-11-21 18:11:18,US,mobile,7.89,1
3536,149,2025-11-25 05:49:49,DE,mobile,5.23,0
3537,61,2025-11-25 13:13:29,DE,mobile,33.78,0
3538,265,2025-12-05 13:27:06,US,desktop,5.53,1
3539,1056,2025-11-19 00:08:20,DE,desktop,7.2,0
3540,1654,2025-11-22 17:24:27,GB,mobile,5.15,0
3541,1470,2025-11-12 03:24:02,DE,desktop,8.49,0
3542,1160,2025-11-21 10:09:24,GB,desktop,16.94,0
3543,170,2025-11-13 14:51:31,GB,desktop,7.92,0
3544,1549,2025-11-28 10:59:04,IN,mobile,6.48,1
3545,75,2025-12-07 18:19:53,IN,desktop,3.88,0
3546,1262,2025-11-24 21:48:25,GB,desktop,15.26,0
3547,819,2025-12-08 07:56:55,CA,mobile,6.78,0
3548,1764,2025-12-10 06:45:12,DE,desktop,6.61,0
3549,615,2025-11-12 13:58:16,IN,mobile,1.82,0
3550,1277,2025-11-26 11:01:59,GB,desktop,6.85,0
3551,880,2025-11-26 19:35:37,IN,desktop,5.81,1
3552,1044,2025-11-22 12:33:23,US,mobile,2.47,0
3553,1877,2025-12-05 21:10:13,CA,mobile,13.38,0
3554,1425,2025-11-22 19:35:05,US,desktop,5.36,0
3555,829,2025-11-12 14:58:14,DE,desktop,23.04,0
3556,895,2025-11-27 09:44:58,GB,desktop,17.26,0
3557,1409,2025-11-17 00:36:24,DE,desktop,4.8,0
3558,692,2025-11-21 14:46:10,GB,mobile,16.8,0
3559,336,2025-11-26 00:35:35,US,mobile,19.42,1
3560,935,2025-12-02 15:43:31,CA,desktop,5.28,0
3561,137,2025-11-19 07:30:29,DE,mobile,3.98,0
3562,340,2025-11-22 09:18:36,US,desktop,2.03,0
3563,841,2025-11-13 00:07:20,US,mobile,9.28,0
3564,1593,2025-11-22 11:49:00,IN,mobile,4.12,0
3565,1563,2025-11-28 08:59:50,CA,desktop,9.45,0
3566,522,2025-11-29 11:27:12,IN,desktop,5.26,0
3567,844,2025-11-19 18:21:51,US,desktop,4.63,0
3568,307,2025-11-12 19:02:33,DE,mobile,5.28,0
3569,1510,2025-11-28 06:53:47,IN,desktop,3.39,0
3570,493,2025-11-30 15:05:17,DE,mobile,5.27,0
3571,1599,2025-11-13 12:33:22,GB,desktop,4.75,0
3572,1684,2025-11-26 02:48:45,US,desktop,7.33,0
3573,1378,2025-11-13 19:41:36,US,mobile,7.87,0
3574,661,2025-11-24 13:24:41,DE,desktop,3.89,0
3575,1905,2025-11-30 04:38:23,DE,mobile,14.3,0
3576,1372,2025-12-02 13:05:41,GB,mobile,6.71,1
3577,1292,2025-12-02 09:09:25,US,desktop,18.2,0
3578,1712,2025-12-03 17:10:36,DE,mobile,8.54,0
3579,1763,2025-11-18 04:55:21,US,tablet,7.7,0
3580,156,2025-12-06 08:32:26,US,mobile,5.5,0
3581,1763,2025-11-21 10:59:50,IN,mobile,10.69,0
3582,1530,2025-11-22 05:05:27,DE,desktop,7.54,0
3583,413,2025-12-04 14:17:37,CA,mobile,12.37,0
3584,616,2025-11-20 18:41:59,DE,tablet,19.35,0
3585,1505,2025-11-13 05:08:31,CA,mobile,4.78,0
3586,434,2025-12-02 09:33:32,DE,mobile,10.68,0
3587,905,2025-11-30 19:56:46,CA,mobile,10.5,0
3588,1378,2025-11-28 10:07:56,US,mobile,9.73,0
3589,1301,2025-11-15 06:23:41,US,mobile,5.7,0
3590,1819,2025-11-29 22:07:47,DE,mobile,5.77,0
3591,223,2025-11-16 22:05:13,CA,mobile,5.21,0
3592,590,2025-11-27 15:12:33,DE,mobile,5.14,0
3593,1969,2025-11-26 04:56:17,GB,mobile,4.46,0
3594,1138,2025-12-04 03:34:18,IN,mobile,6.94,0
3595,498,2025-12-10 06:22:15,US,mobile,4.69,0
3596,580,2025-11-16 16:03:43,GB,mobile,9.6,0
3597,679,2025-11-14 09:49:26,DE,mobile,7.65,0
3598,1109,2025-11-27 15:20:43,US,mobile,8.18,0
3599,569,2025-12-09 12:39:41,IN,mobile,6.27,0
3600,1244,2025-11-15 17:03:57,GB,mobile,7.7,0
3601,891,2025-11-25 14:09:07,IN,tablet,6.37,0
3602,1221,2025-11-23 04:27:15,DE,mobile,11.8,0
3603,311,2025-11-20 12:13:19,CA,mobile,5.67,0
3604,1247,2025-11-30 21:18:29,IN,desktop,9.26,0
3605,1849,2025-11-19 19:58:51,CA,mobile,3.37,0
3606,271,2025-11-25 18:14:39,DE,mobile,11.33,0
3607,655,2025-12-06 07:55:23,CA,desktop,5.28,0
3608,1387,2025-11-22 08:32:19,DE,desktop,4.27,1
3609,1235,2025-11-11 14:25:35,IN,tablet,3.73,0
3610,1349,2025-12-07 12:24:40,DE,tablet,3.56,0
3611,1119,2025-11-19 04:52:30,GB,mobile,5.54,0
3612,1365,2025-12-04 03:40:02,DE,desktop,18.16,0
3613,1219,2025-12-03 20:25:59,DE,mobile,5.02,0
3614,149,2025-11-26 18:09:43,DE,desktop,1.96,0
3615,1502,2025-11-13 14:27:40,US,mobile,9.2,0
3616,894,2025-12-09 11:16:15,IN,mobile,3.79,1
3617,103,2025-12-01 09:27:41,DE,mobile,12.05,0
3618,818,2025-11-23 16:46:32,US,mobile,5.74,0
3619,870,2025-12-06 14:02:05,DE,mobile,6.27,0
3620,174,2025-12-04 14:38:43,CA,desktop,15.16,0
3621,1992,2025-12-03 18:39:04,IN,mobile,10.7,0
3622,445,2025-11-16 00:08:48,CA,desktop,3.5,0
3623,661,2025-11-29 22:52:46,CA,mobile,3.82,0
3624,882,2025-11-19 13:00:12,IN,mobile,2.53,0
3625,1665,2025-11-13 07:44:29,CA,mobile,35.23,0
3626,1486,2025-11-21 02:39:15,CA,mobile,4.4,0
3627,1542,2025-11-14 02:08:07,US,mobile,14.91,0
3628,474,2025-11-14 03:25:25,CA,mobile,5.37,0
3629,1691,2025-12-02 18:42:04,US,mobile,3.87,1
3630,1659,2025-11-26 00:31:56,IN,desktop,7.49,0
3631,928,2025-11-22 21:42:04,CA,mobile,6.07,0
3632,1092,2025-11-16 17:39:36,DE,desktop,11.95,0
3633,75,2025-12-04 02:19:14,GB,desktop,12.04,0
3634,1521,2025-11-29 23:50:47,DE,mobile,5.19,0
3635,1921,2025-11-28 12:51:17,GB,desktop,3.11,0
3636,945,2025-11-16 16:05:57,GB,desktop,3.6,0
3637,1081,2025-11-14 16:11:14,CA,desktop,1.88,0
3638,998,2025-11-14 16:09:26,US,desktop,6.27,0
3639,166,2025-11-11 17:15:45,CA,mobile,7.34,0
3640,1239,2025-12-10 00:58:30,IN,tablet,3.72,0
3641,1443,2025-11-22 00:00:21,US,mobile,3.46,0
3642,1856,2025-11-30 17:09:56,DE,mobile,7.32,0
3643,1859,2025-12-10 10:26:54,US,desktop,5.06,0
3644,984,2025-12-09 01:28:38,GB,mobile,6.5,0
3645,1918,2025-11-20 14:03:07,GB,desktop,5.93,0
3646,1057,2025-11-25 15:57:07,DE,mobile,8.58,0
3647,1284,2025-11-24 20:37:19,GB,mobile,5.26,1
3648,1204,2025-11-11 23:16:57,DE,desktop,5.51,0
3649,1997,2025-12-04 00:24:15,US,mobile,2.39,0
3650,1475,2025-11-28 04:46:48,DE,mobile,7.17,0
3651,240,2025-11-22 02:40:44,DE,desktop,7.79,0
3652,144,2025-11-27 17:13:46,GB,desktop,6.64,0
3653,820,2025-12-03 00:45:37,CA,desktop,23.27,0
3654,1031,2025-11-11 10:00:54,IN,mobile,8.15,0
3655,1337,2025-11-30 08:23:10,DE,desktop,6.73,1
3656,963,2025-12-06 19:19:37,US,desktop,9.97,1
3657,1029,2025-12-02 18:14:40,CA,desktop,26.25,0
3658,1843,2025-11-29 13:36:42,GB,mobile,8.6,0
3659,670,2025-11-13 16:25:29,DE,mobile,1.95,0
3660,987,2025-12-03 07:24:37,US,mobile,9.58,0
3661,1115,2025-12-03 11:42:53,US,mobile,4.36,0
3662,937,2025-11-25 18:51:21,US,mobile,2.33,0
3663,1936,2025-11-28 10:44:53,CA,mobile,20.46,0
3664,1924,2025-11-29 12:28:57,GB,desktop,17.97,0
3665,1026,2025-11-14 14:26:30,CA,mobile,4.29,0
3666,901,2025-11-18 16:36:39,IN,mobile,4.31,0
3667,1178,2025-12-04 17:41:26,US,mobile,8.13,0
3668,362,2025-12-10 04:20:18,IN,desktop,4.34,0
3669,852,2025-11-19 01:42:05,IN,mobile,6.81,0
3670,434,2025-11-22 23:45:04,GB,mobile,4.82,0
3671,288,2025-12-08 10:14:37,DE,tablet,5.81,1
3672,191,2025-11-15 20:06:28,CA,desktop,3.18,0
3673,1174,2025-11-18 19:17:02,CA,mobile,12.14,1
3674,2,2025-11-12 15:29:30,IN,desktop,15.21,0
3675,1292,2025-11-18 00:16:00,CA,tablet,6.96,0
3676,864,2025-11-30 01:16:35,CA,mobile,7.23,0
3677,733,2025-11-21 09:57:16,US,desktop,10.78,0
3678,1538,2025-12-10 11:15:58,DE,mobile,7.4,0
3679,1077,2025-12-07 17:09:09,DE,desktop,20.86,1
3680,1467,2025-12-07 20:12:17,US,desktop,3.35,0
3681,1419,2025-12-02 18:13:12,DE,tablet,12.39,0
3682,65,2025-12-02 00:44:53,CA,desktop,6.9,0
3683,431,2025-11-26 06:11:36,GB,mobile,3.77,1
3684,1140,2025-12-10 16:27:47,CA,mobile,28.45,0
3685,1951,2025-11-13 19:53:46,CA,tablet,30.91,0
3686,309,2025-12-02 15:40:08,DE,mobile,6.52,0
3687,212,2025-11-15 04:13:01,DE,mobile,9.65,1
3688,1882,2025-11-21 03:29:36,IN,desktop,5.57,0
3689,1933,2025-11-18 15:16:46,IN,mobile,6.13,0
3690,335,2025-11-29 00:06:35,IN,mobile,3.75,0
3691,804,2025-12-04 14:01:28,IN,mobile,3.43,1
3692,1253,2025-11-13 08:39:53,IN,mobile,22.34,0
3693,391,2025-11-29 00:25:22,CA,desktop,7.22,0
3694,653,2025-11-17 14:50:39,DE,mobile,7.62,0
3695,791,2025-11-13 06:40:18,GB,mobile,4.54,0
3696,1283,2025-11-23 11:51:42,IN,desktop,8.28,0
3697,616,2025-11-28 09:44:39,GB,mobile,3.0,0
3698,825,2025-11-17 00:32:31,US,desktop,4.64,0
3699,579,2025-11-22 15:53:30,GB,mobile,3.6,0
3700,1519,2025-12-09 13:45:12,US,mobile,16.05,0
3701,306,2025-11-21 08:53:46,CA,mobile,2.74,0
3702,462,2025-12-10 20:03:46,US,desktop,3.64,0
3703,500,2025-12-05 23:52:20,GB,tablet,2.16,0
3704,1811,2025-11-22 02:18:23,GB,mobile,4.33,0
3705,1889,2025-11-28 06:32:04,GB,mobile,5.61,0
3706,1000,2025-12-02 05:52:39,GB,mobile,13.29,0
3707,313,2025-11-24 21:46:31,DE,mobile,6.47,0
3708,1512,2025-11-23 04:49:39,CA,mobile,5.78,0
3709,984,2025-11-20 20:38:34,US,desktop,8.85,0
3710,1699,2025-11-15 03:40:45,GB,desktop,5.66,0
3711,720,2025-11-11 17:10:55,IN,mobile,31.37,0
3712,1997,2025-11-21 01:49:12,GB,mobile,5.18,0
3713,1614,2025-12-04 20:09:53,DE,mobile,9.47,0
3714,448,2025-11-17 23:15:37,GB,mobile,12.13,0
3715,1451,2025-11-16 08:39:04,IN,mobile,5.09,0
3716,574,2025-11-20 19:26:56,IN,desktop,8.16,0
3717,700,2025-11-28 22:26:15,GB,mobile,5.47,0
3718,501,2025-11-17 10:02:54,DE,mobile,8.71,0
3719,1364,2025-11-17 13:55:01,DE,mobile,7.85,0
3720,526,2025-11-14 08:07:16,IN,mobile,6.79,0
3721,1277,2025-11-20 22:25:25,IN,tablet,3.69,0
3722,1165,2025-11-17 11:46:52,CA,desktop,22.61,0
3723,1501,2025-12-05 21:42:03,CA,desktop,10.5,0
3724,1987,2025-12-08 03:22:40,CA,desktop,2.85,0
3725,18,2025-11-22 01:59:50,US,mobile,5.74,0
3726,1980,2025-11-13 12:35:32,CA,desktop,2.88,0
3727,219,2025-11-13 14:12:00,CA,desktop,11.67,0
3728,1054,2025-11-20 17:03:27,CA,mobile,7.29,0
3729,682,2025-11-24 20:55:50,DE,mobile,7.41,0
3730,1278,2025-11-26 19:43:00,GB,desktop,4.46,0
3731,1443,2025-11-20 02:12:35,DE,desktop,6.11,0
3732,1720,2025-11-21 14:28:54,IN,mobile,11.85,0
3733,804,2025-11-19 11:29:10,CA,desktop,13.92,0
3734,1865,2025-11-26 11:54:35,GB,tablet,12.28,0
3735,645,2025-12-01 21:00:03,DE,tablet,2.91,1
3736,408,2025-11-12 06:29:42,DE,mobile,6.61,0
3737,758,2025-11-25 07:54:22,CA,mobile,8.6,0
3738,1057,2025-11-30 10:12:10,US,desktop,4.75,0
3739,1336,2025-12-01 03:28:14,CA,mobile,2.73,0
3740,1665,2025-11-27 20:56:15,GB,mobile,3.41,0
3741,450,2025-11-26 17:20:05,CA,desktop,18.17,0
3742,607,2025-12-01 09:31:42,US,mobile,3.62,1
3743,1877,2025-11-22 07:39:44,GB,mobile,7.6,0
3744,880,2025-11-27 23:39:30,DE,tablet,6.73,0
3745,483,2025-11-20 13:14:48,IN,mobile,6.74,0
3746,1971,2025-11-24 02:31:24,DE,tablet,6.1,0
3747,898,2025-11-14 16:34:27,IN,mobile,11.86,0
3748,1970,2025-11-21 11:20:04,US,mobile,7.55,0
3749,1838,2025-11-15 05:31:54,DE,mobile,5.08,0
3750,1812,2025-11-17 18:15:58,IN,mobile,7.62,0
3751,1164,2025-11-23 13:14:48,IN,mobile,3.43,0
3752,1597,2025-11-25 23:16:53,GB,desktop,9.83,0
3753,1921,2025-12-09 05:27:57,CA,tablet,4.91,0
3754,538,2025-11-11 17:59:25,DE,mobile,5.08,0
3755,76,2025-12-07 22:11:51,US,mobile,10.05,0
3756,642,2025-11-20 19:33:58,US,desktop,5.79,0
3757,1274,2025-12-02 16:37:54,US,mobile,5.99,0
3758,1095,2025-12-01 07:18:02,US,mobile,14.89,0
3759,162,2025-12-10 02:14:33,DE,mobile,4.12,0
3760,1121,2025-11-14 05:30:32,DE,mobile,9.96,0
3761,349,2025-12-09 23:36:25,IN,mobile,13.06,0
3762,1011,2025-11-12 20:30:52,IN,mobile,14.88,0
3763,1151,2025-12-07 06:53:36,CA,desktop,27.27,1
3764,1273,2025-11-30 12:48:04,CA,mobile,5.03,0
3765,825,2025-11-25 10:12:39,IN,mobile,4.39,0
3766,817,2025-11-22 21:37:50,IN,mobile,12.07,0
3767,1357,2025-11-13 18:37:20,IN,mobile,12.99,0
3768,1498,2025-12-05 00:32:48,CA,desktop,4.6,0
3769,1615,2025-12-02 19:21:28,DE,desktop,9.88,0
3770,667,2025-12-09 02:05:48,GB,desktop,37.88,0
3771,848,2025-12-02 21:08:04,CA,mobile,7.87,0
3772,662,2025-12-09 16:18:06,GB,mobile,12.86,0
3773,1055,2025-12-07 13:43:59,DE,mobile,19.03,0
3774,255,2025-11-23 17:39:34,CA,mobile,33.19,0
3775,860,2025-12-02 01:54:43,CA,mobile,8.56,0
3776,378,2025-11-18 21:32:54,US,mobile,15.67,0
3777,1065,2025-12-04 19:47:58,GB,mobile,4.6,0
3778,1701,2025-11-29 05:26:04,DE,mobile,7.5,0
3779,1970,2025-11-24 04:16:02,US,mobile,5.65,0
3780,893,2025-11-29 19:31:54,US,mobile,2.38,0
3781,113,2025-11-19 06:48:26,GB,mobile,2.82,0
3782,456,2025-11-29 15:19:16,IN,tablet,9.56,0
3783,210,2025-11-25 05:05:50,US,mobile,9.68,0
3784,1518,2025-11-20 14:54:48,US,mobile,3.96,0
3785,1969,2025-12-10 05:36:48,GB,mobile,18.81,0
3786,1108,2025-11-12 21:08:02,IN,mobile,3.8,0
3787,354,2025-12-03 16:46:33,IN,desktop,8.62,0
3788,43,2025-11-17 06:26:10,DE,mobile,5.76,1
3789,1952,2025-11-17 15:26:49,CA,tablet,7.88,0
3790,633,2025-11-15 14:24:53,US,desktop,12.67,0
3791,224,2025-11-14 00:58:02,DE,mobile,11.64,0
3792,354,2025-11-14 16:26:27,US,tablet,11.3,0
3793,511,2025-12-05 22:45:29,GB,desktop,10.47,0
3794,1312,2025-12-08 18:09:24,GB,tablet,3.44,0
3795,1783,2025-11-28 12:16:24,DE,mobile,14.6,0
3796,550,2025-11-11 09:12:11,GB,tablet,3.91,0
3797,1374,2025-12-06 21:40:16,CA,mobile,6.93,0
3798,130,2025-11-29 00:34:13,GB,mobile,5.98,0
3799,21,2025-11-26 14:15:37,CA,tablet,9.12,0
3800,110,2025-12-09 09:24:50,CA,mobile,5.52,0
3801,1846,2025-11-23 06:17:13,IN,mobile,6.72,0
3802,1163,2025-11-21 18:28:15,US,mobile,19.52,0
3803,1610,2025-12-04 08:42:06,DE,mobile,3.4,0
3804,44,2025-11-26 18:44:36,IN,mobile,7.38,0
3805,45,2025-12-02 11:23:12,GB,mobile,3.79,0
3806,1697,2025-12-01 20:11:49,IN,mobile,11.07,0
3807,206,2025-12-06 03:37:51,GB,desktop,4.78,0
3808,311,2025-11-20 11:35:41,GB,mobile,7.56,0
3809,1038,2025-11-13 03:05:37,CA,desktop,3.34,1
3810,1213,2025-11-25 07:08:31,GB,mobile,16.04,0
3811,458,2025-11-30 09:28:14,IN,desktop,7.72,0
3812,889,2025-12-05 11:32:48,DE,desktop,8.03,0
3813,1350,2025-11-18 23:30:43,GB,tablet,12.15,0
3814,886,2025-12-03 07:53:19,DE,mobile,3.49,0
3815,765,2025-12-05 22:24:53,CA,mobile,5.11,0
3816,144,2025-12-05 05:18:58,CA,tablet,8.18,0
3817,904,2025-12-05 05:02:38,US,desktop,2.57,1
3818,1605,2025-12-10 14:07:03,IN,mobile,2.74,1
3819,1253,2025-11-30 19:15:35,US,desktop,4.51,1
3820,1786,2025-11-22 01:52:06,DE,desktop,3.73,0
3821,253,2025-11-24 01:30:00,GB,mobile,6.01,1
3822,23,2025-12-03 09:08:18,CA,desktop,10.11,0
3823,1096,2025-11-18 01:32:15,US,desktop,11.59,0
3824,358,2025-11-29 01:14:15,CA,mobile,21.88,0
3825,1188,2025-11-28 03:35:58,GB,mobile,7.29,0
3826,1807,2025-11-30 23:11:17,CA,mobile,8.11,0
3827,674,2025-11-23 14:32:50,US,mobile,7.28,0
3828,1099,2025-12-03 03:56:31,GB,mobile,8.95,0
3829,1363,2025-11-13 02:39:51,GB,desktop,9.38,0
3830,300,2025-12-03 11:02:21,CA,mobile,12.85,0
3831,1794,2025-12-05 07:47:32,DE,desktop,12.82,1
3832,406,2025-12-07 12:58:09,CA,desktop,10.09,0
3833,1616,2025-12-08 15:38:32,IN,desktop,18.29,0
3834,1320,2025-11-21 10:44:39,DE,mobile,7.51,0
3835,282,2025-11-12 08:37:50,DE,mobile,5.12,0
3836,1449,2025-11-30 13:44:21,DE,desktop,5.65,1
3837,393,2025-11-13 16:11:31,CA,mobile,6.93,0
3838,1199,2025-11-19 09:02:30,CA,mobile,3.86,0
3839,1919,2025-12-02 01:00:56,IN,mobile,5.11,1
3840,1906,2025-11-28 19:19:20,IN,mobile,3.73,0
3841,1742,2025-11-29 04:01:05,DE,desktop,9.08,0
3842,988,2025-12-03 12:04:43,DE,mobile,9.14,0
3843,1119,2025-11-15 21:50:02,CA,mobile,2.56,0
3844,601,2025-12-04 16:45:12,DE,mobile,4.99,0
3845,1841,2025-11-28 13:32:20,CA,mobile,22.09,1
3846,954,2025-11-23 13:43:20,DE,mobile,10.78,0
3847,1543,2025-11-24 21:04:07,CA,desktop,9.7,1
3848,719,2025-11-26 05:30:40,DE,desktop,4.96,0
3849,1481,2025-11-27 11:29:30,CA,tablet,8.78,0
3850,449,2025-11-20 23:36:16,US,mobile,7.33,0
3851,1467,2025-11-17 15:49:07,CA,mobile,4.58,0
3852,92,2025-11-16 00:56:20,GB,mobile,5.49,0
3853,210,2025-11-21 04:32:29,DE,desktop,5.57,0
3854,705,2025-11-18 18:48:19,GB,desktop,3.02,0
3855,964,2025-11-26 10:51:06,IN,desktop,3.34,0
3856,1423,2025-12-08 07:58:17,DE,mobile,6.56,0
3857,718,2025-11-14 05:03:46,IN,mobile,4.44,0
3858,37,2025-11-20 05:41:27,DE,tablet,6.17,0
3859,651,2025-11-12 10:37:19,US,mobile,2.82,0
3860,878,2025-12-10 05:03:34,CA,desktop,11.95,1
3861,1087,2025-12-01 23:47:03,IN,desktop,25.75,1
3862,1288,2025-11-18 05:05:49,DE,mobile,13.69,1
3863,496,2025-11-23 09:29:14,GB,tablet,14.56,1
3864,1221,2025-12-02 15:50:38,IN,desktop,10.76,0
3865,1263,2025-12-09 16:47:32,IN,desktop,8.67,0
3866,1553,2025-11-28 04:26:35,US,mobile,7.78,0
3867,1044,2025-11-19 02:17:17,IN,mobile,4.27,1
3868,1621,2025-12-01 20:58:45,DE,desktop,11.18,0
3869,443,2025-12-01 12:58:13,CA,mobile,10.79,1
3870,1423,2025-11-30 06:52:56,CA,mobile,5.6,0
3871,92,2025-11-12 08:19:47,GB,mobile,10.13,0
3872,206,2025-12-02 04:05:30,DE,mobile,4.87,0
3873,1729,2025-11-11 13:21:44,US,desktop,5.06,1
3874,950,2025-12-08 03:13:35,CA,mobile,11.76,1
3875,1242,2025-12-07 10:14:34,CA,mobile,9.57,0
3876,1207,2025-11-27 20:55:50,CA,mobile,6.43,0
3877,1390,2025-11-30 08:23:54,IN,mobile,6.0,0
3878,491,2025-11-13 00:05:02,GB,mobile,8.21,0
3879,357,2025-12-07 04:49:09,DE,mobile,2.46,0
3880,86,2025-11-19 02:13:37,DE,mobile,4.69,0
3881,1729,2025-11-18 19:56:55,GB,mobile,3.46,0
3882,447,2025-12-02 05:09:01,IN,desktop,7.44,0
3883,1150,2025-12-09 03:13:45,DE,mobile,14.2,0
3884,910,2025-11-25 18:57:59,IN,mobile,9.84,1
3885,325,2025-11-26 04:38:38,GB,mobile,5.44,0
3886,828,2025-11-27 10:11:24,GB,desktop,4.84,0
3887,167,2025-11-19 16:51:11,IN,mobile,4.7,0
3888,354,2025-11-28 20:46:14,GB,mobile,24.53,1
3889,280,2025-12-09 19:08:30,GB,desktop,7.7,0
3890,1649,2025-11-22 10:43:33,US,desktop,8.33,0
3891,1135,2025-12-04 03:51:16,GB,mobile,2.08,0
3892,1851,2025-12-04 04:26:15,DE,desktop,3.64,0
3893,872,2025-12-06 11:49:57,GB,desktop,7.2,0
3894,403,2025-12-02 16:10:40,US,mobile,5.48,0
3895,1217,2025-12-08 14:40:31,CA,tablet,8.0,0
3896,1859,2025-12-02 09:31:42,IN,mobile,7.94,1
3897,1065,2025-12-10 06:03:54,IN,desktop,10.59,0
3898,36,2025-12-02 10:15:21,IN,desktop,2.41,0
3899,607,2025-12-06 01:48:24,IN,tablet,3.81,0
3900,1849,2025-12-07 16:17:25,IN,mobile,6.96,0
3901,1037,2025-12-10 11:17:03,DE,desktop,5.01,0
3902,1903,2025-11-28 19:54:56,CA,mobile,6.13,0
3903,1019,2025-12-02 06:35:38,CA,mobile,7.89,0
3904,25,2025-12-09 23:31:29,IN,desktop,4.73,0
3905,1746,2025-11-22 09:00:19,GB,mobile,8.29,0
3906,1526,2025-11-14 13:03:05,US,desktop,10.24,0
3907,1430,2025-12-07 11:54:44,IN,mobile,7.68,0
3908,1940,2025-11-29 22:14:35,CA,mobile,11.39,0
3909,393,2025-11-23 19:44:27,GB,mobile,2.01,0
3910,1811,2025-12-02 11:25:11,CA,mobile,5.2,0
3911,466,2025-11-11 22:44:38,DE,mobile,12.62,0
3912,1941,2025-11-25 06:49:53,DE,mobile,4.4,0
3913,383,2025-11-18 22:22:20,IN,tablet,4.06,0
3914,1101,2025-11-19 14:44:34,DE,desktop,6.85,0
3915,1578,2025-12-10 01:08:28,US,desktop,7.31,0
3916,157,2025-11-27 11:15:35,US,mobile,5.36,0
3917,134,2025-11-15 04:20:38,US,mobile,22.33,0
3918,1699,2025-11-21 21:51:03,DE,desktop,8.77,0
3919,121,2025-11-18 05:56:31,IN,mobile,4.3,0
3920,1228,2025-12-08 05:48:07,GB,mobile,3.12,0
3921,1876,2025-11-19 16:56:51,US,tablet,9.42,0
3922,1229,2025-11-21 16:07:23,IN,mobile,4.24,0
3923,962,2025-11-20 23:49:29,GB,tablet,26.89,0
3924,835,2025-11-16 05:44:30,US,mobile,9.55,0
3925,1276,2025-12-04 08:57:45,US,mobile,10.34,0
3926,1144,2025-11-28 06:13:58,DE,mobile,8.58,0
3927,1004,2025-11-24 01:51:25,DE,tablet,14.48,0
3928,308,2025-11-22 20:20:50,GB,desktop,1.76,0
3929,1325,2025-11-30 23:14:44,IN,desktop,3.59,0
3930,1479,2025-11-13 20:16:45,GB,mobile,13.74,0
3931,1418,2025-12-08 22:06:25,IN,desktop,18.18,0
3932,150,2025-11-27 21:55:09,US,mobile,3.52,0
3933,1406,2025-11-17 19:08:45,CA,mobile,2.48,1
3934,1459,2025-11-27 02:28:55,DE,desktop,8.17,0
3935,367,2025-12-06 12:42:36,CA,desktop,9.89,1
3936,1698,2025-11-16 03:56:04,GB,desktop,8.07,1
3937,1048,2025-11-26 16:24:11,CA,mobile,7.13,0
3938,945,2025-11-28 21:31:56,IN,desktop,2.43,0
3939,1445,2025-12-05 06:27:27,US,mobile,5.9,0
3940,1020,2025-11-27 23:43:52,GB,tablet,6.45,0
3941,1089,2025-12-03 01:26:51,CA,mobile,5.32,0
3942,625,2025-12-04 04:14:01,DE,mobile,2.34,0
3943,1855,2025-12-07 16:50:44,DE,mobile,10.49,0
3944,1938,2025-11-21 19:33:47,GB,mobile,12.42,0
3945,261,2025-12-02 02:01:06,DE,mobile,4.59,0
3946,1466,2025-11-18 10:20:22,CA,desktop,6.61,0
3947,47,2025-12-06 07:07:37,US,desktop,5.48,0
3948,738,2025-12-09 12:06:39,GB,mobile,5.52,0
3949,1940,2025-11-19 19:03:50,US,mobile,9.93,0
3950,350,2025-11-27 19:18:33,US,desktop,10.08,1
3951,754,2025-12-05 15:19:01,CA,desktop,14.08,0
3952,439,2025-11-11 18:46:24,GB,mobile,13.91,0
3953,1456,2025-12-02 02:50:49,US,tablet,6.67,0
3954,928,2025-12-05 14:08:42,US,mobile,40.66,0
3955,1186,2025-12-07 02:30:56,CA,desktop,18.73,0
3956,1885,2025-11-16 20:53:54,IN,desktop,4.98,0
3957,1042,2025-12-03 16:23:31,DE,mobile,7.97,0
3958,1468,2025-12-04 13:10:44,GB,mobile,2.24,0
3959,196,2025-11-11 01:17:08,DE,desktop,7.51,0
3960,431,2025-12-02 02:56:59,CA,mobile,20.17,0
3961,1893,2025-11-29 18:06:46,DE,mobile,39.2,0
3962,1719,2025-12-10 00:46:43,IN,mobile,6.87,0
3963,1313,2025-11-12 06:12:01,GB,desktop,9.03,0
3964,757,2025-12-09 22:26:59,GB,mobile,10.62,0
3965,400,2025-11-28 02:39:19,IN,mobile,24.24,0
3966,1703,2025-11-19 04:48:30,IN,tablet,4.1,0
3967,1570,2025-11-22 14:13:01,US,desktop,36.35,0
3968,484,2025-12-03 23:04:35,US,mobile,6.11,0
3969,1180,2025-12-10 20:23:14,IN,mobile,3.66,0
3970,1237,2025-11-20 11:22:06,US,mobile,6.12,0
3971,955,2025-12-10 11:30:30,IN,mobile,4.55,0
3972,1853,2025-11-29 20:15:19,GB,mobile,9.5,1
3973,249,2025-11-16 17:29:01,GB,mobile,2.74,0
3974,516,2025-11-28 21:36:35,US,mobile,8.04,0
3975,190,2025-12-05 00:30:18,IN,desktop,11.01,0
3976,1386,2025-11-12 14:30:14,US,mobile,17.99,1
3977,1288,2025-11-13 08:03:03,DE,mobile,11.12,0
3978,1974,2025-11-11 02:57:49,CA,desktop,17.34,0
3979,1085,2025-11-28 01:54:07,CA,mobile,5.14,0
3980,302,2025-11-12 16:49:22,DE,desktop,9.36,0
3981,902,2025-12-08 22:20:55,CA,mobile,1.94,0
3982,177,2025-11-14 19:21:03,CA,mobile,6.9,0
3983,1342,2025-11-13 02:47:34,DE,mobile,9.32,0
3984,1348,2025-11-18 16:44:33,GB,mobile,9.84,0
3985,1715,2025-12-03 20:43:32,IN,desktop,2.87,0
3986,680,2025-12-08 04:14:25,CA,mobile,5.85,0
3987,620,2025-11-18 11:57:19,DE,mobile,6.36,0
3988,143,2025-11-26 12:38:53,GB,mobile,5.71,0
3989,830,2025-12-04 04:20:25,US,mobile,11.42,0
3990,951,2025-12-04 20:59:41,US,mobile,6.49,0
3991,1509,2025-11-15 13:20:01,GB,mobile,7.84,0
3992,1507,2025-12-06 02:49:02,CA,mobile,5.51,0
3993,281,2025-12-06 23:40:22,IN,desktop,14.0,0
3994,570,2025-12-03 00:23:30,US,desktop,14.64,0
3995,1023,2025-11-26 18:51:04,CA,mobile,6.14,0
3996,670,2025-11-22 17:01:48,IN,desktop,40.87,0
3997,52,2025-12-07 15:36:15,GB,mobile,4.67,1
3998,1691,2025-12-06 21:12:41,CA,mobile,13.52,0
3999,1462,2025-11-26 12:21:08,GB,desktop,4.18,0
4000,1040,2025-12-03 05:30:30,DE,desktop,11.75,0
4001,635,2025-11-22 23:09:27,CA,mobile,11.21,0
4002,1685,2025-12-03 06:18:06,IN,tablet,4.03,0
4003,71,2025-11-13 15:32:48,DE,tablet,6.83,0
4004,893,2025-12-08 00:21:58,GB,mobile,22.66,0
4005,1602,2025-11-26 10:25:39,CA,mobile,4.53,0
4006,1905,2025-11-28 22:16:13,US,desktop,9.4,0
4007,503,2025-11-16 15:35:40,GB,tablet,9.04,0
4008,1301,2025-11-26 19:48:22,CA,mobile,7.2,0
4009,380,2025-11-11 01:30:15,IN,mobile,2.62,0
4010,232,2025-12-07 16:08:59,US,desktop,12.15,0
4011,706,2025-12-03 10:25:03,IN,mobile,7.44,0
4012,1770,2025-11-24 14:26:42,GB,desktop,14.33,0
4013,1379,2025-12-06 01:02:09,IN,mobile,8.49,0
4014,979,2025-12-05 07:33:49,GB,desktop,7.68,0
4015,566,2025-11-14 12:58:06,GB,mobile,9.24,0
4016,284,2025-11-12 14:00:07,CA,mobile,4.09,0
4017,542,2025-11-18 13:47:45,US,desktop,18.82,0
4018,306,2025-11-11 00:09:41,DE,mobile,5.9,0
4019,374,2025-11-28 03:53:18,US,mobile,5.94,0
4020,1375,2025-11-26 19:36:12,IN,mobile,16.04,0
4021,266,2025-11-27 02:34:36,DE,desktop,8.57,0
4022,95,2025-11-13 04:14:00,CA,mobile,6.41,0
4023,1085,2025-12-08 12:20:02,GB,desktop,9.47,1
4024,573,2025-12-10 06:20:37,US,mobile,10.76,0
4025,909,2025-11-28 16:25:18,DE,desktop,6.88,0
4026,280,2025-11-11 03:11:37,CA,mobile,12.85,0
4027,420,2025-11-22 20:20:03,IN,mobile,3.45,0
4028,882,2025-12-02 12:18:01,US,mobile,8.65,0
4029,1380,2025-12-03 10:18:58,IN,mobile,11.94,0
4030,829,2025-11-18 06:28:11,GB,desktop,10.73,0
4031,1083,2025-12-05 15:34:39,IN,desktop,1.93,0
4032,1044,2025-12-09 23:52:12,US,desktop,6.85,0
4033,538,2025-11-26 05:28:36,GB,desktop,3.57,0
4034,559,2025-11-22 09:56:33,CA,desktop,15.98,0
4035,852,2025-11-26 18:02:43,US,tablet,5.85,0
4036,65,2025-11-11 18:52:36,CA,desktop,14.95,0
4037,1371,2025-11-26 16:07:00,IN,mobile,3.56,0
4038,1229,2025-11-11 18:37:35,IN,mobile,9.34,0
4039,612,2025-11-12 00:16:50,CA,mobile,7.42,1
4040,748,2025-11-27 13:39:41,GB,desktop,38.8,0
4041,658,2025-11-26 07:00:07,CA,mobile,14.98,0
4042,1303,2025-12-10 13:39:55,GB,mobile,14.42,0
4043,1519,2025-11-26 04:45:31,GB,desktop,24.95,0
4044,218,2025-12-10 08:40:11,IN,mobile,8.76,0
4045,827,2025-12-05 04:21:09,DE,mobile,6.96,0
4046,28,2025-11-21 02:04:09,GB,desktop,6.5,0
4047,905,2025-12-08 18:04:29,DE,mobile,9.0,0
4048,497,2025-11-25 10:46:45,US,mobile,1.4,0
4049,672,2025-11-28 19:35:42,DE,mobile,7.4,0
4050,913,2025-11-13 23:33:39,DE,mobile,8.47,0
4051,648,2025-11-17 08:17:49,IN,mobile,6.73,0
4052,788,2025-11-26 15:12:00,DE,mobile,2.95,0
4053,1529,2025-11-19 02:31:26,DE,desktop,6.75,0
4054,1620,2025-11-28 23:01:04,CA,desktop,2.94,0
4055,12,2025-11-13 08:46:10,GB,mobile,21.42,0
4056,756,2025-11-18 11:59:49,IN,mobile,6.33,0
4057,1693,2025-11-30 22:08:51,IN,mobile,2.14,0
4058,1061,2025-11-29 07:57:18,GB,mobile,6.53,0
4059,411,2025-12-10 11:28:01,CA,mobile,12.64,0
4060,1187,2025-12-07 23:00:41,IN,mobile,8.21,0
4061,290,2025-12-05 06:52:57,IN,mobile,4.27,0
4062,44,2025-11-10 23:55:14,US,desktop,4.92,0
4063,1265,2025-11-29 01:00:32,IN,mobile,6.22,0
4064,1030,2025-11-17 20:03:54,DE,tablet,5.68,0
4065,1513,2025-11-18 23:24:42,IN,mobile,3.47,1
4066,690,2025-11-17 06:22:29,DE,desktop,7.1,0
4067,1708,2025-11-24 15:28:59,US,mobile,3.32,0
4068,843,2025-11-14 16:25:51,US,desktop,13.06,0
4069,1476,2025-11-26 22:07:21,GB,desktop,14.05,0
4070,201,2025-11-15 22:49:32,GB,mobile,4.05,0
4071,195,2025-11-25 23:33:41,CA,mobile,4.81,0
4072,1565,2025-11-29 17:53:23,CA,tablet,5.73,0
4073,1668,2025-11-16 08:35:55,IN,tablet,7.25,0
4074,1884,2025-11-14 01:10:21,IN,tablet,8.62,0
4075,649,2025-12-05 03:44:19,GB,mobile,9.76,1
4076,45,2025-12-03 02:58:31,IN,mobile,9.62,1
4077,1959,2025-11-18 19:28:49,DE,mobile,18.77,1
4078,1203,2025-12-07 13:53:20,DE,desktop,7.66,0
4079,494,2025-11-17 14:28:13,CA,mobile,3.38,0
4080,1527,2025-12-08 18:22:33,IN,mobile,2.81,0
4081,1807,2025-11-14 08:47:50,GB,mobile,19.72,0
4082,570,2025-11-30 18:33:33,US,mobile,10.03,1
4083,1539,2025-11-11 13:02:01,DE,desktop,8.36,0
4084,1575,2025-11-16 21:21:29,CA,mobile,9.67,0
4085,1003,2025-11-23 02:36:54,IN,desktop,8.13,0
4086,1265,2025-11-13 12:38:46,CA,mobile,9.58,1
4087,539,2025-11-24 16:15:15,GB,mobile,5.91,0
4088,1858,2025-11-17 22:17:26,US,mobile,13.92,0
4089,1966,2025-11-13 22:28:46,DE,mobile,5.39,0
4090,1962,2025-12-09 19:50:31,US,mobile,4.3,1
4091,1474,2025-12-10 10:09:02,US,desktop,2.68,0
4092,85,2025-12-09 20:07:16,DE,mobile,6.41,0
4093,733,2025-11-15 14:11:04,IN,mobile,15.81,0
4094,890,2025-11-22 10:12:51,DE,desktop,5.62,0
4095,1919,2025-11-20 18:58:31,DE,mobile,3.23,1
4096,1094,2025-11-20 17:48:09,GB,mobile,8.77,0
4097,1072,2025-11-23 11:11:14,DE,mobile,5.0,0
4098,294,2025-11-26 06:26:25,IN,mobile,18.71,0
4099,1587,2025-11-25 12:32:08,IN,mobile,14.08,0
4100,673,2025-11-19 17:14:53,DE,mobile,3.45,0
4101,184,2025-12-10 08:42:26,GB,mobile,6.66,0
4102,1975,2025-12-10 08:35:23,IN,mobile,4.7,0
4103,380,2025-11-20 21:42:41,IN,desktop,3.68,0
4104,33,2025-11-17 14:30:43,US,desktop,7.15,0
4105,156,2025-11-26 22:47:10,GB,mobile,12.07,0
4106,905,2025-11-22 01:00:55,US,mobile,7.04,0
4107,206,2025-12-10 13:58:43,US,desktop,5.42,0
4108,1685,2025-11-23 20:22:47,IN,mobile,1.97,0
4109,1025,2025-11-12 03:52:29,CA,desktop,4.96,0
4110,648,2025-11-14 17:16:43,CA,mobile,10.29,1
4111,7,2025-11-13 04:55:32,DE,mobile,3.3,0
4112,960,2025-11-22 10:51:59,IN,mobile,15.95,1
4113,303,2025-11-20 11:07:00,GB,desktop,5.21,0
4114,1956,2025-12-06 16:04:44,GB,mobile,8.3,0
4115,582,2025-12-07 16:27:17,DE,mobile,5.82,0
4116,950,2025-11-15 04:17:33,CA,mobile,3.65,0
4117,38,2025-12-09 07:20:26,CA,desktop,9.62,1
4118,262,2025-11-28 11:43:42,GB,mobile,5.16,0
4119,415,2025-11-20 04:08:07,IN,desktop,4.48,0
4120,104,2025-11-23 04:00:41,IN,mobile,1.78,0
4121,1452,2025-11-24 05:01:28,US,mobile,16.15,0
4122,1890,2025-11-16 02:01:09,US,mobile,7.42,0
4123,1970,2025-12-06 23:46:23,US,tablet,14.35,0
4124,532,2025-11-11 08:06:53,DE,mobile,10.72,0
4125,1577,2025-11-13 01:26:03,GB,mobile,14.35,0
4126,1008,2025-11-19 04:02:23,DE,desktop,5.27,0
4127,92,2025-11-15 06:36:58,GB,mobile,3.24,0
4128,182,2025-11-12 19:44:58,DE,mobile,11.68,0
4129,1096,2025-11-22 11:16:31,US,mobile,7.99,0
4130,847,2025-11-22 06:30:21,GB,desktop,5.59,0
4131,17,2025-11-14 17:38:33,GB,mobile,11.54,0
4132,1860,2025-12-05 06:35:01,IN,desktop,8.89,0
4133,1460,2025-12-07 10:41:09,IN,desktop,10.84,0
4134,1005,2025-12-02 13:24:22,US,mobile,4.0,0
4135,1974,2025-11-26 15:12:12,DE,mobile,13.28,0
4136,1942,2025-12-09 09:20:56,CA,desktop,7.37,0
4137,1947,2025-11-21 11:35:43,US,desktop,14.17,0
4138,518,2025-11-23 18:41:01,US,desktop,13.21,0
4139,1761,2025-11-11 10:04:54,CA,mobile,11.15,1
4140,1009,2025-12-02 04:50:59,DE,desktop,6.91,0
4141,1452,2025-11-13 17:49:52,CA,desktop,11.31,0
4142,1719,2025-11-30 22:16:43,DE,tablet,14.39,0
4143,327,2025-12-04 10:34:47,DE,mobile,10.63,0
4144,897,2025-11-17 11:30:22,US,desktop,8.34,0
4145,258,2025-11-29 07:53:06,IN,desktop,11.33,0
4146,559,2025-11-20 01:48:43,GB,desktop,5.39,0
4147,827,2025-11-22 22:01:24,CA,desktop,18.33,0
4148,1711,2025-11-26 20:42:36,US,desktop,2.69,0
4149,1725,2025-11-18 10:51:14,US,mobile,7.54,1
4150,780,2025-12-04 20:49:33,IN,mobile,5.79,0
4151,659,2025-11-22 19:21:52,CA,mobile,5.03,0
4152,1061,2025-11-24 19:44:16,CA,desktop,8.87,0
4153,1823,2025-12-05 09:48:36,IN,mobile,3.76,0
4154,1953,2025-11-17 19:12:24,IN,desktop,26.87,0
4155,454,2025-11-24 12:51:19,GB,tablet,3.28,0
4156,373,2025-12-10 18:31:41,CA,desktop,4.18,1
4157,1413,2025-11-22 23:02:00,US,desktop,3.95,0
4158,603,2025-11-14 10:26:58,US,desktop,8.32,0
4159,400,2025-11-19 12:01:01,IN,mobile,13.58,0
4160,63,2025-12-09 15:28:22,GB,mobile,10.13,0
4161,807,2025-12-03 17:48:29,IN,mobile,17.88,0
4162,784,2025-12-05 05:44:45,CA,desktop,4.5,0
4163,1126,2025-11-18 13:48:07,GB,mobile,10.97,0
4164,401,2025-12-06 03:14:10,CA,mobile,6.16,0
4165,1429,2025-11-22 18:26:48,GB,desktop,8.47,0
4166,1360,2025-12-04 19:34:24,GB,mobile,14.37,0
4167,925,2025-12-07 09:28:17,US,desktop,2.68,0
4168,363,2025-11-17 05:06:57,DE,mobile,24.4,0
4169,1014,2025-12-09 02:56:52,CA,desktop,6.77,0
4170,1349,2025-11-29 22:41:31,CA,mobile,2.82,0
4171,746,2025-12-02 21:28:13,US,desktop,4.88,0
4172,527,2025-12-03 16:05:33,DE,desktop,7.86,0
4173,1013,2025-11-16 00:30:55,US,mobile,4.88,0
4174,711,2025-12-03 08:07:35,DE,mobile,2.16,0
4175,801,2025-11-17 08:32:46,DE,desktop,7.83,0
4176,698,2025-11-19 02:45:35,US,mobile,4.79,0
4177,607,2025-11-14 11:09:06,US,desktop,10.92,0
4178,1433,2025-11-16 09:38:19,US,mobile,3.89,1
4179,921,2025-12-10 08:03:26,DE,desktop,28.7,0
4180,933,2025-11-20 19:28:52,DE,mobile,10.06,1
4181,1306,2025-11-22 13:52:52,US,mobile,8.32,0
4182,723,2025-11-25 08:43:14,IN,mobile,10.74,0
4183,202,2025-12-02 08:32:56,DE,mobile,2.48,0
4184,1705,2025-11-28 04:21:17,GB,mobile,5.48,0
4185,112,2025-11-27 01:15:25,DE,desktop,21.54,0
4186,1144,2025-12-06 01:50:13,GB,desktop,6.1,0
4187,532,2025-11-25 20:18:42,GB,tablet,7.12,0
4188,428,2025-12-04 00:56:14,GB,desktop,5.59,0
4189,84,2025-12-08 07:04:39,GB,desktop,17.79,0
4190,1800,2025-12-01 06:03:40,IN,mobile,6.38,0
4191,858,2025-11-12 00:39:48,GB,tablet,3.49,0
4192,685,2025-11-18 20:56:42,GB,mobile,34.72,0
4193,1482,2025-11-29 12:00:32,DE,mobile,3.24,0
4194,78,2025-11-25 08:01:36,GB,desktop,6.97,0
4195,1129,2025-11-19 12:15:49,DE,tablet,4.46,0
4196,989,2025-11-21 00:44:47,US,mobile,4.85,1
4197,1107,2025-11-13 07:39:07,US,mobile,3.91,0
4198,248,2025-11-18 00:22:51,CA,desktop,5.34,0
4199,1905,2025-12-04 10:50:00,IN,desktop,13.34,0
4200,477,2025-11-11 06:36:33,DE,mobile,2.36,0
4201,1357,2025-12-06 01:45:03,DE,desktop,15.74,0
4202,1494,2025-11-21 03:38:43,US,mobile,14.2,0
4203,688,2025-12-05 04:54:22,CA,mobile,10.03,1
4204,262,2025-11-18 15:38:11,IN,desktop,7.97,0
4205,594,2025-12-05 19:57:07,CA,mobile,8.72,0
4206,1614,2025-11-28 03:00:08,IN,desktop,17.36,0
4207,1813,2025-12-06 12:16:33,IN,mobile,2.59,0
4208,1873,2025-11-12 20:05:24,DE,desktop,11.43,0
4209,453,2025-12-04 21:22:38,US,mobile,4.72,1
4210,1213,2025-11-19 02:00:24,DE,tablet,12.13,0
4211,302,2025-11-21 17:36:00,CA,desktop,5.11,1
4212,1421,2025-11-12 07:28:00,DE,mobile,11.29,0
4213,832,2025-12-09 14:09:19,US,tablet,2.92,0
4214,1427,2025-11-30 05:03:13,DE,mobile,2.68,1
4215,1370,2025-12-10 09:29:44,US,mobile,6.9,0
4216,1985,2025-11-28 00:19:45,US,tablet,17.48,1
4217,977,2025-11-15 17:07:41,GB,tablet,10.19,0
4218,683,2025-11-21 02:13:06,GB,desktop,10.15,0
4219,1053,2025-11-24 03:57:08,US,tablet,12.38,1
4220,326,2025-11-15 09:18:49,US,mobile,5.82,0
4221,224,2025-12-08 21:55:03,DE,mobile,10.66,0
4222,1038,2025-12-09 16:56:06,IN,mobile,5.22,0
4223,1650,2025-11-27 20:56:57,US,mobile,6.12,0
4224,1066,2025-11-28 11:59:43,IN,desktop,6.59,0
4225,1564,2025-12-02 01:44:48,DE,mobile,5.33,0
4226,356,2025-12-01 08:11:39,DE,mobile,7.1,0
4227,899,2025-11-12 20:21:16,GB,mobile,6.34,0
4228,1226,2025-11-26 21:48:13,US,mobile,4.83,0
4229,696,2025-12-04 06:45:33,CA,desktop,6.79,0
4230,29,2025-12-05 03:56:12,DE,mobile,8.11,0
4231,147,2025-11-28 20:22:56,CA,desktop,3.82,0
4232,1855,2025-12-07 20:37:35,GB,desktop,9.49,0
4233,1210,2025-11-28 13:17:54,US,mobile,5.49,1
4234,529,2025-11-22 10:47:03,GB,desktop,8.32,0
4235,518,2025-11-24 05:56:56,GB,tablet,4.96,0
4236,80,2025-12-01 16:03:03,DE,mobile,13.88,1
4237,1889,2025-12-07 13:29:56,DE,desktop,13.11,0
4238,217,2025-11-17 20:45:06,US,mobile,3.94,0
4239,1519,2025-11-19 18:32:52,IN,mobile,10.12,0
4240,481,2025-11-30 12:34:06,GB,desktop,17.6,0
4241,671,2025-12-03 21:00:14,DE,desktop,4.18,0
4242,548,2025-11-22 22:37:29,GB,desktop,4.39,0
4243,1649,2025-11-30 06:19:16,IN,desktop,11.48,1
4244,66,2025-11-11 04:06:55,DE,desktop,3.37,0
4245,705,2025-11-19 17:17:26,GB,mobile,4.63,0
4246,559,2025-12-09 15:12:46,US,mobile,4.02,0
4247,546,2025-11-28 06:18:26,DE,mobile,11.57,0
4248,386,2025-12-07 00:30:38,CA,mobile,4.88,0
4249,1824,2025-11-17 11:56:25,IN,desktop,6.23,0
4250,757,2025-11-19 16:38:06,CA,mobile,4.72,0
4251,836,2025-12-10 05:10:59,US,mobile,14.72,0
4252,770,2025-12-10 21:37:04,CA,mobile,4.41,0
4253,1960,2025-12-07 06:33:42,CA,mobile,3.18,0
4254,678,2025-11-20 11:33:52,GB,mobile,3.1,0
4255,684,2025-12-05 00:16:43,US,mobile,11.2,0
4256,656,2025-11-24 17:36:02,DE,mobile,11.7,0
4257,654,2025-12-06 06:51:42,CA,mobile,15.63,0
4258,180,2025-12-06 12:08:21,US,mobile,3.47,0
4259,1208,2025-11-24 00:19:59,DE,tablet,6.43,0
4260,51,2025-11-20 02:32:31,CA,mobile,31.7,0
4261,452,2025-12-10 05:07:35,US,mobile,6.16,1
4262,405,2025-11-24 11:37:18,IN,mobile,5.27,1
4263,583,2025-11-23 22:02:04,US,desktop,7.3,0
4264,1513,2025-11-30 22:27:19,US,mobile,10.16,0
4265,1199,2025-12-09 01:38:02,IN,mobile,10.05,1
4266,1981,2025-11-14 21:10:09,GB,tablet,5.11,1
4267,703,2025-12-10 12:03:04,US,tablet,5.2,0
4268,1857,2025-11-23 15:19:30,CA,mobile,6.18,0
4269,90,2025-11-11 17:39:39,GB,mobile,4.77,0
4270,1008,2025-11-20 06:00:28,CA,mobile,3.52,0
4271,1597,2025-11-24 20:13:44,US,mobile,21.86,0
4272,1064,2025-12-01 06:30:37,IN,mobile,5.79,0
4273,1866,2025-11-27 23:00:55,DE,desktop,5.99,0
4274,629,2025-11-15 01:07:50,IN,mobile,6.1,0
4275,67,2025-11-25 14:45:39,IN,mobile,7.04,0
4276,1548,2025-11-17 22:47:57,DE,mobile,9.59,0
4277,136,2025-11-19 01:18:21,US,mobile,5.59,0
4278,1529,2025-12-02 07:25:25,CA,mobile,14.64,0
4279,1467,2025-12-05 01:35:55,DE,mobile,10.58,0
4280,1688,2025-11-15 15:42:51,DE,mobile,6.59,0
4281,958,2025-11-29 00:56:31,IN,mobile,4.95,0
4282,1791,2025-11-23 15:05:11,GB,mobile,14.17,0
4283,340,2025-11-21 01:37:47,IN,desktop,6.7,0
4284,869,2025-12-02 08:30:24,DE,mobile,3.51,0
4285,244,2025-11-18 10:23:21,CA,mobile,13.63,0
4286,1533,2025-12-03 22:22:12,CA,desktop,4.78,0
4287,1428,2025-11-22 23:46:19,US,desktop,12.44,0
4288,1612,2025-11-13 19:32:50,US,mobile,1.63,0
4289,1528,2025-12-04 17:39:06,CA,mobile,5.92,0
4290,617,2025-12-06 12:40:10,GB,mobile,14.82,0
4291,137,2025-11-27 20:38:34,IN,mobile,7.41,0
4292,1858,2025-12-02 16:29:34,US,desktop,10.58,0
4293,986,2025-11-15 09:28:17,US,mobile,4.3,0
4294,189,2025-11-21 03:31:29,IN,mobile,9.1,0
4295,1854,2025-11-21 11:09:35,DE,mobile,7.41,0
4296,1988,2025-12-03 21:10:14,DE,mobile,8.55,0
4297,891,2025-11-21 12:42:02,CA,mobile,25.12,0
4298,1540,2025-12-02 19:36:28,US,mobile,16.16,0
4299,73,2025-11-20 04:09:39,GB,mobile,11.88,1
4300,187,2025-11-28 23:52:28,IN,desktop,11.97,0
4301,553,2025-11-17 06:17:36,IN,desktop,4.28,1
4302,1312,2025-11-27 17:20:21,US,tablet,5.57,1
4303,267,2025-11-13 09:25:20,IN,desktop,2.95,0
4304,69,2025-12-03 00:13:09,CA,tablet,3.45,0
4305,1337,2025-11-11 20:11:10,US,tablet,4.34,0
4306,1540,2025-12-10 22:41:59,CA,mobile,7.26,0
4307,1478,2025-12-06 03:17:18,IN,mobile,3.54,0
4308,1598,2025-11-28 07:47:25,IN,mobile,7.22,0
4309,1605,2025-12-08 06:07:42,DE,desktop,6.74,0
4310,1205,2025-12-05 05:30:34,DE,desktop,3.74,0
4311,1039,2025-11-15 06:01:57,DE,mobile,18.46,0
4312,1713,2025-12-03 07:06:35,US,desktop,3.34,0
4313,696,2025-11-22 06:53:23,GB,desktop,14.45,0
4314,196,2025-12-06 15:24:53,CA,desktop,1.91,0
4315,1504,2025-12-06 21:10:27,US,mobile,6.78,0
4316,552,2025-12-09 14:29:26,DE,mobile,3.6,0
4317,1957,2025-11-24 11:56:29,IN,mobile,4.99,0
4318,828,2025-11-16 18:15:09,US,mobile,21.89,0
4319,1703,2025-11-14 17:17:15,US,desktop,6.0,0
4320,85,2025-11-15 22:21:49,CA,mobile,3.81,0
4321,1318,2025-12-10 17:19:51,US,mobile,9.9,0
4322,896,2025-11-28 13:24:21,US,mobile,5.97,0
4323,925,2025-11-21 12:31:44,US,mobile,8.09,0
4324,531,2025-11-24 10:43:30,DE,mobile,4.27,0
4325,1942,2025-11-16 03:42:29,CA,tablet,4.4,0
4326,786,2025-11-28 02:09:11,US,mobile,4.61,0
4327,1701,2025-11-23 17:42:56,DE,tablet,11.93,0
4328,850,2025-12-04 21:49:24,DE,mobile,6.45,0
4329,97,2025-11-11 14:27:59,GB,mobile,3.94,0
4330,1758,2025-12-08 22:04:01,US,tablet,8.14,0
4331,371,2025-11-12 18:54:28,IN,desktop,7.75,0
4332,541,2025-11-23 11:46:19,US,desktop,10.42,0
4333,1722,2025-11-21 04:29:04,US,desktop,5.53,0
4334,1787,2025-12-02 12:08:39,IN,mobile,7.05,0
4335,1833,2025-11-30 17:08:49,CA,desktop,9.52,0
4336,852,2025-11-16 20:55:41,CA,mobile,4.03,0
4337,1514,2025-11-25 16:33:22,DE,desktop,12.58,0
4338,656,2025-11-27 00:06:36,GB,tablet,7.46,0
4339,1481,2025-11-24 21:13:36,GB,desktop,3.82,0
4340,1005,2025-11-11 14:55:55,DE,desktop,3.8,0
4341,104,2025-11-16 07:28:03,US,desktop,6.96,0
4342,836,2025-11-26 01:55:59,IN,mobile,5.31,1
4343,935,2025-11-18 18:45:57,DE,mobile,11.62,0
4344,515,2025-11-27 07:52:30,CA,desktop,6.22,0
4345,749,2025-11-15 21:04:34,US,desktop,8.86,1
4346,1005,2025-12-03 00:45:12,GB,mobile,4.44,0
4347,100,2025-11-16 14:55:02,GB,desktop,7.29,0
4348,304,2025-11-30 10:51:42,IN,mobile,16.27,0
4349,1533,2025-12-06 01:35:55,US,desktop,6.76,1
4350,704,2025-11-21 17:16:42,CA,desktop,5.3,0
4351,1217,2025-11-15 03:39:28,CA,mobile,4.4,1
4352,1132,2025-11-11 03:21:32,GB,mobile,7.31,0
4353,1102,2025-11-21 18:49:56,IN,desktop,17.21,0
4354,827,2025-11-14 10:22:57,IN,mobile,3.26,0
4355,967,2025-12-07 10:09:41,US,tablet,7.17,0
4356,1648,2025-12-10 03:50:11,CA,mobile,2.64,0
4357,1930,2025-12-10 09:17:09,DE,mobile,5.78,0
4358,514,2025-12-08 15:18:45,GB,mobile,8.65,0
4359,1339,2025-11-28 13:40:01,IN,desktop,2.86,0
4360,1939,2025-11-20 17:17:59,GB,mobile,5.66,0
4361,16,2025-11-24 08:44:57,GB,desktop,8.8,0
4362,1569,2025-11-18 17:36:24,GB,tablet,7.99,0
4363,994,2025-12-06 04:12:25,US,desktop,9.06,1
4364,1935,2025-11-24 01:27:09,CA,mobile,4.12,0
4365,1156,2025-11-22 12:31:20,DE,mobile,8.79,0
4366,1676,2025-12-01 15:59:22,CA,desktop,5.16,1
4367,332,2025-11-22 04:21:43,US,mobile,11.34,0
4368,285,2025-11-21 16:08:55,DE,desktop,1.85,0
4369,1853,2025-11-17 18:54:04,IN,desktop,6.21,0
4370,1053,2025-11-12 23:41:03,DE,desktop,7.84,0
4371,1117,2025-11-12 02:34:40,CA,desktop,16.6,0
4372,340,2025-11-23 01:14:42,GB,tablet,7.78,0
4373,454,2025-12-10 19:49:50,US,desktop,8.27,0
4374,1636,2025-11-18 18:51:24,US,desktop,9.26,0
4375,607,2025-11-30 04:48:07,IN,mobile,15.67,0
4376,1168,2025-11-20 17:10:56,US,mobile,5.88,0
4377,633,2025-11-20 01:10:53,US,mobile,3.18,0
4378,527,2025-11-15 20:33:43,US,tablet,2.84,0
4379,332,2025-11-27 20:53:55,GB,desktop,11.01,0
4380,1859,2025-11-30 17:35:51,US,desktop,8.45,0
4381,1880,2025-11-21 11:22:37,IN,mobile,6.34,0
4382,231,2025-11-26 18:24:25,DE,desktop,5.2,0
4383,707,2025-11-25 06:04:01,GB,mobile,8.24,0
4384,1128,2025-11-19 02:15:15,US,desktop,8.38,0
4385,767,2025-12-01 17:16:12,IN,mobile,9.85,0
4386,1442,2025-11-27 14:00:49,US,desktop,3.8,1
4387,521,2025-11-12 22:38:51,DE,desktop,2.56,0
4388,118,2025-11-25 17:58:56,GB,mobile,4.27,0
4389,674,2025-11-22 15:35:14,IN,mobile,3.28,0
4390,1196,2025-12-04 20:20:04,GB,mobile,3.18,0
4391,362,2025-11-20 04:00:01,GB,mobile,18.95,0
4392,1631,2025-12-09 15:32:29,US,mobile,1.9,0
4393,25,2025-11-29 10:02:03,IN,mobile,9.79,0
4394,135,2025-11-14 21:18:55,US,mobile,12.73,0
4395,1018,2025-11-23 01:39:39,DE,mobile,13.36,0
4396,1024,2025-12-07 11:39:01,GB,desktop,8.73,0
4397,590,2025-11-18 14:32:02,IN,mobile,16.31,0
4398,517,2025-12-02 02:41:11,IN,mobile,21.54,0
4399,140,2025-12-04 11:14:56,DE,desktop,6.16,0
4400,1326,2025-12-01 17:52:16,DE,mobile,9.66,0
4401,758,2025-11-13 16:18:19,IN,desktop,15.89,0
4402,238,2025-11-22 04:43:45,CA,tablet,4.41,0
4403,800,2025-11-21 09:56:42,GB,desktop,6.38,0
4404,1874,2025-11-21 06:50:48,DE,mobile,5.08,0
4405,523,2025-12-07 08:06:42,GB,mobile,9.74,0
4406,1789,2025-11-11 03:17:35,DE,desktop,2.37,0
4407,518,2025-11-27 03:19:29,IN,desktop,17.5,0
4408,372,2025-12-10 10:25:13,CA,mobile,10.18,0
4409,522,2025-12-07 05:35:41,GB,desktop,10.53,0
4410,647,2025-11-29 03:55:01,IN,desktop,1.79,0
4411,242,2025-12-10 21:45:06,US,desktop,3.96,0
4412,1175,2025-11-23 00:54:33,DE,mobile,18.07,0
4413,667,2025-11-29 07:24:32,US,mobile,6.64,1
4414,1436,2025-11-27 06:44:46,IN,mobile,2.63,0
4415,982,2025-11-12 09:18:22,US,mobile,8.44,0
4416,885,2025-11-12 04:24:44,GB,desktop,11.11,0
4417,942,2025-12-07 20:59:01,IN,mobile,10.16,1
4418,313,2025-11-16 04:15:41,GB,mobile,6.75,0
4419,1426,2025-11-21 14:42:32,GB,mobile,14.6,0
4420,209,2025-11-29 16:03:06,US,desktop,4.85,0
4421,1443,2025-11-28 05:37:19,DE,desktop,10.22,0
4422,1999,2025-11-26 09:30:04,DE,desktop,8.01,1
4423,1528,2025-12-10 08:14:20,IN,tablet,6.82,0
4424,911,2025-12-04 13:55:35,US,tablet,5.89,0
4425,629,2025-12-09 05:18:38,US,mobile,6.01,0
4426,1745,2025-11-30 17:31:39,DE,mobile,7.53,0
4427,515,2025-12-10 08:12:00,CA,desktop,6.2,0
4428,965,2025-11-29 00:15:59,CA,desktop,11.47,0
4429,1541,2025-11-27 05:16:35,IN,mobile,5.36,0
4430,1844,2025-12-05 10:13:26,IN,tablet,18.93,0
4431,1841,2025-12-07 00:46:32,US,mobile,5.22,0
4432,176,2025-11-13 00:22:55,US,tablet,12.83,0
4433,1796,2025-12-08 06:51:01,DE,mobile,13.17,0
4434,228,2025-12-01 16:40:16,IN,mobile,8.16,0
4435,1169,2025-12-07 21:31:46,IN,desktop,7.74,0
4436,1859,2025-12-02 10:27:29,GB,desktop,4.77,0
4437,1309,2025-12-08 18:36:50,GB,desktop,5.42,0
4438,1895,2025-11-19 05:21:01,CA,desktop,8.43,0
4439,689,2025-11-16 14:20:20,CA,mobile,7.19,0
4440,630,2025-11-16 20:06:01,DE,mobile,15.03,0
4441,653,2025-11-18 12:47:14,GB,mobile,5.63,1
4442,710,2025-11-17 09:12:23,DE,mobile,5.83,0
4443,1365,2025-11-24 05:11:51,GB,mobile,2.72,0
4444,905,2025-11-16 21:53:39,IN,mobile,10.87,0
4445,1475,2025-11-15 17:06:48,US,mobile,10.3,1
4446,832,2025-11-26 16:21:21,DE,mobile,13.28,0
4447,616,2025-12-04 18:26:31,US,mobile,13.74,0
4448,380,2025-11-15 00:53:01,DE,mobile,11.86,0
4449,1102,2025-11-26 07:22:03,DE,tablet,12.17,0
4450,1796,2025-11-30 17:55:06,US,tablet,10.66,0
4451,1718,2025-12-02 03:15:13,IN,desktop,11.69,0
4452,507,2025-11-14 02:53:20,GB,mobile,2.45,0
4453,955,2025-12-02 23:32:07,IN,desktop,3.82,0
4454,1410,2025-11-11 18:35:35,US,mobile,3.46,0
4455,1225,2025-11-18 01:49:14,DE,mobile,15.83,0
4456,135,2025-11-20 13:07:18,IN,desktop,4.62,0
4457,1182,2025-12-06 13:23:50,GB,mobile,5.08,0
4458,78,2025-11-16 17:22:18,CA,tablet,7.42,0
4459,233,2025-12-04 10:35:32,DE,desktop,3.5,0
4460,1307,2025-12-10 15:04:10,DE,mobile,9.28,0
4461,205,2025-12-09 18:23:05,US,mobile,2.06,0
4462,678,2025-11-20 01:23:24,IN,desktop,3.65,0
4463,1177,2025-11-13 20:08:44,DE,mobile,8.33,0
4464,1311,2025-11-17 15:07:08,CA,mobile,3.51,0
4465,892,2025-12-04 00:46:57,DE,mobile,16.11,0
4466,188,2025-11-16 20:54:25,US,tablet,7.6,0
4467,1598,2025-11-30 08:03:33,DE,mobile,14.57,0
4468,1899,2025-11-22 04:24:24,US,tablet,9.16,0
4469,1777,2025-12-03 23:22:04,GB,desktop,7.34,0
4470,1497,2025-11-29 03:26:38,CA,mobile,4.06,0
4471,805,2025-11-28 12:47:54,CA,mobile,12.9,0
4472,1752,2025-12-04 10:14:00,CA,desktop,9.63,0
4473,976,2025-12-09 14:44:28,GB,mobile,25.81,0
4474,273,2025-11-21 21:43:39,DE,mobile,12.15,0
4475,1701,2025-11-26 20:00:15,DE,mobile,5.82,0
4476,641,2025-11-29 17:55:54,GB,desktop,8.79,0
4477,1877,2025-12-05 15:49:58,CA,desktop,9.52,0
4478,737,2025-11-25 10:18:57,CA,mobile,14.85,0
4479,1738,2025-11-22 04:54:11,US,mobile,16.33,0
4480,1074,2025-12-06 08:42:33,DE,mobile,6.7,0
4481,935,2025-12-09 13:32:10,IN,desktop,3.56,0
4482,594,2025-11-28 00:56:34,DE,mobile,2.43,0
4483,1671,2025-11-14 01:45:05,IN,tablet,3.73,0
4484,122,2025-11-19 15:57:17,GB,desktop,5.18,0
4485,938,2025-11-24 20:33:25,US,mobile,18.22,0
4486,738,2025-12-02 01:48:56,IN,desktop,18.39,0
4487,1087,2025-12-01 01:27:11,CA,desktop,13.15,0
4488,509,2025-12-05 13:40:45,CA,desktop,15.46,0
4489,1329,2025-11-11 20:49:36,GB,mobile,4.83,0
4490,772,2025-11-24 22:21:00,CA,tablet,2.98,0
4491,377,2025-12-01 23:59:45,GB,mobile,4.04,0
4492,394,2025-12-10 14:00:53,IN,desktop,2.18,0
4493,1393,2025-11-15 05:43:39,GB,mobile,3.79,0
4494,524,2025-12-07 08:10:57,IN,mobile,5.45,0
4495,615,2025-11-11 04:49:36,IN,tablet,8.17,0
4496,1254,2025-11-16 21:02:24,DE,mobile,8.01,1
4497,660,2025-12-06 09:04:13,IN,mobile,4.89,0
4498,776,2025-12-04 13:41:49,IN,desktop,10.4,0
4499,489,2025-12-10 03:36:47,DE,mobile,4.94,1
4500,691,2025-11-28 23:55:03,IN,desktop,7.43,0
4501,1385,2025-11-29 10:43:42,IN,tablet,3.8,0
4502,1068,2025-11-27 00:17:48,US,mobile,14.2,0
4503,1995,2025-11-26 07:39:51,CA,mobile,7.48,0
4504,1543,2025-11-26 09:16:06,US,tablet,11.1,0
4505,34,2025-11-19 17:50:47,CA,tablet,3.56,0
4506,758,2025-12-06 13:41:19,DE,mobile,8.2,0
4507,580,2025-11-21 16:00:06,CA,desktop,10.42,0
4508,1175,2025-11-29 07:03:40,US,desktop,2.17,0
4509,532,2025-12-01 01:05:36,GB,mobile,14.89,0
4510,1932,2025-11-27 02:22:51,US,desktop,3.49,0
4511,599,2025-11-29 07:27:46,IN,mobile,8.39,0
4512,1044,2025-11-12 10:24:42,CA,mobile,21.6,0
4513,246,2025-11-20 10:43:04,DE,mobile,13.1,0
4514,1819,2025-11-24 10:00:39,DE,desktop,3.02,0
4515,1823,2025-11-22 19:03:51,CA,mobile,6.64,0
4516,1587,2025-12-08 05:01:21,US,mobile,15.49,0
4517,703,2025-12-07 21:10:30,DE,mobile,4.53,0
4518,118,2025-12-02 07:40:59,GB,mobile,5.95,0
4519,1422,2025-11-21 12:52:30,DE,tablet,5.85,0
4520,858,2025-11-12 11:55:10,DE,mobile,10.4,0
4521,1980,2025-12-03 14:55:39,DE,mobile,2.94,0
4522,1396,2025-12-07 11:42:25,IN,tablet,10.76,0
4523,1077,2025-11-25 15:46:23,DE,mobile,5.09,0
4524,1973,2025-12-05 18:25:59,IN,mobile,7.34,0
4525,1601,2025-12-08 21:18:48,DE,desktop,6.46,0
4526,917,2025-11-27 08:50:43,IN,desktop,10.59,0
4527,38,2025-11-17 06:07:12,GB,mobile,7.3,0
4528,186,2025-11-11 15:21:52,GB,desktop,17.54,0
4529,887,2025-12-03 16:14:01,GB,desktop,13.38,0
4530,1124,2025-11-27 20:10:55,DE,desktop,4.59,0
4531,61,2025-11-15 13:54:17,CA,mobile,16.76,0
4532,254,2025-11-12 14:32:12,US,desktop,8.95,0
4533,1408,2025-12-10 01:15:37,US,mobile,8.18,0
4534,1503,2025-11-20 13:54:20,IN,desktop,12.29,0
4535,60,2025-11-20 18:44:07,DE,tablet,3.96,0
4536,1015,2025-11-29 20:02:51,US,desktop,3.23,0
4537,162,2025-11-21 21:37:57,GB,desktop,7.5,0
4538,1447,2025-12-08 08:31:48,US,mobile,5.14,0
4539,1668,2025-12-01 09:30:35,US,mobile,25.64,0
4540,1738,2025-11-21 16:50:44,US,mobile,4.67,0
4541,1196,2025-11-18 23:12:40,DE,mobile,7.57,0
4542,1258,2025-12-06 18:26:59,CA,desktop,8.29,0
4543,1853,2025-11-28 17:16:51,IN,desktop,15.47,0
4544,1225,2025-12-08 12:27:09,US,mobile,4.07,0
4545,893,2025-11-21 07:42:14,CA,mobile,2.81,0
4546,1509,2025-11-11 14:23:03,GB,desktop,17.06,0
4547,1182,2025-12-07 22:35:49,US,mobile,7.75,0
4548,1685,2025-11-18 03:37:14,US,mobile,12.01,0
4549,1049,2025-12-06 07:58:25,GB,mobile,12.35,1
4550,1738,2025-12-02 06:20:01,DE,mobile,13.71,0
4551,90,2025-11-17 22:06:51,GB,desktop,5.89,0
4552,73,2025-12-03 16:09:35,IN,mobile,5.01,0
4553,198,2025-11-13 09:58:07,GB,mobile,2.23,0
4554,1112,2025-11-22 17:46:22,CA,mobile,4.07,0
4555,1418,2025-11-21 15:57:11,DE,mobile,7.67,1
4556,433,2025-11-30 16:05:45,DE,mobile,4.85,0
4557,312,2025-11-27 00:05:11,IN,mobile,3.73,1
4558,1720,2025-11-29 07:59:13,IN,desktop,7.62,0
4559,1501,2025-11-25 06:06:10,CA,desktop,16.54,0
4560,1297,2025-12-03 03:52:14,DE,mobile,7.14,1
4561,977,2025-11-15 18:29:18,CA,mobile,3.74,0
4562,841,2025-12-02 12:40:00,US,desktop,15.85,0
4563,42,2025-11-12 11:15:02,CA,mobile,4.64,0
4564,377,2025-11-13 13:03:35,CA,mobile,17.95,0
4565,1794,2025-12-02 16:15:24,DE,mobile,6.31,0
4566,678,2025-11-15 17:10:22,CA,mobile,7.86,0
4567,1409,2025-12-04 01:43:57,IN,tablet,18.85,0
4568,1407,2025-11-14 22:47:46,GB,mobile,3.28,0
4569,619,2025-11-15 08:51:33,DE,tablet,3.94,0
4570,409,2025-12-08 22:37:06,DE,desktop,6.07,0
4571,1383,2025-11-16 06:54:04,US,tablet,6.79,0
4572,188,2025-12-08 08:59:00,GB,desktop,36.06,0
4573,990,2025-11-21 09:52:49,GB,desktop,4.34,0
4574,1776,2025-12-04 21:22:10,IN,mobile,3.38,0
4575,1422,2025-12-09 03:37:38,US,desktop,4.21,0
4576,1528,2025-11-14 11:16:12,DE,mobile,8.49,0
4577,167,2025-11-20 21:10:14,US,desktop,9.93,0
4578,400,2025-11-28 04:42:29,CA,desktop,4.83,0
4579,550,2025-12-06 22:24:16,DE,mobile,7.48,1
4580,585,2025-11-16 14:02:19,GB,mobile,23.74,0
4581,388,2025-11-16 13:42:07,GB,mobile,7.55,0
4582,1944,2025-11-22 00:28:09,DE,mobile,8.96,1
4583,330,2025-11-17 02:31:43,US,mobile,22.95,0
4584,1416,2025-11-18 23:32:18,DE,mobile,4.86,0
4585,1173,2025-11-14 20:43:23,IN,mobile,4.67,0
4586,1221,2025-12-05 20:03:47,GB,mobile,5.57,0
4587,430,2025-12-04 20:51:47,CA,mobile,5.38,0
4588,615,2025-11-15 07:14:16,DE,mobile,2.48,0
4589,1213,2025-11-27 01:41:22,US,mobile,8.03,0
4590,598,2025-11-30 08:28:54,DE,mobile,8.42,0
4591,1388,2025-11-29 19:04:14,IN,mobile,6.61,0
4592,80,2025-12-10 11:38:12,DE,tablet,8.57,0
4593,146,2025-11-30 04:56:37,IN,mobile,8.63,0
4594,1457,2025-12-01 13:54:43,CA,mobile,3.35,0
4595,1233,2025-11-11 22:53:50,CA,mobile,8.79,0
4596,87,2025-11-13 08:16:51,US,desktop,10.33,0
4597,1798,2025-11-29 12:51:50,IN,mobile,2.83,0
4598,10,2025-12-08 04:53:03,GB,mobile,17.78,0
4599,1911,2025-11-22 22:32:20,IN,mobile,3.52,0
4600,1459,2025-11-30 06:15:00,US,mobile,3.73,0
4601,1976,2025-11-17 06:29:05,IN,mobile,8.34,1
4602,1897,2025-11-24 15:46:36,US,tablet,10.18,0
4603,626,2025-12-03 12:09:31,DE,tablet,11.78,0
4604,1513,2025-11-30 18:12:40,IN,mobile,10.35,0
4605,422,2025-11-14 09:27:03,CA,mobile,5.41,0
4606,943,2025-12-07 08:08:40,CA,mobile,7.89,1
4607,480,2025-12-08 18:46:10,DE,tablet,6.11,0
4608,972,2025-11-25 06:45:51,IN,tablet,8.2,0
4609,1744,2025-11-21 04:34:24,DE,mobile,7.7,0
4610,872,2025-11-26 21:47:03,DE,mobile,5.46,0
4611,185,2025-12-05 00:13:00,US,mobile,6.0,0
4612,649,2025-11-24 12:59:41,GB,desktop,2.43,0
4613,1573,2025-11-11 20:55:49,CA,mobile,12.16,0
4614,1043,2025-11-13 03:29:54,GB,mobile,8.83,0
4615,1120,2025-12-05 07:33:56,US,mobile,1.85,0
4616,862,2025-12-04 13:55:23,CA,mobile,11.89,0
4617,586,2025-12-04 03:05:51,CA,desktop,7.16,0
4618,1196,2025-11-14 18:14:57,DE,mobile,4.21,0
4619,1266,2025-11-16 02:07:11,DE,mobile,3.99,1
4620,1796,2025-11-22 19:19:23,GB,desktop,4.89,0
4621,1235,2025-11-17 21:26:52,GB,desktop,4.23,0
4622,1990,2025-11-22 13:44:42,CA,desktop,4.58,0
4623,1653,2025-11-27 17:20:06,CA,desktop,20.5,0
4624,158,2025-11-19 08:51:43,IN,mobile,9.23,1
4625,784,2025-11-14 16:08:22,GB,mobile,25.07,0
4626,769,2025-11-23 01:02:16,US,mobile,8.46,1
4627,7,2025-12-02 15:29:38,US,desktop,10.46,0
4628,362,2025-11-29 12:11:57,IN,tablet,4.36,0
4629,1524,2025-11-20 14:41:12,IN,mobile,6.68,0
4630,704,2025-11-20 07:25:53,DE,desktop,7.04,0
4631,296,2025-11-28 11:29:14,CA,desktop,10.72,0
4632,575,2025-11-16 03:26:28,GB,tablet,7.17,0
4633,550,2025-12-05 23:27:30,US,mobile,9.12,0
4634,349,2025-12-07 01:10:38,CA,mobile,8.93,0
4635,203,2025-11-11 17:31:56,DE,desktop,6.16,0
4636,1528,2025-12-10 02:13:56,IN,desktop,5.79,0
4637,1649,2025-11-11 16:05:45,US,desktop,4.95,0
4638,993,2025-11-24 17:24:47,IN,desktop,14.15,0
4639,1231,2025-11-30 23:42:21,DE,mobile,6.16,0
4640,1838,2025-11-20 18:41:13,CA,desktop,9.0,0
4641,1685,2025-11-17 01:50:30,IN,mobile,6.73,0
4642,66,2025-11-12 09:25:11,IN,mobile,13.98,0
4643,1905,2025-12-02 18:57:23,GB,mobile,2.24,0
4644,134,2025-11-12 01:45:57,IN,mobile,8.86,0
4645,54,2025-11-25 11:52:07,US,mobile,3.48,0
4646,807,2025-11-22 18:06:28,US,desktop,9.34,0
4647,1491,2025-12-09 23:57:49,DE,desktop,6.77,0
4648,161,2025-12-08 21:00:25,GB,mobile,3.04,0
4649,586,2025-12-05 11:50:39,CA,mobile,9.05,1
4650,526,2025-12-02 21:20:34,GB,mobile,8.45,0
4651,795,2025-11-27 06:07:25,CA,mobile,6.43,0
4652,1972,2025-11-21 10:42:24,US,mobile,6.94,0
4653,663,2025-11-15 23:13:48,US,mobile,8.14,0
4654,418,2025-12-10 00:13:34,IN,tablet,14.98,0
4655,245,2025-11-22 12:21:26,CA,mobile,6.12,0
4656,397,2025-11-23 19:56:18,US,desktop,13.57,0
4657,267,2025-11-15 04:53:59,IN,desktop,7.22,1
4658,1147,2025-11-19 06:31:24,GB,mobile,16.08,0
4659,841,2025-11-30 00:08:38,DE,mobile,6.42,0
4660,996,2025-11-23 18:12:25,IN,mobile,4.95,0
4661,1664,2025-11-28 13:03:24,DE,mobile,3.82,0
4662,1161,2025-11-17 07:32:38,GB,desktop,7.24,0
4663,311,2025-11-13 10:19:42,GB,mobile,4.59,0
4664,754,2025-12-07 12:53:33,DE,mobile,17.16,0
4665,625,2025-11-23 22:17:55,GB,mobile,4.38,0
4666,1653,2025-11-21 19:16:39,DE,mobile,4.88,0
4667,614,2025-11-19 13:13:17,US,tablet,10.47,0
4668,278,2025-11-30 16:58:13,GB,mobile,15.05,0
4669,1472,2025-11-27 20:38:53,US,desktop,11.46,0
4670,857,2025-11-22 15:20:48,US,mobile,13.95,0
4671,192,2025-12-08 21:29:58,GB,mobile,7.04,0
4672,1379,2025-12-08 00:28:45,IN,mobile,7.1,0
4673,421,2025-11-16 22:10:20,US,tablet,24.71,0
4674,1736,2025-11-30 05:44:48,US,mobile,20.37,1
4675,1665,2025-12-10 00:27:10,CA,desktop,11.34,0
4676,739,2025-11-25 14:46:26,IN,mobile,14.35,0
4677,1111,2025-11-11 20:57:57,DE,desktop,12.37,0
4678,1135,2025-11-14 22:22:32,DE,mobile,3.58,0
4679,1307,2025-11-30 23:57:33,US,desktop,7.22,0
4680,139,2025-12-08 00:36:45,DE,mobile,18.14,0
4681,650,2025-11-14 19:40:40,CA,mobile,11.38,0
4682,341,2025-11-27 08:56:27,IN,desktop,7.11,0
4683,1395,2025-11-25 20:58:20,CA,mobile,18.27,0
4684,139,2025-11-19 12:28:15,CA,mobile,9.22,0
4685,1034,2025-11-29 22:02:17,IN,mobile,11.63,0
4686,1456,2025-12-07 07:20:24,US,mobile,9.25,0
4687,1896,2025-11-18 03:29:18,DE,mobile,10.22,0
4688,576,2025-11-12 14:25:47,CA,mobile,10.67,0
4689,16,2025-11-21 17:43:02,IN,mobile,16.12,0
4690,1447,2025-11-20 09:22:05,CA,mobile,17.43,0
4691,4,2025-12-02 18:48:37,IN,desktop,5.64,0
4692,133,2025-11-27 01:44:57,IN,tablet,9.15,0
4693,1980,2025-11-11 12:07:09,CA,desktop,15.84,0
4694,1725,2025-11-21 03:53:56,US,mobile,6.83,0
4695,1415,2025-12-03 00:30:34,IN,desktop,3.37,0
4696,1671,2025-11-25 06:28:53,US,mobile,4.28,1
4697,151,2025-11-27 20:29:31,DE,desktop,4.46,0
4698,178,2025-11-18 21:32:25,CA,mobile,5.61,0
4699,602,2025-11-20 13:11:30,CA,mobile,4.72,0
4700,48,2025-11-14 20:53:33,GB,desktop,13.7,0
4701,1776,2025-11-13 10:00:20,DE,mobile,6.26,0
4702,113,2025-11-12 01:46:03,CA,desktop,15.75,0
4703,1088,2025-11-29 16:47:39,CA,desktop,3.75,0
4704,1707,2025-11-15 16:44:17,IN,mobile,5.98,0
4705,1470,2025-11-28 04:20:55,US,mobile,7.87,0
4706,470,2025-12-09 13:21:15,IN,desktop,12.02,0
4707,941,2025-12-01 21:13:50,DE,desktop,14.68,0
4708,1096,2025-11-28 05:31:22,DE,desktop,5.35,0
4709,1536,2025-11-14 11:22:32,GB,mobile,13.41,0
4710,853,2025-11-25 15:17:02,GB,desktop,2.69,0
4711,570,2025-12-07 16:52:51,DE,mobile,12.46,0
4712,1591,2025-11-22 11:56:45,IN,mobile,3.3,0
4713,1773,2025-12-05 18:05:12,IN,desktop,9.66,0
4714,978,2025-12-02 05:17:43,CA,mobile,14.55,0
4715,57,2025-11-18 23:18:28,US,mobile,12.58,0
4716,1001,2025-11-15 04:56:22,GB,mobile,2.76,0
4717,1778,2025-11-11 11:28:17,CA,desktop,5.65,0
4718,1978,2025-11-19 06:02:46,CA,tablet,11.36,0
4719,802,2025-11-20 22:55:06,GB,tablet,11.17,0
4720,301,2025-11-30 15:28:56,CA,mobile,8.72,0
4721,1144,2025-11-28 03:29:11,GB,mobile,1.97,0
4722,1661,2025-11-25 08:09:32,US,desktop,15.16,0
4723,1890,2025-12-02 15:42:54,GB,mobile,16.87,0
4724,104,2025-12-04 01:41:57,IN,mobile,8.15,0
4725,581,2025-12-02 08:56:41,US,mobile,8.48,0
4726,955,2025-12-07 21:09:06,US,mobile,9.99,0
4727,197,2025-11-21 18:14:43,DE,desktop,17.75,0
4728,1772,2025-12-05 16:03:39,DE,mobile,8.59,0
4729,225,2025-11-23 14:10:40,DE,mobile,6.59,0
4730,1330,2025-11-16 11:51:44,CA,desktop,9.29,0
4731,1837,2025-11-15 08:12:06,GB,desktop,7.34,0
4732,1370,2025-11-13 17:05:28,CA,mobile,7.39,0
4733,1526,2025-12-09 15:15:10,GB,mobile,2.56,0
4734,527,2025-11-16 01:13:48,CA,tablet,10.11,0
4735,1655,2025-12-06 00:36:52,DE,desktop,14.92,0
4736,837,2025-12-04 11:22:29,GB,mobile,13.63,0
4737,123,2025-11-24 03:29:11,GB,desktop,13.07,0
4738,733,2025-12-08 09:11:28,IN,tablet,7.16,0
4739,700,2025-12-08 05:12:27,IN,mobile,8.06,0
4740,1043,2025-12-08 17:33:21,GB,mobile,15.1,0
4741,530,2025-11-25 20:59:33,GB,mobile,12.43,0
4742,924,2025-11-19 21:56:53,CA,desktop,18.03,1
4743,856,2025-11-12 06:46:25,DE,mobile,4.94,0
4744,654,2025-12-06 04:16:42,US,mobile,4.92,0
4745,1392,2025-12-07 03:46:10,DE,mobile,6.05,0
4746,611,2025-11-27 01:19:20,US,desktop,4.2,0
4747,1531,2025-11-13 02:18:39,IN,desktop,3.34,0
4748,502,2025-12-05 15:38:34,US,mobile,9.79,0
4749,1729,2025-11-19 22:00:30,DE,mobile,9.4,0
4750,730,2025-11-27 10:03:19,US,desktop,8.57,0
4751,82,2025-11-30 18:02:20,GB,mobile,9.14,0
4752,300,2025-11-15 08:16:33,US,desktop,3.07,0
4753,1612,2025-11-12 20:25:00,US,mobile,5.54,0
4754,1744,2025-11-13 08:16:15,US,tablet,6.2,0
4755,424,2025-12-09 17:45:16,IN,mobile,7.61,0
4756,1204,2025-12-09 16:25:50,CA,desktop,3.08,0
4757,1149,2025-11-23 18:32:51,GB,mobile,4.23,0
4758,268,2025-11-23 17:48:38,DE,mobile,5.69,0
4759,904,2025-11-23 04:08:08,IN,desktop,13.94,0
4760,1388,2025-11-21 11:36:27,GB,mobile,8.65,1
4761,1934,2025-11-27 06:46:31,US,desktop,13.64,0
4762,1695,2025-11-21 15:46:15,DE,mobile,6.87,0
4763,196,2025-11-29 10:52:04,US,mobile,7.39,0
4764,475,2025-11-22 08:03:55,IN,desktop,9.97,0
4765,873,2025-11-29 20:46:39,US,mobile,6.64,0
4766,302,2025-12-09 07:37:49,DE,desktop,5.08,0
4767,1141,2025-11-17 03:25:08,CA,mobile,3.02,0
4768,18,2025-11-12 20:22:48,GB,mobile,5.16,0
4769,227,2025-11-26 18:24:29,GB,desktop,12.2,1
4770,95,2025-11-14 12:57:24,IN,mobile,15.74,0
4771,591,2025-11-17 21:49:35,IN,mobile,4.65,1
4772,1524,2025-12-04 15:46:54,GB,mobile,2.61,0
4773,355,2025-11-23 12:06:51,GB,mobile,12.88,0
4774,1974,2025-11-27 10:48:27,US,desktop,7.7,0
4775,539,2025-12-04 06:03:55,GB,mobile,3.29,0
4776,90,2025-11-14 19:46:45,IN,mobile,1.14,0
4777,671,2025-11-25 07:51:16,DE,mobile,4.15,0
4778,1496,2025-11-12 00:02:38,DE,mobile,5.6,0
4779,214,2025-11-25 22:37:29,IN,mobile,3.7,1
4780,144,2025-11-17 16:40:53,DE,mobile,11.19,0
4781,1698,2025-12-08 07:19:54,IN,desktop,4.54,0
4782,1184,2025-11-18 19:00:59,GB,desktop,7.44,0
4783,687,2025-11-16 23:21:14,GB,mobile,30.69,0
4784,1512,2025-11-11 09:27:58,IN,mobile,7.93,0
4785,1688,2025-11-14 23:11:40,GB,mobile,6.89,0
4786,719,2025-11-17 10:49:04,DE,mobile,6.99,0
4787,1122,2025-11-17 19:25:24,US,mobile,11.04,0
4788,22,2025-12-03 02:49:20,US,tablet,10.25,0
4789,612,2025-12-07 14:15:55,IN,desktop,4.05,0
4790,1190,2025-12-06 15:08:42,US,mobile,5.77,0
4791,395,2025-12-09 15:48:47,US,mobile,4.95,0
4792,1982,2025-12-07 21:57:45,GB,desktop,6.24,0
4793,1942,2025-11-24 15:11:23,US,tablet,22.11,0
4794,515,2025-11-22 15:58:15,GB,mobile,10.7,0
4795,793,2025-11-30 10:43:13,IN,desktop,7.04,0
4796,379,2025-11-20 13:12:38,GB,mobile,15.59,0
4797,1008,2025-11-29 01:53:41,CA,desktop,8.27,0
4798,248,2025-12-10 23:07:57,US,mobile,2.77,0
4799,782,2025-11-16 21:52:37,DE,desktop,20.05,0
4800,1110,2025-12-04 01:09:28,IN,mobile,6.73,0
4801,1224,2025-12-09 00:47:13,DE,mobile,1.91,0
4802,1193,2025-11-27 02:07:34,DE,desktop,2.83,0
4803,443,2025-11-21 15:34:12,US,desktop,14.54,0
4804,1584,2025-11-18 14:40:05,DE,desktop,2.86,0
4805,1383,2025-11-16 00:11:17,GB,mobile,16.6,0
4806,1506,2025-11-20 14:34:21,DE,desktop,7.76,0
4807,936,2025-12-03 08:45:06,GB,mobile,11.34,1
4808,1785,2025-11-26 10:17:42,GB,desktop,6.33,0
4809,780,2025-11-17 14:41:16,DE,mobile,10.11,0
4810,1611,2025-11-27 05:31:56,CA,mobile,8.93,0
4811,407,2025-12-05 05:45:32,CA,mobile,7.22,0
4812,495,2025-11-11 09:04:53,DE,tablet,3.9,0
4813,1053,2025-11-11 14:03:38,IN,desktop,9.16,0
4814,1112,2025-12-09 18:00:03,IN,mobile,2.48,0
4815,1492,2025-12-03 09:58:27,CA,desktop,12.92,0
4816,595,2025-11-28 05:40:09,GB,mobile,8.32,0
4817,1745,2025-12-08 03:33:17,CA,mobile,9.76,0
4818,660,2025-11-28 15:25:36,DE,mobile,1.54,0
4819,1068,2025-11-26 14:08:00,DE,desktop,3.76,0
4820,1863,2025-11-17 07:29:31,IN,tablet,5.46,0
4821,1079,2025-12-05 06:54:40,CA,tablet,11.07,0
4822,1364,2025-12-03 22:01:24,DE,mobile,4.2,0
4823,1817,2025-11-19 20:03:52,US,mobile,34.08,0
4824,1949,2025-12-03 02:03:47,DE,desktop,6.31,0
4825,999,2025-12-02 18:44:39,DE,mobile,4.02,0
4826,834,2025-11-13 19:44:47,CA,mobile,6.61,0
4827,394,2025-11-15 18:43:33,CA,tablet,4.18,1
4828,1075,2025-11-28 19:37:43,CA,mobile,3.63,0
4829,1836,2025-11-29 16:12:55,US,mobile,13.55,0
4830,974,2025-11-30 17:07:56,DE,desktop,10.05,0
4831,697,2025-11-22 03:57:09,CA,desktop,10.07,0
4832,215,2025-12-06 00:50:30,CA,tablet,15.9,0
4833,780,2025-11-24 08:06:08,IN,desktop,9.89,0
4834,474,2025-11-17 03:37:06,CA,mobile,3.89,0
4835,1953,2025-11-14 10:07:05,CA,desktop,11.3,0
4836,1055,2025-12-07 07:07:47,US,desktop,3.76,0
4837,274,2025-12-02 04:23:02,CA,tablet,5.55,0
4838,135,2025-11-24 19:29:56,DE,mobile,7.19,0
4839,1701,2025-11-17 05:55:41,IN,mobile,6.76,1
4840,1862,2025-11-13 20:43:47,US,mobile,2.52,0
4841,1526,2025-11-15 13:14:14,CA,mobile,4.13,0
4842,248,2025-11-14 03:16:48,GB,tablet,7.29,0
4843,197,2025-11-26 20:24:30,IN,tablet,5.12,0
4844,396,2025-11-16 21:39:07,GB,mobile,14.52,1
4845,1502,2025-11-14 19:15:25,CA,tablet,16.09,0
4846,1530,2025-11-19 10:48:47,IN,mobile,3.77,0
4847,1675,2025-12-01 22:48:30,US,desktop,7.66,1
4848,194,2025-11-25 20:38:41,US,desktop,19.1,0
4849,307,2025-11-15 13:54:24,CA,desktop,6.82,0
4850,1800,2025-12-03 10:20:01,GB,desktop,5.79,0
4851,1857,2025-11-25 15:43:03,DE,desktop,12.38,0
4852,1451,2025-11-16 13:40:31,US,desktop,6.27,0
4853,212,2025-12-01 16:54:46,CA,mobile,15.84,0
4854,138,2025-12-10 17:56:31,DE,desktop,5.17,0
4855,112,2025-11-27 04:12:10,GB,mobile,5.56,0
4856,1384,2025-11-15 19:31:42,CA,mobile,11.87,0
4857,1692,2025-11-20 06:07:16,GB,desktop,7.85,0
4858,1263,2025-11-28 22:47:05,CA,desktop,7.89,0
4859,524,2025-12-10 22:47:37,IN,tablet,2.35,0
4860,1514,2025-12-08 20:04:11,IN,mobile,5.98,0
4861,119,2025-12-08 23:08:50,US,mobile,12.41,0
4862,1656,2025-12-05 22:38:17,GB,mobile,4.62,0
4863,1783,2025-11-28 05:06:13,US,desktop,11.25,1
4864,1436,2025-11-30 09:42:46,CA,tablet,8.68,0
4865,1758,2025-12-02 23:40:16,US,desktop,6.55,0
4866,1172,2025-12-02 10:23:15,US,mobile,16.69,0
4867,937,2025-11-30 03:06:50,US,desktop,6.03,0
4868,645,2025-11-14 23:51:38,CA,mobile,6.28,0
4869,1843,2025-12-07 08:39:26,CA,tablet,6.51,0
4870,1394,2025-11-11 06:11:24,DE,mobile,7.75,0
4871,381,2025-11-23 17:55:20,US,mobile,11.71,0
4872,1913,2025-11-23 23:49:11,IN,mobile,3.05,0
4873,119,2025-12-10 20:23:06,CA,desktop,12.44,1
4874,1175,2025-11-13 15:41:11,US,mobile,7.7,0
4875,381,2025-11-25 05:48:21,DE,mobile,10.3,0
4876,1329,2025-11-21 16:48:52,US,desktop,31.03,0
4877,825,2025-11-13 21:34:41,CA,tablet,5.44,0
4878,874,2025-11-17 16:19:39,IN,desktop,3.54,0
4879,1343,2025-11-23 15:07:52,CA,mobile,8.3,0
4880,1512,2025-12-08 11:00:08,IN,desktop,9.13,1
4881,760,2025-11-22 14:44:52,DE,mobile,12.47,0
4882,1995,2025-12-07 08:52:23,CA,mobile,5.35,0
4883,997,2025-12-02 23:32:31,GB,mobile,4.49,0
4884,321,2025-12-05 12:52:17,DE,mobile,2.95,0
4885,13,2025-12-06 13:55:35,IN,mobile,3.25,0
4886,405,2025-12-02 09:16:21,IN,mobile,5.76,0
4887,1382,2025-12-02 23:18:00,DE,mobile,6.89,0
4888,1079,2025-11-15 14:09:52,GB,desktop,25.51,0
4889,676,2025-12-02 11:30:30,US,mobile,2.68,0
4890,963,2025-11-12 10:03:26,IN,mobile,9.04,0
4891,1676,2025-12-03 02:09:41,CA,mobile,4.78,0
4892,1143,2025-11-30 14:01:55,US,desktop,8.45,0
4893,117,2025-12-03 16:13:29,GB,desktop,5.3,0
4894,99,2025-11-30 05:39:31,DE,mobile,13.75,0
4895,964,2025-11-22 00:41:15,IN,desktop,13.7,0
4896,809,2025-11-22 01:13:05,DE,desktop,6.9,0
4897,1701,2025-11-28 20:27:40,IN,desktop,17.52,0
4898,1166,2025-11-25 03:34:01,CA,mobile,11.66,0
4899,1513,2025-11-21 04:26:40,CA,mobile,17.04,0
4900,1170,2025-11-25 15:25:13,IN,mobile,7.2,0
4901,691,2025-11-27 01:34:43,IN,mobile,13.08,0
4902,1315,2025-11-18 03:58:51,GB,mobile,4.66,0
4903,1243,2025-11-30 02:44:26,IN,tablet,4.39,0
4904,1440,2025-11-20 09:25:57,CA,mobile,27.33,0
4905,379,2025-11-19 00:00:29,IN,mobile,3.85,0
4906,1283,2025-11-23 12:28:23,DE,tablet,5.69,1
4907,571,2025-11-14 01:35:50,IN,desktop,2.37,0
4908,1580,2025-11-29 01:31:18,DE,mobile,4.45,1
4909,1597,2025-12-02 23:16:17,DE,tablet,4.07,0
4910,1249,2025-12-09 15:25:21,IN,mobile,4.94,0
4911,1893,2025-11-19 11:25:48,CA,mobile,8.85,0
4912,1075,2025-11-27 02:56:30,CA,mobile,10.22,0
4913,51,2025-11-26 01:47:28,US,mobile,4.04,0
4914,1212,2025-12-02 21:40:14,GB,desktop,4.6,0
4915,1555,2025-11-29 17:07:25,CA,mobile,14.16,0
4916,203,2025-12-05 04:16:24,IN,desktop,20.56,0
4917,210,2025-12-06 11:41:33,GB,mobile,15.7,0
4918,547,2025-11-14 08:57:31,DE,tablet,2.75,0
4919,1688,2025-11-21 14:52:04,DE,mobile,15.08,0
4920,1055,2025-11-30 13:28:57,US,tablet,22.47,0
4921,1952,2025-11-27 06:44:19,US,mobile,2.67,0
4922,1746,2025-11-25 10:21:08,CA,desktop,14.15,0
4923,1110,2025-11-16 03:54:33,DE,desktop,8.46,0
4924,1358,2025-11-28 03:22:59,GB,mobile,6.07,0
4925,662,2025-12-03 04:27:00,CA,mobile,7.88,1
4926,181,2025-11-12 02:53:34,US,desktop,9.64,0
4927,798,2025-11-28 17:09:51,CA,desktop,14.8,0
4928,1184,2025-12-08 03:42:29,US,mobile,14.35,0
4929,365,2025-11-28 04:19:07,DE,desktop,2.99,0
4930,444,2025-12-09 13:14:14,CA,tablet,5.01,0
4931,30,2025-11-21 13:05:13,DE,tablet,7.82,0
4932,1468,2025-11-11 01:44:23,DE,mobile,18.98,0
4933,1798,2025-12-01 10:19:06,GB,mobile,1.44,0
4934,1655,2025-11-17 08:26:33,GB,mobile,5.12,0
4935,760,2025-11-11 06:12:17,GB,desktop,2.95,0
4936,1187,2025-11-16 08:58:21,US,tablet,3.25,0
4937,1921,2025-12-08 23:44:01,GB,mobile,13.35,0
4938,1183,2025-12-04 09:46:19,GB,mobile,5.37,0
4939,592,2025-11-19 05:14:37,DE,mobile,1.82,0
4940,677,2025-11-28 21:51:01,GB,mobile,6.72,0
4941,1454,2025-11-21 03:33:23,US,tablet,25.07,0
4942,893,2025-11-16 06:54:46,DE,desktop,2.5,1
4943,1674,2025-12-10 14:52:06,IN,mobile,10.17,0
4944,1728,2025-12-05 09:17:30,GB,mobile,18.93,0
4945,72,2025-11-21 20:56:23,DE,mobile,7.17,0
4946,1446,2025-11-21 13:44:04,GB,desktop,23.5,0
4947,740,2025-12-05 10:27:33,DE,desktop,4.97,0
4948,1039,2025-11-24 19:02:59,US,mobile,17.59,1
4949,530,2025-11-22 06:38:17,IN,mobile,15.27,0
4950,737,2025-11-22 14:05:36,IN,tablet,7.25,0
4951,661,2025-11-24 08:56:07,GB,desktop,3.03,0
4952,101,2025-11-26 14:37:35,DE,mobile,4.05,0
4953,1565,2025-11-12 04:05:12,GB,mobile,1.81,0
4954,286,2025-11-25 08:56:07,DE,tablet,10.55,1
4955,752,2025-11-24 04:00:36,GB,desktop,9.82,0
4956,386,2025-11-19 04:55:59,IN,tablet,7.75,0
4957,322,2025-11-21 15:06:59,DE,mobile,6.86,0
4958,747,2025-11-23 16:54:47,CA,mobile,16.69,0
4959,1837,2025-11-21 22:48:12,GB,mobile,8.83,0
4960,1888,2025-12-08 05:14:07,IN,desktop,5.3,0
4961,764,2025-11-26 19:45:57,IN,desktop,8.07,1
4962,1010,2025-11-26 01:18:59,CA,mobile,25.24,0
4963,1971,2025-11-18 20:32:50,CA,tablet,10.73,0
4964,470,2025-12-08 11:01:51,DE,tablet,5.85,0
4965,1889,2025-11-11 15:55:36,CA,mobile,7.19,0
4966,212,2025-11-27 11:19:27,US,desktop,9.76,0
4967,452,2025-11-16 00:46:16,DE,desktop,5.74,0
4968,677,2025-12-04 00:46:52,CA,mobile,5.44,0
4969,75,2025-11-22 07:35:30,DE,desktop,7.34,0
4970,1631,2025-11-19 18:37:06,IN,mobile,18.38,0
4971,1710,2025-11-12 16:57:33,CA,tablet,11.88,0
4972,767,2025-12-04 16:19:49,DE,desktop,5.78,0
4973,1672,2025-11-22 20:41:59,CA,tablet,12.45,0
4974,1545,2025-11-18 21:32:39,US,desktop,7.43,0
4975,1603,2025-12-06 07:07:35,DE,mobile,9.09,1
4976,1605,2025-11-11 13:18:31,IN,mobile,8.6,0
4977,1147,2025-11-25 00:47:36,CA,desktop,2.08,0
4978,222,2025-11-15 18:57:27,CA,mobile,1.19,0
4979,1847,2025-11-14 18:39:12,CA,desktop,8.47,0
4980,1217,2025-11-11 14:49:22,GB,mobile,4.43,0
4981,1802,2025-11-16 13:54:21,IN,mobile,2.76,0
4982,1918,2025-12-09 09:07:04,US,mobile,4.51,0
4983,375,2025-11-24 08:00:28,CA,desktop,12.87,0
4984,804,2025-12-10 23:12:58,GB,mobile,9.16,0
4985,385,2025-11-18 23:41:19,DE,desktop,11.74,0
4986,102,2025-12-03 20:02:18,IN,mobile,9.7,0
4987,1932,2025-11-13 15:44:45,CA,desktop,4.26,0
4988,1846,2025-11-14 05:05:06,CA,desktop,11.77,1
4989,1863,2025-11-11 11:02:14,DE,mobile,10.5,0
4990,1767,2025-12-07 22:28:24,DE,mobile,6.89,0
4991,1297,2025-12-01 02:48:00,US,mobile,7.65,0
4992,1044,2025-12-03 06:45:05,CA,mobile,11.89,0
4993,1982,2025-12-08 18:54:52,US,desktop,4.71,0
4994,1104,2025-11-20 22:26:55,IN,mobile,14.19,0
4995,1285,2025-12-02 15:27:31,GB,desktop,10.37,0
4996,424,2025-11-26 00:52:22,GB,desktop,7.4,0
4997,1493,2025-11-27 05:56:52,CA,mobile,18.52,0
4998,1639,2025-11-30 19:41:58,GB,desktop,3.4,1
4999,1357,2025-11-25 01:35:32,IN,desktop,5.61,0
5000,997,2025-11-11 16:32:56,GB,mobile,4.91,0
5001,396,2025-11-13 05:16:35,CA,desktop,9.16,0
5002,68,2025-11-26 00:20:32,DE,tablet,15.02,0
5003,1254,2025-11-28 01:34:10,IN,mobile,4.1,0
5004,1366,2025-12-02 22:33:26,US,mobile,53.69,0
5005,1545,2025-11-28 03:12:27,US,mobile,4.96,0
5006,1901,2025-11-16 14:45:18,GB,mobile,9.17,1
5007,995,2025-11-21 23:20:37,IN,desktop,7.4,0
5008,1658,2025-11-24 06:45:43,CA,mobile,7.6,0
5009,1432,2025-12-10 11:40:20,US,desktop,4.59,0
5010,555,2025-11-26 22:39:16,IN,mobile,14.02,0
5011,1690,2025-11-30 00:25:01,GB,mobile,4.43,0
5012,107,2025-12-03 00:50:23,US,desktop,2.56,0
5013,1198,2025-11-21 20:02:41,DE,mobile,3.77,0
5014,1880,2025-12-09 21:38:22,DE,mobile,17.59,0
5015,1318,2025-12-01 05:10:05,CA,mobile,15.65,0
5016,1874,2025-12-06 09:59:28,IN,mobile,2.22,0
5017,113,2025-12-03 10:40:19,GB,mobile,12.04,0
5018,1065,2025-11-29 14:43:33,CA,mobile,2.25,0
5019,1561,2025-11-11 21:27:49,GB,desktop,7.27,0
5020,1284,2025-11-28 11:27:14,DE,desktop,3.58,0
5021,1761,2025-11-14 20:28:49,CA,desktop,12.61,0
5022,925,2025-11-29 01:31:37,US,desktop,10.31,0
5023,1365,2025-12-02 00:14:24,CA,mobile,13.3,0
5024,840,2025-11-27 07:45:41,GB,mobile,6.19,0
5025,1744,2025-11-20 05:18:37,IN,desktop,6.59,1
5026,239,2025-11-12 17:58:26,GB,mobile,3.01,0
5027,508,2025-12-01 02:23:25,US,mobile,3.98,0
5028,194,2025-12-01 22:00:22,DE,mobile,13.05,0
5029,1404,2025-11-25 07:20:41,IN,desktop,9.21,0
5030,466,2025-12-02 10:59:42,IN,mobile,7.87,1
5031,634,2025-12-04 08:11:44,IN,mobile,15.76,0
5032,1673,2025-11-26 08:13:07,DE,mobile,3.39,0
5033,721,2025-11-12 09:33:33,CA,desktop,11.38,0
5034,292,2025-12-07 01:54:42,IN,mobile,3.64,0
5035,42,2025-11-24 23:17:00,US,desktop,17.93,0
5036,454,2025-12-01 03:23:14,GB,mobile,10.24,0
5037,1829,2025-12-08 07:05:35,IN,mobile,13.18,0
5038,1097,2025-11-21 20:21:04,US,mobile,4.85,0
5039,1989,2025-11-29 15:04:06,GB,mobile,27.36,0
5040,431,2025-11-11 13:24:45,GB,mobile,24.51,0
5041,703,2025-12-07 12:28:05,CA,desktop,9.57,0
5042,327,2025-11-12 17:49:44,IN,mobile,14.96,0
5043,797,2025-11-27 04:50:29,CA,tablet,6.16,0
5044,1127,2025-11-21 12:31:39,IN,mobile,3.45,0
5045,1616,2025-11-12 00:59:59,IN,mobile,11.91,0
5046,736,2025-11-24 19:56:55,CA,desktop,4.26,1
5047,1543,2025-12-09 00:51:36,DE,desktop,16.22,0
5048,1252,2025-11-15 23:22:47,GB,mobile,13.86,0
5049,584,2025-11-19 17:40:06,GB,mobile,8.51,0
5050,1824,2025-11-16 15:32:56,DE,desktop,8.23,0
5051,869,2025-11-14 17:12:45,US,mobile,13.38,0
5052,302,2025-11-17 20:59:05,US,desktop,8.71,1
5053,1925,2025-11-28 02:57:11,US,desktop,5.8,1
5054,1826,2025-12-04 09:12:08,DE,mobile,2.98,0
5055,100,2025-12-01 16:15:15,IN,desktop,13.14,0
5056,1805,2025-12-04 02:33:36,US,mobile,9.21,0
5057,1894,2025-12-02 10:27:56,DE,desktop,38.61,0
5058,1658,2025-11-22 10:56:55,DE,tablet,6.98,0
5059,510,2025-12-07 23:24:32,DE,desktop,8.86,0
5060,1262,2025-11-16 03:20:06,US,tablet,8.98,0
5061,1076,2025-12-01 23:04:15,CA,desktop,10.92,0
5062,1240,2025-11-14 07:05:12,US,mobile,4.14,0
5063,1233,2025-12-03 22:27:22,IN,mobile,7.05,0
5064,1278,2025-11-13 13:57:57,IN,mobile,12.14,0
5065,1028,2025-11-17 10:53:02,GB,mobile,6.05,0
5066,1381,2025-11-22 16:57:13,GB,desktop,11.87,0
5067,1053,2025-12-01 19:15:01,US,mobile,7.83,0
5068,33,2025-11-12 08:01:23,IN,desktop,9.4,0
5069,71,2025-11-18 16:31:42,DE,mobile,14.74,0
5070,1916,2025-11-20 23:27:00,GB,mobile,6.45,0
5071,1818,2025-12-02 21:34:04,IN,mobile,3.09,0
5072,1171,2025-12-09 19:32:12,CA,tablet,6.3,0
5073,350,2025-11-29 09:25:59,GB,mobile,4.5,0
5074,1563,2025-11-26 04:38:09,GB,mobile,2.06,1
5075,287,2025-11-21 01:21:15,US,mobile,6.93,0
5076,755,2025-12-05 15:32:12,IN,tablet,8.33,0
5077,660,2025-11-14 04:26:56,GB,mobile,13.63,0
5078,25,2025-11-14 20:18:15,CA,desktop,3.73,0
5079,1614,2025-11-17 00:05:03,GB,mobile,7.79,0
5080,1019,2025-11-19 00:14:58,DE,mobile,14.54,0
5081,633,2025-11-24 19:34:54,US,desktop,5.23,0
5082,1014,2025-12-09 08:44:46,GB,desktop,10.19,0
5083,1,2025-11-30 11:30:59,US,desktop,19.27,0
5084,874,2025-11-22 11:23:24,IN,mobile,2.42,1
5085,1039,2025-11-17 07:31:37,US,tablet,8.7,0
5086,680,2025-11-30 10:05:06,US,mobile,14.85,1
5087,1660,2025-11-18 13:29:26,IN,tablet,5.99,0
5088,500,2025-12-10 06:02:38,IN,mobile,16.98,0
5089,276,2025-11-25 07:11:44,GB,mobile,10.81,0
5090,1055,2025-11-27 11:47:59,IN,mobile,21.36,0
5091,1774,2025-12-08 01:45:03,IN,desktop,10.48,0
5092,751,2025-11-20 03:04:54,DE,desktop,22.46,1
5093,94,2025-11-25 02:55:54,IN,mobile,8.85,0
5094,1939,2025-11-26 22:14:08,CA,mobile,3.25,0
5095,889,2025-11-19 02:24:22,GB,mobile,5.06,0
5096,346,2025-11-12 14:34:17,US,mobile,13.61,0
5097,1231,2025-11-19 11:31:48,IN,desktop,13.45,0
5098,640,2025-11-14 08:08:20,US,mobile,6.13,0
5099,1875,2025-12-01 05:43:20,DE,mobile,21.81,0
5100,588,2025-11-11 04:23:45,GB,mobile,5.98,0
5101,1100,2025-11-20 11:06:30,GB,mobile,9.75,0
5102,1087,2025-12-07 11:51:50,IN,tablet,9.59,0
5103,485,2025-11-28 00:38:12,US,mobile,3.33,0
5104,999,2025-12-01 02:33:16,GB,tablet,6.92,0
5105,219,2025-12-01 00:33:47,CA,desktop,30.82,0
5106,1287,2025-11-19 22:01:48,DE,mobile,4.25,0
5107,1516,2025-11-29 22:30:10,IN,mobile,10.75,1
5108,1900,2025-11-17 14:28:08,IN,desktop,3.7,0
5109,652,2025-11-30 00:47:35,IN,desktop,4.22,1
5110,571,2025-12-01 11:02:52,CA,mobile,3.16,0
5111,1098,2025-12-07 06:03:17,CA,tablet,13.0,0
5112,1385,2025-12-08 13:17:45,IN,mobile,4.38,0
5113,1984,2025-11-11 16:29:58,CA,mobile,15.81,0
5114,51,2025-11-19 22:36:46,US,mobile,5.37,0
5115,477,2025-11-27 09:09:19,GB,desktop,7.98,0
5116,525,2025-11-20 14:45:19,GB,mobile,9.46,0
5117,511,2025-11-29 12:36:32,DE,mobile,2.8,0
5118,927,2025-12-06 14:17:09,DE,mobile,8.35,0
5119,1745,2025-11-18 17:01:01,IN,mobile,9.12,0
5120,62,2025-12-07 18:27:48,GB,mobile,14.64,1
5121,1631,2025-12-07 10:17:07,IN,desktop,4.15,0
5122,1235,2025-12-08 09:20:20,GB,mobile,4.53,0
5123,1230,2025-11-13 04:10:43,IN,tablet,10.98,1
5124,1356,2025-11-19 18:18:13,GB,desktop,17.24,0
5125,231,2025-11-14 16:35:25,CA,desktop,5.18,0
5126,1493,2025-11-14 13:51:28,DE,tablet,3.52,0
5127,497,2025-11-12 13:29:47,US,mobile,6.11,0
5128,1033,2025-11-24 04:01:51,CA,mobile,4.02,0
5129,1354,2025-11-13 14:02:01,DE,mobile,9.38,0
5130,1208,2025-11-19 20:11:00,GB,mobile,3.87,0
5131,646,2025-12-10 09:48:52,IN,mobile,13.25,0
5132,792,2025-12-07 11:37:00,US,desktop,8.39,0
5133,953,2025-12-09 01:56:12,US,desktop,13.5,0
5134,83,2025-11-12 01:36:35,IN,mobile,1.73,0
5135,1452,2025-11-30 19:05:18,DE,desktop,2.57,0
5136,200,2025-11-29 23:37:36,GB,mobile,16.05,0
5137,917,2025-11-14 22:49:23,GB,mobile,4.8,0
5138,1310,2025-12-08 03:41:00,CA,mobile,3.07,0
5139,161,2025-11-23 02:23:04,CA,mobile,6.54,0
5140,1991,2025-12-10 06:26:07,IN,mobile,8.55,0
5141,755,2025-11-14 09:17:44,US,mobile,6.72,0
5142,32,2025-11-30 11:19:36,DE,mobile,9.78,0
5143,1317,2025-11-14 21:21:44,DE,mobile,9.02,1
5144,1115,2025-12-09 11:10:38,CA,desktop,8.74,0
5145,1281,2025-11-29 04:42:13,CA,mobile,16.59,0
5146,1502,2025-11-13 05:42:27,DE,desktop,7.33,1
5147,951,2025-11-17 09:54:17,US,desktop,7.2,0
5148,1653,2025-11-21 17:54:47,GB,mobile,11.96,0
5149,740,2025-11-11 08:29:30,DE,mobile,10.29,1
5150,1090,2025-11-11 05:30:26,DE,tablet,4.3,0
5151,317,2025-12-08 17:34:41,IN,mobile,6.99,1
5152,1240,2025-12-10 09:41:06,IN,mobile,9.61,0
5153,523,2025-11-27 01:18:18,DE,desktop,5.2,0
5154,1393,2025-12-08 01:11:45,IN,desktop,5.35,0
5155,1602,2025-11-30 14:59:42,US,desktop,3.21,0
5156,1718,2025-11-11 19:25:50,CA,desktop,1.31,0
5157,1858,2025-12-02 09:40:07,GB,mobile,5.9,1
5158,245,2025-11-11 12:17:17,GB,desktop,7.98,0
5159,276,2025-12-05 11:07:05,US,mobile,3.83,0
5160,1852,2025-11-21 23:27:02,IN,desktop,16.89,0
5161,762,2025-11-15 04:56:17,CA,mobile,3.94,0
5162,53,2025-11-18 17:22:48,US,mobile,12.78,0
5163,574,2025-12-01 11:14:47,GB,mobile,9.5,0
5164,1672,2025-12-06 09:01:26,US,desktop,27.27,0
5165,710,2025-11-28 02:09:14,US,mobile,10.22,0
5166,154,2025-11-15 18:46:53,DE,desktop,3.1,0
5167,1444,2025-12-07 23:20:37,GB,mobile,13.91,0
5168,390,2025-12-04 16:30:01,DE,mobile,20.46,0
5169,706,2025-11-23 06:20:21,IN,mobile,2.55,0
5170,8,2025-11-27 14:26:37,DE,mobile,10.84,1
5171,1204,2025-12-09 21:15:46,US,desktop,12.38,0
5172,891,2025-11-22 06:57:17,GB,tablet,6.5,0
5173,1734,2025-11-11 17:47:24,IN,desktop,1.73,0
5174,669,2025-11-15 08:09:03,US,mobile,6.19,0
5175,410,2025-11-28 23:27:39,IN,mobile,5.21,0
5176,332,2025-12-10 21:34:13,IN,tablet,18.5,0
5177,401,2025-12-03 03:57:43,IN,desktop,7.01,0
5178,902,2025-11-29 12:10:58,IN,desktop,5.77,0
5179,175,2025-11-20 15:47:38,DE,mobile,5.2,0
5180,805,2025-11-24 03:35:16,DE,desktop,8.98,0
5181,1709,2025-11-12 02:51:40,US,mobile,7.65,0
5182,1535,2025-11-22 02:26:40,DE,desktop,4.6,0
5183,1274,2025-11-29 16:07:49,CA,desktop,8.66,1
5184,1786,2025-12-08 03:21:25,CA,tablet,5.29,0
5185,1560,2025-12-08 15:22:40,GB,mobile,1.56,0
5186,1305,2025-12-05 14:29:27,DE,desktop,11.03,0
5187,1726,2025-11-11 14:42:41,CA,mobile,10.42,0
5188,249,2025-12-05 07:17:11,GB,mobile,8.33,0
5189,1636,2025-11-17 12:38:15,CA,desktop,5.67,0
5190,591,2025-11-29 10:53:44,DE,mobile,7.08,0
5191,1466,2025-12-09 08:37:56,DE,mobile,12.08,0
5192,1826,2025-12-07 14:33:41,DE,desktop,5.06,1
5193,992,2025-11-30 21:36:30,DE,desktop,12.38,0
5194,178,2025-11-19 22:42:47,CA,mobile,3.05,0
5195,741,2025-11-26 14:16:07,CA,mobile,8.17,0
5196,814,2025-12-02 01:54:04,IN,desktop,7.5,0
5197,1873,2025-11-26 09:27:53,IN,mobile,13.49,0
5198,1885,2025-11-23 02:26:06,DE,mobile,4.26,0
5199,1137,2025-11-23 01:16:46,CA,mobile,4.55,0
5200,1901,2025-11-28 23:13:54,GB,desktop,3.2,0
5201,873,2025-11-12 00:59:50,GB,mobile,5.26,0
5202,822,2025-12-10 21:54:10,DE,mobile,8.61,0
5203,1673,2025-11-14 00:43:10,CA,tablet,2.51,0
5204,1335,2025-12-10 12:05:26,CA,desktop,5.66,1
5205,1045,2025-11-12 00:42:12,US,desktop,10.66,0
5206,914,2025-11-26 08:19:06,CA,desktop,6.95,1
5207,1411,2025-11-23 11:53:30,DE,tablet,7.73,0
5208,1507,2025-11-28 04:24:52,US,mobile,2.99,0
5209,981,2025-11-23 23:24:11,US,mobile,6.96,0
5210,64,2025-12-07 21:18:16,GB,desktop,7.52,0
5211,204,2025-11-11 11:13:54,CA,tablet,6.7,0
5212,289,2025-12-10 12:53:25,DE,desktop,8.1,0
5213,924,2025-12-01 15:37:35,IN,mobile,6.14,0
5214,1228,2025-12-04 07:49:49,DE,tablet,5.62,0
5215,1607,2025-11-15 03:53:34,IN,desktop,3.96,0
5216,465,2025-11-12 22:09:56,CA,mobile,13.26,0
5217,1573,2025-11-22 21:05:24,US,tablet,3.54,0
5218,1332,2025-11-20 15:32:00,GB,desktop,8.12,0
5219,104,2025-12-04 10:57:44,GB,desktop,21.93,0
5220,703,2025-12-07 20:45:27,CA,tablet,14.31,0
5221,606,2025-11-23 19:00:21,IN,mobile,10.03,0
5222,1773,2025-12-04 00:26:47,DE,desktop,8.58,0
5223,1842,2025-11-12 18:06:57,CA,mobile,6.84,0
5224,1638,2025-12-03 05:38:26,US,desktop,4.3,0
5225,1056,2025-11-13 22:45:19,CA,desktop,6.35,0
5226,986,2025-12-01 00:08:15,US,desktop,10.43,0
5227,623,2025-11-22 10:22:47,DE,desktop,9.34,1
5228,1546,2025-11-23 10:13:21,DE,desktop,11.86,0
5229,173,2025-11-19 06:12:26,CA,mobile,15.36,0
5230,543,2025-11-23 01:33:59,US,mobile,6.72,0
5231,271,2025-12-07 04:48:45,CA,mobile,8.29,0
5232,989,2025-12-05 05:39:51,DE,desktop,2.36,0
5233,600,2025-11-21 04:15:41,US,desktop,28.61,0
5234,395,2025-11-19 18:45:16,IN,desktop,5.76,0
5235,753,2025-11-26 05:47:47,CA,mobile,10.92,0
5236,1721,2025-12-01 12:18:42,IN,desktop,5.76,0
5237,1116,2025-11-16 10:31:12,GB,mobile,5.68,0
5238,1646,2025-12-02 18:06:10,GB,tablet,6.41,0
5239,1827,2025-12-09 10:17:22,IN,desktop,3.5,0
5240,1804,2025-12-06 07:18:47,CA,mobile,1.67,0
5241,702,2025-11-27 09:59:25,DE,desktop,14.82,0
5242,1755,2025-11-20 13:33:01,DE,mobile,10.25,0
5243,1818,2025-11-20 16:08:59,DE,mobile,4.27,1
5244,1919,2025-12-03 05:23:34,DE,desktop,9.69,0
5245,702,2025-11-24 14:43:28,IN,desktop,12.11,0
5246,457,2025-11-14 03:54:19,DE,mobile,4.88,0
5247,1168,2025-12-01 07:08:20,GB,mobile,9.46,1
5248,1863,2025-11-15 02:38:14,IN,mobile,13.52,0
5249,1801,2025-12-10 13:48:07,GB,mobile,3.12,1
5250,1142,2025-11-23 11:42:53,CA,mobile,10.18,0
5251,299,2025-11-21 05:28:15,DE,mobile,9.19,0
5252,845,2025-11-12 14:59:43,IN,tablet,22.83,0
5253,1428,2025-11-15 23:59:36,IN,mobile,10.32,0
5254,1121,2025-12-09 09:34:32,IN,mobile,5.77,0
5255,691,2025-11-27 01:57:24,DE,mobile,6.19,0
5256,685,2025-12-08 00:35:51,GB,mobile,24.88,0
5257,120,2025-12-09 15:29:37,CA,desktop,5.97,0
5258,577,2025-11-12 10:27:54,GB,mobile,10.5,0
5259,1339,2025-11-22 09:23:52,US,mobile,6.4,1
5260,483,2025-12-06 02:49:01,DE,tablet,14.14,0
5261,1986,2025-11-25 20:06:53,DE,desktop,14.56,0
5262,165,2025-11-26 05:37:19,GB,mobile,7.29,0
5263,1177,2025-11-28 01:42:06,DE,mobile,5.79,0
5264,993,2025-12-02 00:38:45,DE,desktop,5.71,0
5265,1666,2025-12-09 03:08:07,DE,desktop,2.62,0
5266,1775,2025-12-07 13:49:23,CA,tablet,7.85,0
5267,1087,2025-11-29 17:17:51,CA,mobile,7.75,0
5268,1260,2025-11-28 06:39:15,IN,desktop,4.53,0
5269,1398,2025-11-21 19:08:59,GB,mobile,2.46,0
5270,1042,2025-11-14 10:59:17,US,mobile,8.36,0
5271,370,2025-12-02 05:43:14,IN,desktop,9.02,0
5272,857,2025-11-11 01:05:21,DE,desktop,9.36,1
5273,483,2025-12-01 21:55:00,DE,mobile,4.08,0
5274,929,2025-11-25 21:00:58,US,mobile,9.38,0
5275,1230,2025-12-04 13:29:48,DE,desktop,6.64,0
5276,419,2025-12-09 10:40:47,DE,mobile,12.41,0
5277,499,2025-11-27 13:23:00,DE,mobile,4.12,1
5278,1646,2025-11-28 03:31:13,IN,mobile,14.73,1
5279,756,2025-11-25 14:08:28,US,mobile,18.28,0
5280,397,2025-11-22 03:44:56,IN,desktop,7.92,0
5281,1426,2025-11-13 15:13:25,DE,mobile,9.41,0
5282,1433,2025-11-11 21:29:47,IN,mobile,11.83,0
5283,1652,2025-12-02 15:47:54,IN,desktop,3.99,0
5284,1520,2025-12-08 10:01:04,IN,mobile,5.52,0
5285,1983,2025-11-12 14:00:29,IN,desktop,8.25,0
5286,1150,2025-11-20 18:47:08,GB,mobile,24.93,0
5287,574,2025-11-29 05:08:27,DE,desktop,3.61,0
5288,1725,2025-12-02 02:40:21,GB,desktop,19.74,0
5289,530,2025-12-03 00:38:14,IN,desktop,6.58,0
5290,582,2025-12-01 19:05:00,IN,mobile,7.24,0
5291,1657,2025-11-13 11:36:51,DE,desktop,15.35,0
5292,1763,2025-11-18 14:01:43,CA,desktop,24.85,0
5293,679,2025-11-25 01:05:18,DE,mobile,9.52,0
5294,1459,2025-11-12 21:09:09,US,mobile,14.86,1
5295,1844,2025-11-21 06:19:32,DE,mobile,4.25,0
5296,1597,2025-11-22 12:25:58,GB,mobile,5.38,0
5297,10,2025-12-10 07:27:46,US,mobile,3.28,0
5298,1329,2025-11-20 11:34:01,US,tablet,5.42,0
5299,340,2025-12-10 02:37:11,CA,tablet,10.37,1
5300,1692,2025-12-01 23:25:02,IN,mobile,8.39,0
5301,135,2025-12-01 17:40:04,GB,tablet,20.83,0
5302,1986,2025-12-05 13:28:34,US,desktop,25.35,0
5303,355,2025-12-06 05:41:51,DE,mobile,6.81,0
5304,840,2025-11-17 15:23:36,DE,tablet,4.91,0
5305,468,2025-11-23 14:17:27,GB,desktop,14.82,0
5306,1628,2025-11-26 19:33:32,US,mobile,15.78,0
5307,787,2025-12-10 06:30:04,GB,mobile,9.63,0
5308,1489,2025-11-12 04:28:14,DE,mobile,11.28,0
5309,135,2025-11-25 06:31:06,US,tablet,10.27,0
5310,906,2025-11-17 09:29:49,GB,mobile,4.08,0
5311,1822,2025-11-17 04:08:00,US,mobile,3.56,0
5312,1853,2025-12-03 19:42:04,IN,mobile,7.17,0
5313,418,2025-11-17 00:35:45,US,mobile,6.55,0
5314,789,2025-12-04 18:28:46,US,mobile,8.72,0
5315,818,2025-12-10 18:51:24,US,tablet,6.83,0
5316,1131,2025-12-04 06:14:38,DE,mobile,2.66,0
5317,1075,2025-11-16 01:34:35,IN,desktop,2.08,1
5318,212,2025-11-15 05:45:07,CA,mobile,11.5,0
5319,1525,2025-11-24 01:57:46,GB,mobile,4.96,0
5320,452,2025-11-27 11:58:40,GB,mobile,6.43,0
5321,630,2025-12-04 07:38:25,GB,mobile,5.29,0
5322,1681,2025-11-23 15:34:58,CA,desktop,4.27,0
5323,1379,2025-11-15 23:31:06,IN,desktop,4.2,0
5324,793,2025-12-10 17:06:10,GB,mobile,13.62,0
5325,1825,2025-12-08 02:30:46,DE,tablet,6.4,0
5326,788,2025-11-30 14:09:47,IN,desktop,10.81,0
5327,1131,2025-12-01 19:57:49,US,mobile,11.72,0
5328,492,2025-12-09 00:34:41,DE,desktop,8.93,0
5329,367,2025-11-25 05:08:06,US,desktop,11.96,0
5330,983,2025-11-15 07:53:05,US,desktop,7.45,0
5331,1126,2025-11-29 03:31:27,DE,mobile,16.75,0
5332,1611,2025-11-24 11:51:41,IN,mobile,12.11,0
5333,782,2025-12-04 23:03:14,GB,mobile,13.12,1
5334,1790,2025-12-04 02:47:24,US,mobile,4.21,0
5335,1215,2025-11-25 02:40:15,IN,mobile,8.65,0
5336,141,2025-11-22 00:05:25,DE,desktop,2.46,0
5337,1478,2025-11-23 15:06:42,GB,mobile,17.13,0
5338,1150,2025-11-29 22:38:20,IN,mobile,5.08,0
5339,779,2025-11-30 01:53:32,GB,mobile,5.52,0
5340,935,2025-11-26 07:39:30,CA,mobile,3.25,0
5341,604,2025-11-26 22:11:06,DE,mobile,7.23,0
5342,1228,2025-12-10 17:25:19,GB,desktop,6.29,0
5343,1134,2025-11-18 13:55:21,IN,desktop,22.06,0
5344,895,2025-11-16 04:25:15,CA,mobile,12.37,0
5345,571,2025-12-04 22:37:58,GB,desktop,5.43,0
5346,797,2025-12-09 00:41:01,US,desktop,2.72,0
5347,996,2025-11-29 05:29:14,GB,desktop,1.88,1
5348,944,2025-11-23 00:21:49,DE,tablet,3.99,0
5349,619,2025-11-21 10:09:29,CA,mobile,3.32,0
5350,1164,2025-11-25 00:11:15,GB,mobile,9.11,0
5351,453,2025-11-12 13:00:02,US,desktop,6.77,0
5352,1002,2025-11-26 19:49:34,US,mobile,7.47,0
5353,243,2025-11-19 01:20:23,IN,mobile,4.18,0
5354,944,2025-11-18 22:17:48,US,mobile,8.09,0
5355,1568,2025-11-27 18:41:13,US,mobile,3.15,0
5356,1635,2025-12-09 21:03:58,DE,mobile,7.01,0
5357,1389,2025-11-17 03:27:08,CA,mobile,12.16,0
5358,1491,2025-12-08 07:30:12,GB,tablet,5.93,0
5359,132,2025-11-26 13:12:17,IN,mobile,9.64,1
5360,683,2025-12-10 03:43:28,IN,desktop,2.26,0
5361,1308,2025-11-22 10:25:31,DE,mobile,2.15,0
5362,1601,2025-12-10 21:00:53,CA,mobile,8.99,0
5363,1166,2025-11-30 18:24:21,CA,tablet,13.85,0
5364,1707,2025-12-01 01:29:19,GB,mobile,6.4,0
5365,546,2025-11-27 20:45:01,CA,mobile,26.77,0
5366,307,2025-11-24 12:26:46,US,desktop,3.11,1
5367,173,2025-11-26 17:18:55,CA,mobile,4.91,0
5368,1165,2025-12-06 11:45:40,US,mobile,8.04,0
5369,1330,2025-12-04 17:43:28,US,tablet,9.76,0
5370,571,2025-11-11 16:22:20,US,mobile,5.21,0
5371,1567,2025-12-01 19:21:29,US,desktop,3.91,0
5372,1478,2025-12-06 00:00:13,IN,mobile,10.72,0
5373,720,2025-12-03 07:00:44,DE,mobile,8.0,0
5374,478,2025-11-25 21:16:43,DE,mobile,6.01,0
5375,1484,2025-11-21 00:48:09,US,desktop,9.97,0
5376,1343,2025-12-01 03:57:04,GB,mobile,6.81,0
5377,342,2025-11-30 21:04:57,US,desktop,6.79,0
5378,510,2025-11-22 04:32:45,US,desktop,6.65,0
5379,972,2025-11-23 03:48:18,DE,mobile,4.51,0
5380,1022,2025-11-22 00:38:29,DE,mobile,4.25,0
5381,332,2025-11-12 07:37:50,GB,desktop,5.39,1
5382,1897,2025-11-11 22:04:08,GB,desktop,7.53,0
5383,777,2025-11-13 11:03:00,CA,mobile,2.4,0
5384,763,2025-11-23 16:21:40,IN,desktop,13.02,0
5385,122,2025-11-26 06:43:55,GB,mobile,7.47,0
5386,1751,2025-11-23 05:14:52,CA,tablet,3.9,0
5387,471,2025-12-09 14:57:20,US,tablet,19.49,0
5388,1973,2025-11-17 17:04:56,GB,mobile,7.58,0
5389,992,2025-11-22 18:10:00,DE,mobile,3.32,0
5390,1749,2025-11-18 09:18:19,IN,mobile,18.97,0
5391,359,2025-11-19 23:03:07,US,mobile,16.66,0
5392,332,2025-11-28 11:48:47,CA,desktop,4.28,0
5393,1602,2025-11-20 06:22:02,GB,mobile,6.09,0
5394,1639,2025-11-20 12:01:41,DE,desktop,5.62,0
5395,1086,2025-12-01 02:13:41,GB,tablet,2.38,0
5396,65,2025-12-05 21:00:50,DE,tablet,8.98,0
5397,1887,2025-11-17 08:16:49,CA,mobile,12.27,0
5398,787,2025-11-14 07:25:48,DE,tablet,10.96,0
5399,1872,2025-11-18 03:39:30,CA,mobile,7.54,0
5400,1741,2025-11-28 07:08:13,IN,mobile,13.0,0
5401,1703,2025-12-09 18:12:30,US,mobile,3.74,0
5402,1377,2025-11-15 18:27:53,IN,desktop,22.0,1
5403,1346,2025-11-12 06:01:29,IN,mobile,4.65,0
5404,1065,2025-11-26 19:33:57,DE,mobile,4.97,0
5405,50,2025-12-10 16:42:14,GB,mobile,5.23,1
5406,776,2025-11-27 13:03:56,DE,tablet,5.01,0
5407,1461,2025-12-08 16:50:56,IN,mobile,6.58,1
5408,1624,2025-11-30 05:41:13,DE,desktop,6.43,0
5409,1119,2025-11-11 21:59:13,IN,desktop,7.99,0
5410,1419,2025-11-23 18:58:43,GB,mobile,4.52,0
5411,44,2025-12-04 01:39:56,GB,mobile,8.17,0
5412,937,2025-11-26 06:03:16,CA,mobile,3.84,0
5413,1015,2025-11-16 19:29:16,US,mobile,11.47,0
5414,1785,2025-11-16 09:31:07,GB,tablet,11.38,0
5415,622,2025-11-30 20:58:48,IN,mobile,7.36,0
5416,460,2025-11-24 20:36:13,US,desktop,5.0,0
5417,705,2025-11-28 04:36:30,CA,desktop,8.91,0
5418,341,2025-11-22 03:48:52,GB,tablet,4.34,0
5419,1117,2025-11-21 03:20:37,GB,mobile,7.54,0
5420,1285,2025-11-30 22:50:49,GB,tablet,6.75,0
5421,1602,2025-11-11 04:49:18,US,desktop,35.8,1
5422,1944,2025-11-24 00:18:15,DE,mobile,3.54,0
5423,148,2025-11-22 02:07:52,IN,desktop,1.49,0
5424,495,2025-12-04 08:21:31,GB,mobile,5.04,0
5425,602,2025-12-02 19:41:32,CA,desktop,2.64,0
5426,500,2025-11-23 17:56:49,DE,desktop,4.78,0
5427,1654,2025-11-18 20:23:06,IN,desktop,3.39,0
5428,279,2025-11-18 00:59:16,IN,desktop,4.29,0
5429,60,2025-11-17 07:20:13,DE,desktop,3.9,0
5430,1721,2025-11-19 04:17:19,US,mobile,13.17,0
5431,1923,2025-12-03 18:50:55,CA,mobile,7.18,0
5432,453,2025-11-12 07:50:17,GB,desktop,14.09,0
5433,666,2025-11-11 18:02:39,US,desktop,7.57,0
5434,1006,2025-11-27 03:58:27,IN,desktop,12.9,0
5435,1052,2025-11-17 16:07:14,CA,mobile,6.16,0
5436,1981,2025-12-05 21:28:01,DE,mobile,19.23,0
5437,808,2025-12-03 12:49:11,GB,desktop,9.8,0
5438,25,2025-12-04 00:59:35,GB,desktop,4.63,0
5439,846,2025-11-24 16:17:34,IN,mobile,10.71,0
5440,1113,2025-11-24 02:26:28,GB,mobile,7.51,0
5441,1034,2025-11-23 17:39:15,CA,desktop,6.54,0
5442,1025,2025-11-16 20:26:21,GB,desktop,7.83,0
5443,1845,2025-11-27 23:42:27,GB,mobile,11.6,0
5444,1615,2025-12-06 20:56:29,US,mobile,2.07,0
5445,504,2025-11-18 16:00:26,DE,mobile,5.99,0
5446,711,2025-11-12 16:06:54,US,mobile,11.13,0
5447,1335,2025-11-27 21:49:18,CA,mobile,8.58,0
5448,821,2025-11-22 22:40:23,CA,mobile,3.76,0
5449,857,2025-12-04 21:23:58,US,desktop,1.78,0
5450,336,2025-12-06 15:59:44,US,mobile,20.5,0
5451,509,2025-12-09 11:41:34,CA,desktop,6.6,0
5452,1481,2025-11-22 18:19:11,US,mobile,18.33,0
5453,1686,2025-12-08 00:29:27,IN,mobile,11.91,0
5454,1569,2025-11-14 12:06:11,CA,mobile,4.59,0
5455,616,2025-11-22 03:36:08,US,mobile,1.65,0
5456,274,2025-11-18 22:42:59,DE,desktop,5.6,0
5457,320,2025-12-08 15:51:55,GB,tablet,7.23,0
5458,787,2025-11-28 23:15:14,IN,desktop,9.68,0
5459,1035,2025-11-21 22:38:58,CA,desktop,3.79,1
5460,1785,2025-11-15 12:41:55,DE,desktop,8.22,0
5461,1797,2025-12-04 10:59:06,GB,desktop,8.22,0
5462,6,2025-11-30 14:47:10,CA,mobile,13.35,0
5463,1415,2025-12-06 13:21:57,IN,desktop,6.15,1
5464,598,2025-11-24 02:42:33,US,mobile,9.64,0
5465,396,2025-11-15 11:09:56,GB,mobile,8.79,0
5466,1110,2025-11-20 23:59:35,GB,desktop,12.5,0
5467,68,2025-11-29 13:41:10,DE,desktop,4.52,0
5468,668,2025-11-18 04:41:56,CA,mobile,1.17,0
5469,1104,2025-11-13 02:08:38,US,tablet,6.41,1
5470,544,2025-12-05 16:01:49,DE,mobile,6.43,0
5471,1187,2025-11-26 21:12:57,CA,desktop,3.69,0
5472,920,2025-11-22 20:50:16,CA,tablet,2.99,0
5473,1599,2025-11-27 13:16:53,DE,mobile,5.23,0
5474,363,2025-12-03 02:56:16,GB,tablet,6.9,0
5475,115,2025-11-11 00:12:08,US,desktop,7.82,0
5476,1059,2025-11-24 04:17:18,CA,desktop,1.88,0
5477,514,2025-11-18 14:17:02,IN,tablet,2.58,0
5478,1413,2025-11-13 17:22:37,GB,desktop,14.55,1
5479,187,2025-11-12 01:07:57,DE,mobile,6.59,0
5480,1151,2025-11-24 04:23:49,DE,desktop,7.38,0
5481,1979,2025-11-27 06:52:57,CA,mobile,3.32,0
5482,187,2025-11-26 04:46:04,CA,mobile,7.37,0
5483,604,2025-12-04 10:57:44,CA,mobile,5.9,0
5484,1688,2025-11-24 16:52:44,US,mobile,5.1,0
5485,1067,2025-11-28 15:57:11,US,desktop,3.07,0
5486,350,2025-12-05 10:55:36,GB,tablet,4.39,0
5487,427,2025-11-30 16:28:59,DE,tablet,24.12,0
5488,1529,2025-12-08 07:02:44,IN,mobile,5.99,0
5489,1721,2025-11-17 14:46:57,CA,mobile,11.87,0
5490,721,2025-12-04 13:42:48,CA,mobile,6.57,0
5491,948,2025-12-01 20:53:13,CA,mobile,6.13,0
5492,1565,2025-11-28 10:50:08,US,mobile,5.05,0
5493,354,2025-11-11 01:55:46,DE,mobile,16.57,0
5494,413,2025-11-27 05:04:36,CA,tablet,9.24,0
5495,1549,2025-12-06 17:19:43,CA,mobile,4.6,0
5496,374,2025-11-30 07:21:22,GB,desktop,5.83,0
5497,1541,2025-11-11 02:54:15,DE,desktop,14.09,0
5498,994,2025-11-19 14:28:14,IN,desktop,1.35,1
5499,1980,2025-11-28 01:09:43,US,mobile,8.9,0
5500,66,2025-12-05 07:45:45,GB,mobile,10.2,0
5501,1891,2025-11-24 07:34:39,GB,tablet,4.71,0
5502,451,2025-12-06 16:09:48,CA,mobile,8.11,0
5503,71,2025-12-04 20:15:01,US,mobile,9.99,0
5504,1448,2025-11-18 23:37:44,US,tablet,3.53,0
5505,1065,2025-11-16 19:36:00,IN,desktop,12.25,0
5506,1674,2025-12-08 01:15:42,IN,desktop,8.83,0
5507,217,2025-11-28 15:27:40,IN,mobile,6.74,1
5508,162,2025-12-06 10:19:13,US,mobile,7.87,0
5509,1134,2025-12-08 15:10:19,IN,desktop,11.29,0
5510,1764,2025-11-23 16:51:47,CA,mobile,29.66,1
5511,812,2025-11-12 08:09:38,US,mobile,10.65,0
5512,1595,2025-12-08 05:42:46,DE,mobile,12.02,0
5513,1812,2025-11-28 11:24:22,US,desktop,8.3,0
5514,1739,2025-11-14 13:56:55,GB,mobile,23.13,0
5515,1017,2025-11-26 20:41:05,CA,desktop,3.07,0
5516,1397,2025-11-11 19:22:59,GB,mobile,2.61,0
5517,1051,2025-11-19 15:53:18,IN,mobile,8.1,0
5518,1348,2025-11-21 09:41:48,GB,tablet,10.98,0
5519,1134,2025-11-24 14:21:59,DE,tablet,1.58,0
5520,1050,2025-11-27 22:20:47,IN,desktop,7.37,0
5521,874,2025-12-06 03:35:48,IN,tablet,6.63,0
5522,1305,2025-11-21 12:16:17,CA,mobile,11.55,0
5523,1502,2025-12-03 00:40:07,IN,mobile,9.56,0
5524,1838,2025-12-09 05:31:17,IN,mobile,2.5,0
5525,1226,2025-12-03 10:09:54,CA,mobile,3.87,0
5526,201,2025-11-18 14:37:26,IN,desktop,4.55,0
5527,1175,2025-12-01 07:11:59,CA,desktop,11.51,0
5528,632,2025-11-19 09:42:23,DE,mobile,9.25,0
5529,54,2025-11-25 07:19:46,CA,mobile,5.09,0
5530,145,2025-11-30 00:18:31,IN,tablet,8.06,0
5531,1183,2025-11-19 18:21:26,IN,mobile,3.92,0
5532,1889,2025-11-11 02:00:53,US,mobile,25.27,0
5533,1011,2025-12-06 01:59:25,US,mobile,10.43,0
5534,891,2025-12-02 19:04:25,US,mobile,11.84,0
5535,178,2025-11-14 15:53:24,DE,mobile,16.88,0
5536,1351,2025-11-22 07:00:38,GB,mobile,13.6,0
5537,111,2025-11-18 19:39:06,GB,mobile,7.53,0
5538,1682,2025-12-10 07:12:40,DE,mobile,6.61,0
5539,1632,2025-12-09 05:20:04,GB,mobile,16.01,0
5540,1982,2025-12-01 17:03:12,US,mobile,7.51,0
5541,569,2025-11-24 04:35:20,IN,mobile,4.71,0
5542,324,2025-11-12 12:49:39,IN,mobile,24.05,0
5543,599,2025-11-18 09:00:54,US,desktop,4.21,0
5544,1599,2025-11-13 17:55:29,GB,desktop,2.61,1
5545,438,2025-12-04 15:40:02,GB,mobile,13.41,0
5546,1774,2025-11-13 14:42:49,DE,mobile,4.76,0
5547,309,2025-12-01 07:02:26,GB,desktop,9.59,0
5548,98,2025-12-09 13:07:14,US,mobile,21.98,0
5549,439,2025-11-20 04:56:46,GB,desktop,3.24,0
5550,1508,2025-12-01 11:44:59,IN,tablet,7.21,1
5551,1204,2025-12-07 08:11:48,DE,mobile,17.99,0
5552,710,2025-11-23 19:06:32,US,mobile,11.12,0
5553,1312,2025-11-24 10:24:00,CA,mobile,6.63,0
5554,1297,2025-11-16 23:34:49,GB,mobile,30.99,0
5555,1109,2025-11-23 19:02:17,GB,mobile,6.98,0
5556,1028,2025-12-07 04:15:12,US,desktop,9.38,0
5557,203,2025-11-30 20:50:38,GB,mobile,19.88,0
5558,520,2025-11-17 00:21:10,IN,desktop,13.31,0
5559,1055,2025-11-26 18:20:31,DE,desktop,16.33,0
5560,271,2025-12-02 04:02:30,DE,mobile,4.31,0
5561,952,2025-11-13 06:55:06,IN,tablet,15.44,0
5562,234,2025-12-03 20:49:34,US,desktop,8.18,0
5563,1574,2025-11-17 00:07:54,GB,mobile,4.72,0
5564,207,2025-11-19 19:23:06,DE,tablet,8.44,0
5565,185,2025-11-23 11:00:03,DE,desktop,8.28,0
5566,1275,2025-11-26 02:46:16,IN,mobile,22.67,0
5567,441,2025-12-08 10:45:44,IN,mobile,9.29,0
5568,703,2025-11-17 15:47:06,IN,mobile,4.63,0
5569,629,2025-11-18 15:26:34,CA,desktop,4.03,0
5570,434,2025-11-22 08:03:43,IN,tablet,7.18,0
5571,1523,2025-12-06 16:28:18,IN,mobile,3.29,0
5572,1384,2025-12-09 22:07:46,GB,mobile,4.81,0
5573,478,2025-11-24 14:28:03,IN,mobile,6.38,0
5574,1374,2025-12-01 18:17:31,DE,desktop,5.74,0
5575,1427,2025-12-08 11:39:44,CA,mobile,11.43,1
5576,1078,2025-12-06 08:47:42,DE,mobile,4.75,0
5577,1157,2025-12-01 09:44:43,DE,mobile,1.68,0
5578,1869,2025-11-27 04:27:52,DE,desktop,2.69,0
5579,908,2025-12-10 11:57:46,US,mobile,7.31,1
5580,771,2025-11-18 03:20:29,GB,mobile,5.2,1
5581,1078,2025-11-21 20:25:22,GB,mobile,3.52,0
5582,1671,2025-12-02 08:30:22,DE,mobile,23.93,0
5583,1419,2025-11-11 14:16:33,DE,mobile,12.15,0
5584,151,2025-11-25 23:38:30,US,mobile,7.13,0
5585,919,2025-12-06 14:25:32,US,desktop,8.5,0
5586,1479,2025-11-16 06:33:50,IN,mobile,6.3,1
5587,448,2025-12-05 01:28:01,CA,mobile,3.48,0
5588,1976,2025-11-23 08:10:56,US,mobile,13.71,0
5589,1616,2025-12-06 18:48:03,CA,mobile,12.31,0
5590,1693,2025-11-30 00:19:03,US,mobile,2.26,0
5591,164,2025-11-15 16:23:49,GB,mobile,8.46,0
5592,1159,2025-12-03 00:40:18,DE,mobile,9.04,0
5593,1056,2025-11-12 15:39:44,DE,mobile,6.09,0
5594,1253,2025-11-18 06:21:06,CA,tablet,26.01,0
5595,1700,2025-12-07 14:52:28,US,mobile,24.37,0
5596,707,2025-12-07 05:57:03,US,mobile,5.89,0
5597,1068,2025-11-12 08:35:42,IN,tablet,6.46,0
5598,1359,2025-11-22 08:30:34,IN,mobile,6.02,0
5599,1506,2025-11-13 19:00:30,GB,desktop,5.12,0
5600,1541,2025-11-19 02:27:04,DE,mobile,4.25,0
5601,674,2025-12-09 23:48:00,GB,desktop,10.02,0
5602,1996,2025-11-16 19:43:09,CA,tablet,23.97,0
5603,20,2025-11-30 05:04:40,US,mobile,18.73,1
5604,985,2025-12-05 02:14:10,DE,tablet,11.86,0
5605,1217,2025-12-07 09:32:15,IN,mobile,1.74,0
5606,123,2025-11-21 14:13:52,US,desktop,2.41,0
5607,902,2025-12-01 20:58:48,DE,mobile,13.99,0
5608,1192,2025-11-25 11:16:48,US,mobile,19.52,0
5609,1215,2025-11-14 04:30:53,IN,mobile,10.3,0
5610,238,2025-11-17 15:39:46,DE,tablet,6.15,0
5611,555,2025-12-03 09:54:54,US,desktop,16.63,0
5612,490,2025-12-01 13:13:06,GB,desktop,11.61,0
5613,1280,2025-11-26 14:25:12,GB,mobile,14.62,0
5614,658,2025-12-04 09:34:36,CA,mobile,2.43,0
5615,1143,2025-12-01 16:56:25,GB,mobile,9.08,0
5616,1462,2025-11-21 03:37:08,CA,mobile,21.43,0
5617,1594,2025-11-19 18:52:43,IN,mobile,10.14,0
5618,368,2025-12-09 07:41:23,CA,tablet,13.05,0
5619,1807,2025-12-10 02:57:25,CA,desktop,7.55,1
5620,332,2025-11-11 21:16:20,GB,mobile,7.87,0
5621,44,2025-12-04 16:34:32,IN,mobile,17.14,0
5622,90,2025-11-14 22:57:06,DE,desktop,4.94,0
5623,402,2025-12-06 19:19:01,US,desktop,4.66,1
5624,1746,2025-11-28 15:09:33,DE,desktop,5.55,0
5625,416,2025-12-01 14:25:49,IN,mobile,7.49,0
5626,1387,2025-12-02 00:14:44,US,mobile,2.81,0
5627,837,2025-11-29 02:46:29,CA,mobile,11.46,1
5628,80,2025-11-18 11:43:28,GB,tablet,6.7,0
5629,888,2025-12-05 04:24:31,CA,desktop,12.33,0
5630,57,2025-11-27 14:09:50,GB,tablet,2.07,0
5631,952,2025-11-27 07:40:27,IN,mobile,12.36,0
5632,1117,2025-11-20 12:28:15,GB,mobile,16.48,0
5633,1043,2025-11-11 06:27:45,CA,mobile,9.61,0
5634,565,2025-11-27 14:10:37,CA,tablet,7.52,0
5635,1533,2025-11-21 07:41:53,DE,mobile,12.42,0
5636,1193,2025-11-30 17:56:55,CA,desktop,15.85,0
5637,510,2025-11-21 21:41:08,DE,mobile,10.11,0
5638,869,2025-12-10 03:39:16,GB,mobile,10.58,1
5639,217,2025-12-01 09:27:43,CA,mobile,19.97,0
5640,1846,2025-11-24 15:20:04,IN,mobile,11.67,1
5641,1506,2025-12-02 05:08:09,GB,desktop,4.57,0
5642,576,2025-11-30 09:56:53,US,tablet,15.8,0
5643,1350,2025-11-29 14:01:27,DE,desktop,6.86,0
5644,1358,2025-11-28 07:25:15,GB,mobile,7.54,0
5645,1219,2025-12-08 22:11:01,DE,desktop,7.88,0
5646,109,2025-11-20 11:52:20,US,mobile,13.21,1
5647,1757,2025-11-23 22:31:19,DE,desktop,21.1,0
5648,1911,2025-11-18 13:26:20,DE,desktop,7.5,0
5649,1948,2025-11-28 01:16:33,IN,mobile,20.88,1
5650,1961,2025-12-10 14:29:58,DE,mobile,8.16,0
5651,1857,2025-11-29 05:15:36,CA,mobile,17.14,0
5652,1478,2025-11-17 04:09:59,CA,mobile,8.32,0
5653,114,2025-12-08 14:43:19,IN,tablet,5.5,0
5654,930,2025-12-04 16:13:51,CA,desktop,23.41,0
5655,491,2025-11-24 04:07:42,CA,mobile,5.19,0
5656,440,2025-11-15 08:46:32,US,mobile,4.99,0
5657,1661,2025-11-23 01:08:50,GB,desktop,3.48,0
5658,1625,2025-12-05 02:21:56,DE,mobile,15.81,0
5659,1044,2025-11-28 06:45:05,IN,mobile,18.21,0
5660,1472,2025-11-16 12:57:26,US,desktop,9.24,0
5661,259,2025-11-15 17:23:23,IN,mobile,4.09,0
5662,444,2025-12-09 23:35:08,GB,mobile,7.36,0
5663,1721,2025-11-24 09:14:22,DE,mobile,6.16,0
5664,902,2025-12-01 13:08:38,IN,mobile,3.98,0
5665,1093,2025-11-21 18:53:47,US,tablet,5.51,0
5666,926,2025-11-13 16:07:04,US,desktop,10.01,0
5667,405,2025-11-23 07:49:38,GB,tablet,5.14,0
5668,1652,2025-12-01 18:19:13,US,tablet,8.8,0
5669,1516,2025-11-20 23:14:14,CA,mobile,2.55,1
5670,1368,2025-11-29 01:50:23,GB,mobile,20.24,0
5671,707,2025-11-24 02:39:53,DE,desktop,5.84,0
5672,1286,2025-11-21 02:15:57,US,mobile,12.46,0
5673,1906,2025-11-18 14:50:47,IN,tablet,8.27,0
5674,1300,2025-11-18 18:57:45,CA,mobile,9.41,0
5675,989,2025-11-18 15:20:32,DE,mobile,3.75,0
5676,541,2025-12-02 12:44:25,GB,desktop,4.68,0
5677,1046,2025-11-21 02:06:45,DE,tablet,4.75,0
5678,744,2025-12-03 05:00:46,IN,desktop,7.5,0
5679,1222,2025-11-20 07:11:46,GB,mobile,16.37,0
5680,92,2025-11-20 18:49:15,CA,mobile,9.58,0
5681,381,2025-12-08 16:40:56,CA,mobile,4.31,0
5682,1574,2025-12-07 06:06:58,IN,desktop,7.79,0
5683,762,2025-11-22 23:44:22,US,mobile,7.04,0
5684,866,2025-11-19 00:47:18,IN,desktop,5.99,0
5685,1088,2025-12-02 10:29:01,IN,mobile,7.32,0
5686,877,2025-11-13 01:32:06,CA,mobile,11.68,1
5687,1517,2025-11-24 15:52:43,DE,tablet,4.8,0
5688,491,2025-11-28 23:08:15,GB,mobile,6.0,0
5689,1517,2025-12-01 05:47:33,IN,desktop,13.32,0
5690,419,2025-11-14 04:19:24,US,mobile,9.79,0
5691,741,2025-11-11 01:23:25,IN,tablet,15.92,0
5692,1176,2025-11-19 06:25:51,IN,mobile,17.49,0
5693,1772,2025-11-14 13:05:15,IN,mobile,3.27,0
5694,465,2025-11-26 04:24:25,IN,desktop,8.78,0
5695,1175,2025-12-08 13:16:31,IN,desktop,5.45,0
5696,129,2025-11-19 13:24:42,DE,mobile,3.6,0
5697,151,2025-11-24 13:54:10,IN,mobile,4.6,0
5698,1535,2025-11-17 10:01:48,US,mobile,6.17,0
5699,1438,2025-11-12 06:53:45,DE,tablet,6.19,1
5700,753,2025-12-02 01:31:34,DE,desktop,5.13,0
5701,1246,2025-11-18 15:50:22,DE,tablet,7.33,0
5702,761,2025-11-27 09:04:20,DE,tablet,32.07,1
5703,555,2025-12-01 11:03:33,US,mobile,2.62,1
5704,863,2025-12-06 03:51:39,CA,desktop,14.62,0
5705,624,2025-11-16 12:50:42,CA,desktop,7.31,1
5706,1630,2025-11-28 09:43:31,US,desktop,5.68,0
5707,823,2025-12-08 06:58:59,GB,desktop,2.2,0
5708,642,2025-11-25 11:18:53,GB,mobile,11.68,0
5709,1072,2025-11-12 04:28:25,CA,tablet,3.11,0
5710,1516,2025-11-18 19:20:14,CA,desktop,12.14,0
5711,548,2025-12-04 19:26:53,GB,desktop,21.01,0
5712,1879,2025-12-04 17:31:12,DE,mobile,3.42,0
5713,927,2025-11-20 09:40:05,GB,mobile,14.89,0
5714,1322,2025-11-16 20:58:47,US,desktop,7.5,0
5715,1914,2025-11-19 17:18:28,GB,desktop,2.1,0
5716,863,2025-11-18 05:38:14,US,mobile,3.59,0
5717,400,2025-12-03 04:43:46,CA,mobile,8.22,1
5718,1495,2025-12-06 05:10:35,DE,desktop,9.4,0
5719,14,2025-11-12 08:47:06,US,tablet,2.86,0
5720,916,2025-12-03 04:53:29,IN,mobile,7.53,1
5721,1960,2025-12-03 13:00:06,GB,mobile,12.11,0
5722,829,2025-11-29 08:30:06,IN,mobile,13.45,0
5723,1368,2025-12-07 02:33:52,CA,mobile,5.77,0
5724,1051,2025-11-12 03:15:20,CA,mobile,9.61,0
5725,430,2025-12-01 23:03:15,CA,mobile,14.06,0
5726,636,2025-11-14 18:51:29,GB,desktop,12.32,0
5727,1047,2025-12-07 21:04:37,US,mobile,12.61,0
5728,209,2025-11-25 23:12:07,US,mobile,7.91,0
5729,830,2025-11-13 16:39:16,US,tablet,6.98,0
5730,830,2025-12-03 08:35:48,DE,mobile,8.7,0
5731,1669,2025-12-03 10:40:12,DE,desktop,4.67,0
5732,248,2025-11-24 21:23:07,CA,mobile,14.4,0
5733,1685,2025-11-20 06:44:14,US,desktop,2.95,0
5734,821,2025-11-11 11:41:01,GB,desktop,5.46,1
5735,1303,2025-12-08 04:57:58,DE,mobile,7.23,0
5736,1114,2025-11-16 11:54:25,DE,desktop,9.79,0
5737,600,2025-12-06 05:58:16,IN,desktop,10.96,0
5738,1861,2025-11-28 15:08:41,US,mobile,18.05,0
5739,449,2025-12-01 12:34:44,IN,desktop,7.74,0
5740,73,2025-12-01 19:04:08,US,mobile,4.8,1
5741,1500,2025-12-06 17:03:28,IN,mobile,6.77,0
5742,1243,2025-11-11 23:18:04,CA,tablet,6.1,0
5743,1781,2025-12-10 16:53:06,US,mobile,10.09,0
5744,916,2025-11-12 06:25:53,US,mobile,3.9,0
5745,34,2025-12-10 22:33:30,DE,mobile,6.65,0
5746,41,2025-11-18 19:22:33,US,tablet,19.56,0
5747,867,2025-12-06 08:14:43,CA,mobile,8.23,0
5748,499,2025-11-13 11:21:14,DE,mobile,3.93,0
5749,1844,2025-11-24 19:05:52,IN,desktop,6.03,0
5750,237,2025-11-27 05:26:02,GB,desktop,1.94,0
5751,1761,2025-12-09 14:20:47,GB,mobile,7.13,0
5752,434,2025-11-14 16:17:53,GB,tablet,19.86,0
5753,239,2025-11-12 01:29:56,CA,mobile,3.63,0
5754,549,2025-11-30 09:57:02,DE,desktop,3.08,0
5755,289,2025-11-12 10:41:17,GB,desktop,4.99,0
5756,803,2025-12-04 06:50:06,US,mobile,12.84,0
5757,661,2025-11-12 02:49:41,IN,desktop,20.55,0
5758,1058,2025-12-10 02:00:17,DE,mobile,9.67,0
5759,1074,2025-11-26 22:47:01,DE,mobile,3.42,0
5760,2,2025-12-09 10:05:08,GB,mobile,7.29,0
5761,250,2025-11-14 18:25:06,IN,mobile,21.62,0
5762,324,2025-11-19 04:03:20,US,desktop,6.13,0
5763,390,2025-11-24 14:44:55,IN,mobile,8.04,0
5764,188,2025-11-11 20:24:27,DE,tablet,8.54,0
5765,629,2025-11-14 01:20:27,GB,mobile,2.92,0
5766,1099,2025-11-20 20:24:34,GB,tablet,13.45,0
5767,618,2025-12-03 01:54:14,IN,desktop,12.33,0
5768,658,2025-12-02 05:20:18,CA,mobile,2.23,0
5769,939,2025-11-13 13:44:05,DE,mobile,3.33,0
5770,1097,2025-11-12 18:17:22,CA,desktop,4.13,0
5771,662,2025-11-30 15:34:27,US,mobile,11.58,1
5772,444,2025-11-21 18:13:33,CA,mobile,4.71,0
5773,819,2025-12-04 17:33:40,US,desktop,9.4,0
5774,49,2025-11-19 21:49:03,GB,tablet,6.63,0
5775,985,2025-11-21 20:28:16,IN,desktop,7.71,0
5776,1882,2025-11-17 13:09:41,GB,desktop,9.95,0
5777,796,2025-11-18 23:06:50,CA,mobile,8.7,0
5778,217,2025-12-02 03:38:48,CA,desktop,7.31,0
5779,1414,2025-11-25 02:31:18,IN,mobile,8.99,0
5780,254,2025-11-30 17:46:57,IN,desktop,8.42,1
5781,388,2025-11-13 07:51:48,DE,desktop,6.52,0
5782,293,2025-11-27 00:47:18,DE,mobile,5.7,0
5783,1767,2025-11-24 17:27:27,IN,tablet,22.83,0
5784,1962,2025-12-08 06:59:25,CA,mobile,5.67,0
5785,1139,2025-11-23 16:08:20,US,desktop,16.78,0
5786,1235,2025-11-14 01:29:33,GB,mobile,4.9,0
5787,1291,2025-12-01 21:11:54,US,mobile,12.01,0
5788,1220,2025-11-15 11:00:32,US,mobile,21.55,1
5789,1088,2025-12-08 05:45:48,US,tablet,6.03,0
5790,1973,2025-11-22 11:18:59,DE,mobile,4.95,0
5791,1466,2025-12-04 12:05:51,CA,desktop,5.71,0
5792,177,2025-11-30 15:28:04,IN,mobile,7.3,0
5793,784,2025-11-24 21:56:25,IN,desktop,8.96,0
5794,1949,2025-11-28 11:46:11,GB,desktop,7.21,0
5795,807,2025-11-16 10:47:21,US,mobile,5.74,0
5796,408,2025-11-13 04:32:36,IN,mobile,23.87,0
5797,1737,2025-12-03 22:57:58,US,desktop,6.55,0
5798,1246,2025-12-09 17:17:55,DE,mobile,5.09,0
5799,1125,2025-12-06 19:48:52,IN,mobile,12.16,0
5800,840,2025-11-20 02:52:46,GB,mobile,12.28,0
5801,249,2025-11-21 17:00:44,US,mobile,17.24,1
5802,768,2025-11-21 17:41:35,GB,tablet,23.49,0
5803,875,2025-12-02 01:04:23,US,tablet,9.1,0
5804,1862,2025-11-29 16:14:46,DE,desktop,6.22,0
5805,615,2025-12-04 20:41:47,IN,mobile,2.36,0
5806,299,2025-12-09 07:45:07,DE,tablet,4.21,0
5807,855,2025-11-22 17:44:51,IN,desktop,8.37,1
5808,1994,2025-11-30 20:22:05,CA,tablet,3.64,1
5809,964,2025-11-25 23:32:06,DE,mobile,2.85,0
5810,758,2025-12-09 14:40:10,US,mobile,7.69,0
5811,1334,2025-11-21 14:07:05,US,desktop,11.78,0
5812,1297,2025-11-16 14:17:54,CA,tablet,6.37,0
5813,599,2025-11-22 07:59:47,GB,mobile,12.66,0
5814,1935,2025-11-29 12:46:33,DE,mobile,10.7,0
5815,1186,2025-12-09 13:39:16,DE,mobile,14.72,0
5816,116,2025-12-05 20:01:32,DE,tablet,27.22,0
5817,815,2025-11-11 12:27:04,GB,desktop,35.46,0
5818,1845,2025-11-26 05:43:49,GB,tablet,11.46,0
5819,787,2025-11-15 17:48:05,IN,desktop,5.61,0
5820,1136,2025-11-21 19:59:52,US,desktop,7.67,0
5821,1225,2025-12-09 06:52:27,GB,mobile,18.99,0
5822,1409,2025-12-10 12:15:32,IN,mobile,4.32,0
5823,1744,2025-11-15 13:52:48,GB,desktop,17.61,0
5824,299,2025-11-15 04:44:37,GB,desktop,6.67,1
5825,1033,2025-12-01 20:34:38,CA,mobile,8.47,0
5826,1067,2025-11-23 07:06:07,GB,mobile,4.55,0
5827,305,2025-11-23 22:52:19,CA,desktop,3.34,0
5828,1347,2025-12-07 04:03:42,CA,desktop,6.25,0
5829,237,2025-12-08 14:03:45,DE,mobile,16.15,0
5830,913,2025-12-07 23:34:44,US,tablet,4.85,0
5831,661,2025-12-04 10:58:44,GB,mobile,19.44,0
5832,310,2025-12-10 09:06:28,CA,mobile,5.24,0
5833,1644,2025-12-02 13:31:58,US,mobile,3.89,0
5834,488,2025-12-07 12:19:22,IN,mobile,8.6,0
5835,511,2025-11-27 04:18:20,IN,mobile,11.11,0
5836,1708,2025-11-12 11:55:18,CA,desktop,8.27,0
5837,1754,2025-12-05 11:04:58,CA,desktop,8.09,0
5838,69,2025-12-08 20:39:52,GB,mobile,19.33,0
5839,556,2025-11-20 08:05:59,IN,desktop,7.82,0
5840,1418,2025-11-23 19:30:47,DE,tablet,5.57,0
5841,1556,2025-11-28 03:09:15,CA,mobile,3.74,0
5842,1998,2025-11-30 12:23:54,IN,mobile,15.87,1
5843,1109,2025-12-01 05:03:13,US,mobile,5.72,0
5844,15,2025-11-22 19:06:41,CA,desktop,6.07,0
5845,1747,2025-12-06 14:24:39,IN,mobile,13.89,0
5846,322,2025-12-05 09:04:25,US,desktop,25.34,0
5847,242,2025-12-09 05:39:56,US,desktop,8.59,0
5848,1348,2025-11-28 05:53:40,GB,desktop,6.81,0
5849,1208,2025-11-13 07:00:10,DE,mobile,7.36,1
5850,120,2025-12-06 08:01:29,CA,mobile,5.62,0
5851,339,2025-11-13 08:27:58,IN,mobile,5.97,0
5852,1179,2025-11-16 18:44:53,US,desktop,5.99,0
5853,511,2025-11-19 12:33:31,CA,desktop,12.76,0
5854,1368,2025-11-16 12:25:14,DE,desktop,7.01,0
5855,824,2025-12-02 16:19:35,IN,desktop,16.7,0
5856,1176,2025-11-24 04:18:14,US,mobile,6.89,0
5857,950,2025-11-17 13:08:54,CA,mobile,5.93,0
5858,731,2025-11-11 02:39:14,US,mobile,15.91,0
5859,685,2025-11-17 11:02:05,DE,mobile,7.49,0
5860,1394,2025-12-01 18:05:12,IN,mobile,6.85,0
5861,1029,2025-12-04 19:07:26,IN,mobile,7.54,1
5862,1188,2025-11-19 20:23:29,IN,desktop,17.81,0
5863,1155,2025-11-13 03:58:06,GB,mobile,8.88,0
5864,416,2025-11-27 16:29:17,IN,mobile,15.64,0
5865,1826,2025-12-04 10:55:05,GB,mobile,6.42,0
5866,1126,2025-11-13 01:38:07,IN,mobile,14.21,0
5867,1436,2025-12-04 20:01:21,DE,mobile,8.52,0
5868,1763,2025-11-16 02:05:48,DE,mobile,12.55,0
5869,1849,2025-11-18 16:55:28,US,mobile,13.2,0
5870,1333,2025-11-29 15:41:28,CA,tablet,4.2,1
5871,1574,2025-11-12 12:13:16,US,mobile,7.72,1
5872,944,2025-11-20 03:18:35,GB,mobile,13.12,0
5873,1475,2025-11-15 03:13:52,GB,mobile,14.44,0
5874,643,2025-11-17 09:49:57,GB,mobile,15.67,0
5875,1423,2025-12-04 04:04:53,GB,mobile,7.87,0
5876,172,2025-11-17 20:00:08,GB,mobile,18.62,0
5877,1828,2025-11-12 06:33:08,IN,desktop,4.98,0
5878,490,2025-11-17 09:54:09,DE,tablet,3.01,0
5879,1313,2025-11-13 13:41:45,CA,desktop,6.26,0
5880,23,2025-11-29 15:41:07,GB,mobile,15.14,0
5881,312,2025-12-10 03:40:41,GB,mobile,3.85,0
5882,1973,2025-11-15 23:58:13,DE,mobile,3.06,0
5883,1666,2025-12-02 20:00:39,US,desktop,2.63,0
5884,445,2025-11-21 20:22:52,IN,mobile,11.49,0
5885,262,2025-11-13 02:56:49,GB,desktop,3.1,0
5886,1629,2025-12-01 14:30:40,DE,mobile,10.27,1
5887,1980,2025-11-17 06:21:39,US,mobile,6.07,0
5888,338,2025-11-26 09:04:33,CA,mobile,4.65,0
5889,1328,2025-11-26 04:20:55,GB,mobile,4.06,0
5890,567,2025-11-28 21:16:30,IN,desktop,8.36,1
5891,1489,2025-11-15 00:23:32,IN,mobile,4.7,0
5892,837,2025-11-18 11:53:08,IN,mobile,7.37,0
5893,251,2025-12-03 02:07:19,IN,mobile,9.4,0
5894,649,2025-12-08 22:47:14,GB,desktop,10.67,0
5895,1077,2025-11-11 07:40:28,DE,mobile,12.94,0
5896,1596,2025-11-23 09:13:33,IN,desktop,8.16,0
5897,43,2025-12-07 09:50:12,GB,mobile,3.94,0
5898,1915,2025-11-19 13:50:48,GB,desktop,9.77,0
5899,1299,2025-11-24 09:30:56,IN,desktop,10.95,0
5900,1750,2025-12-08 02:20:51,CA,mobile,6.63,0
5901,1860,2025-12-10 00:53:14,CA,mobile,6.22,0
5902,308,2025-11-30 15:02:28,GB,mobile,32.63,1
5903,188,2025-12-01 19:00:41,GB,mobile,3.4,0
5904,1553,2025-11-29 09:16:25,US,desktop,9.94,1
5905,376,2025-11-19 11:26:40,IN,mobile,13.84,0
5906,296,2025-12-07 13:40:54,GB,mobile,6.02,0
5907,937,2025-11-11 23:45:57,CA,desktop,6.68,0
5908,1826,2025-11-12 17:22:54,IN,desktop,5.81,0
5909,1591,2025-11-29 00:31:35,GB,mobile,7.39,0
5910,1036,2025-12-06 02:21:43,CA,desktop,12.68,0
5911,393,2025-12-05 09:29:04,CA,mobile,6.56,0
5912,673,2025-12-01 07:17:42,GB,desktop,47.77,0
5913,1377,2025-11-22 06:09:54,US,mobile,5.63,0
5914,314,2025-11-21 18:25:39,GB,desktop,16.89,0
5915,1049,2025-11-23 17:42:13,GB,mobile,10.24,0
5916,24,2025-11-18 15:48:20,IN,mobile,7.89,1
5917,650,2025-11-23 13:00:50,CA,desktop,17.86,0
5918,496,2025-11-14 02:41:34,CA,mobile,2.83,0
5919,1362,2025-11-20 13:32:21,DE,mobile,9.54,0
5920,1828,2025-12-09 04:48:22,CA,mobile,4.81,0
5921,293,2025-12-02 04:13:22,US,mobile,5.69,0
5922,1594,2025-11-15 05:24:34,US,mobile,5.53,0
5923,1312,2025-11-19 13:21:04,CA,mobile,4.14,0
5924,1939,2025-11-18 18:01:42,DE,mobile,2.74,0
5925,1823,2025-11-19 10:02:13,GB,desktop,9.33,0
5926,202,2025-12-01 16:49:47,DE,tablet,7.1,0
5927,1486,2025-12-07 19:38:23,US,mobile,6.17,0
5928,1184,2025-12-02 06:32:33,DE,mobile,11.65,1
5929,227,2025-11-25 14:53:58,CA,mobile,9.69,0
5930,515,2025-11-15 18:59:10,IN,mobile,6.3,0
5931,1853,2025-11-15 06:06:46,DE,desktop,46.09,0
5932,1086,2025-12-05 09:24:25,DE,desktop,13.61,0
5933,677,2025-12-01 07:07:23,CA,desktop,32.04,0
5934,641,2025-11-26 06:38:22,IN,tablet,5.76,0
5935,1675,2025-11-28 06:48:39,GB,mobile,8.58,0
5936,567,2025-12-06 10:07:17,GB,desktop,3.51,0
5937,318,2025-12-05 09:10:44,GB,mobile,6.06,0
5938,1148,2025-11-13 14:04:41,US,tablet,5.21,0
5939,1985,2025-11-22 19:42:36,DE,mobile,44.58,0
5940,367,2025-11-12 06:04:13,GB,mobile,4.88,1
5941,511,2025-11-22 12:17:08,DE,desktop,6.42,0
5942,938,2025-11-30 01:51:57,US,mobile,3.09,0
5943,400,2025-11-17 05:16:58,GB,tablet,10.18,0
5944,1301,2025-11-15 11:14:59,GB,desktop,4.31,0
5945,507,2025-11-25 16:42:12,US,desktop,12.82,0
5946,257,2025-11-26 17:11:45,CA,mobile,2.53,0
5947,523,2025-12-02 09:23:09,IN,mobile,6.87,0
5948,1861,2025-11-11 09:23:27,CA,desktop,2.44,1
5949,1869,2025-11-18 09:46:50,CA,mobile,5.51,0
5950,1011,2025-12-04 08:46:54,US,mobile,6.22,0
5951,801,2025-12-01 10:15:27,CA,tablet,5.16,0
5952,1639,2025-12-07 22:53:40,US,tablet,5.47,0
5953,389,2025-12-05 09:52:01,CA,tablet,13.23,0
5954,1308,2025-12-06 03:13:42,DE,mobile,27.24,0
5955,1360,2025-11-26 06:53:51,CA,mobile,9.06,0
5956,1420,2025-12-09 17:14:48,IN,tablet,4.41,1
5957,436,2025-11-23 10:42:38,US,mobile,7.68,0
5958,1432,2025-12-08 01:27:42,US,mobile,5.97,0
5959,1224,2025-11-22 17:21:49,US,mobile,12.6,0
5960,1750,2025-11-24 06:55:32,CA,desktop,8.78,0
5961,349,2025-12-01 12:54:12,IN,mobile,2.87,0
5962,1227,2025-11-22 22:02:36,GB,mobile,14.28,0
5963,1659,2025-11-15 09:08:41,US,mobile,13.2,1
5964,557,2025-12-07 20:29:06,US,mobile,18.12,1
5965,1487,2025-11-24 13:20:24,GB,desktop,5.42,0
5966,199,2025-12-08 18:37:43,DE,desktop,8.85,0
5967,1436,2025-11-22 22:35:45,CA,desktop,3.63,0
5968,1212,2025-12-10 03:40:28,DE,mobile,7.17,1
5969,385,2025-11-29 01:19:24,CA,mobile,9.38,0
5970,133,2025-12-04 00:25:16,GB,mobile,5.04,0
5971,1491,2025-12-03 15:13:02,GB,tablet,9.07,0
5972,483,2025-11-17 00:39:53,DE,mobile,8.17,0
5973,995,2025-12-05 10:22:57,US,mobile,5.64,0
5974,122,2025-12-09 07:35:59,CA,mobile,17.09,0
5975,1927,2025-11-30 19:14:53,DE,tablet,6.42,0
5976,1098,2025-12-09 09:10:28,US,desktop,8.0,0
5977,1863,2025-12-06 08:24:56,US,mobile,3.06,0
5978,321,2025-11-30 22:50:50,DE,desktop,10.09,0
5979,412,2025-11-25 06:49:17,DE,mobile,5.55,0
5980,1221,2025-12-06 16:28:28,GB,desktop,13.12,0
5981,1209,2025-11-16 12:47:27,DE,tablet,3.36,0
5982,1581,2025-11-27 19:16:47,IN,desktop,9.57,1
5983,1856,2025-12-05 10:33:20,DE,desktop,2.0,1
5984,1643,2025-12-09 07:00:15,IN,mobile,10.69,1
5985,281,2025-11-18 23:33:27,IN,mobile,6.65,1
5986,619,2025-11-13 18:52:01,GB,desktop,9.39,0
5987,1827,2025-11-20 23:15:07,US,desktop,5.15,0
5988,1098,2025-12-06 21:17:11,US,mobile,4.18,0
5989,1734,2025-11-26 16:23:24,US,mobile,5.69,0
5990,1126,2025-11-12 15:11:43,CA,mobile,8.29,0
5991,100,2025-11-14 13:10:25,IN,mobile,10.44,0
5992,946,2025-11-21 03:23:23,GB,desktop,8.87,0
5993,1649,2025-11-21 06:00:04,CA,mobile,4.21,0
5994,1310,2025-11-15 00:40:02,CA,desktop,22.26,1
5995,266,2025-11-25 19:00:59,GB,mobile,9.02,0
5996,420,2025-11-25 08:12:36,GB,desktop,5.09,0
5997,1708,2025-11-16 22:44:04,IN,tablet,9.53,1
5998,1958,2025-11-17 22:27:00,CA,desktop,8.62,0
5999,1506,2025-11-30 21:37:05,DE,desktop,6.65,0
6000,197,2025-12-09 12:43:29,IN,mobile,6.2,1
6001,1238,2025-12-10 20:42:41,GB,mobile,13.34,0
6002,1658,2025-11-27 17:56:38,GB,desktop,20.84,0
6003,1280,2025-11-12 02:57:05,US,desktop,2.18,0
6004,1188,2025-12-07 21:35:56,DE,desktop,15.46,0
6005,935,2025-12-09 11:36:29,CA,desktop,7.48,0
6006,490,2025-11-19 07:26:05,DE,mobile,8.52,0
6007,562,2025-11-22 23:29:26,GB,mobile,16.63,0
6008,1491,2025-11-11 17:56:11,IN,tablet,1.5,0
6009,140,2025-12-05 00:05:57,CA,mobile,12.05,1
6010,169,2025-12-04 05:42:15,IN,desktop,15.95,0
6011,793,2025-11-11 14:05:04,CA,mobile,4.89,0
6012,1549,2025-12-02 00:56:40,IN,tablet,3.2,1
6013,1314,2025-11-23 07:47:15,IN,desktop,19.77,0
6014,1180,2025-11-27 07:59:12,IN,mobile,2.58,0
6015,1068,2025-11-17 12:26:02,GB,desktop,9.5,0
6016,222,2025-12-05 10:16:46,IN,mobile,13.65,0
6017,664,2025-11-23 02:24:18,GB,mobile,9.37,1
6018,159,2025-12-06 04:05:36,DE,desktop,10.37,0
6019,1516,2025-11-15 09:59:17,DE,mobile,6.3,0
6020,1501,2025-11-28 14:31:23,GB,mobile,9.75,0
6021,516,2025-11-20 06:32:38,CA,desktop,4.83,0
6022,586,2025-12-09 22:42:02,IN,tablet,5.22,0
6023,635,2025-11-27 16:11:26,CA,mobile,7.55,0
6024,1778,2025-12-02 13:25:31,DE,desktop,2.93,0
6025,977,2025-11-13 13:17:18,CA,mobile,10.45,0
6026,1524,2025-12-01 06:34:58,CA,mobile,1.67,0
6027,898,2025-11-14 00:00:32,GB,desktop,9.19,0
6028,1396,2025-11-21 19:27:23,GB,mobile,9.72,1
6029,1057,2025-11-17 15:25:02,CA,desktop,4.59,0
6030,557,2025-11-11 00:51:32,GB,desktop,3.52,1
6031,1752,2025-11-28 13:21:36,DE,tablet,5.78,0
6032,1418,2025-11-18 04:42:41,US,desktop,10.85,0
6033,1538,2025-11-26 08:17:26,CA,mobile,9.09,0
6034,1896,2025-12-03 21:15:19,DE,desktop,3.79,0
6035,498,2025-11-16 07:30:23,IN,desktop,7.87,0
6036,184,2025-12-02 06:20:24,IN,mobile,8.65,0
6037,1164,2025-11-19 21:05:40,DE,desktop,8.43,0
6038,652,2025-11-20 21:34:07,GB,desktop,4.09,0
6039,872,2025-11-28 06:40:10,GB,mobile,8.11,0
6040,470,2025-11-29 17:39:09,GB,mobile,12.82,1
6041,797,2025-11-30 15:07:04,US,mobile,10.2,0
6042,787,2025-11-16 19:50:23,CA,mobile,9.46,0
6043,701,2025-11-28 08:33:16,DE,desktop,19.8,0
6044,1484,2025-11-18 21:02:41,IN,mobile,8.17,1
6045,1185,2025-11-19 06:36:55,CA,desktop,4.46,0
6046,949,2025-12-09 09:21:59,DE,desktop,4.47,0
6047,226,2025-11-13 23:53:46,IN,mobile,8.21,0
6048,1141,2025-11-23 08:43:22,US,mobile,3.12,1
6049,350,2025-11-24 03:31:34,IN,mobile,6.13,0
6050,628,2025-11-18 07:37:25,US,mobile,9.76,0
6051,830,2025-12-04 12:41:40,DE,mobile,14.92,0
6052,283,2025-11-25 13:57:02,US,mobile,2.93,0
6053,779,2025-12-02 13:12:16,IN,desktop,7.84,0
6054,534,2025-11-22 13:53:03,GB,desktop,7.09,0
6055,1699,2025-12-07 20:54:30,US,mobile,7.56,0
6056,1719,2025-12-02 20:29:37,IN,mobile,8.04,0
6057,10,2025-11-20 23:07:40,GB,desktop,7.25,1
6058,1205,2025-12-09 19:57:22,GB,mobile,17.04,0
6059,1281,2025-12-06 22:04:26,CA,desktop,15.59,0
6060,756,2025-11-28 17:17:01,GB,mobile,26.73,0
6061,938,2025-11-11 11:04:33,IN,tablet,7.34,0
6062,1580,2025-11-28 16:51:31,US,mobile,5.78,0
6063,756,2025-12-01 16:38:26,GB,mobile,4.13,0
6064,129,2025-11-21 21:54:47,GB,mobile,5.41,1
6065,745,2025-11-15 06:50:12,DE,mobile,11.34,0
6066,508,2025-11-27 21:46:01,US,desktop,12.44,0
6067,766,2025-12-05 00:19:18,CA,mobile,11.08,1
6068,460,2025-11-20 13:08:58,US,mobile,4.96,0
6069,300,2025-11-24 15:46:34,DE,mobile,4.98,0
6070,1970,2025-11-11 00:01:08,US,desktop,23.9,0
6071,258,2025-12-02 02:00:32,CA,desktop,4.49,0
6072,1412,2025-12-06 22:49:19,DE,mobile,17.29,0
6073,1435,2025-12-04 06:12:20,CA,desktop,9.42,0
6074,1235,2025-11-23 20:25:57,CA,desktop,4.76,0
6075,1823,2025-11-12 07:42:19,CA,mobile,3.63,0
6076,10,2025-11-25 17:32:11,DE,mobile,4.89,0
6077,603,2025-12-09 04:20:16,CA,mobile,9.49,0
6078,369,2025-11-13 11:21:12,US,mobile,4.28,0
6079,1154,2025-11-17 09:15:40,DE,desktop,18.78,0
6080,1271,2025-12-06 01:57:08,CA,mobile,6.52,0
6081,1795,2025-11-28 00:20:15,GB,mobile,11.25,0
6082,760,2025-11-16 01:52:31,CA,desktop,10.72,0
6083,472,2025-11-11 16:42:01,IN,mobile,19.55,1
6084,1848,2025-11-23 06:52:48,IN,desktop,5.68,0
6085,1346,2025-11-28 19:34:29,GB,desktop,7.87,0
6086,1529,2025-12-06 04:13:26,US,mobile,3.19,0
6087,890,2025-12-07 11:33:40,CA,mobile,7.86,0
6088,895,2025-11-24 16:50:11,DE,mobile,14.64,0
6089,778,2025-11-23 15:25:12,IN,tablet,8.43,1
6090,1499,2025-12-08 21:39:44,CA,mobile,29.59,0
6091,422,2025-12-04 06:35:19,US,desktop,10.09,0
6092,1950,2025-11-17 05:56:20,DE,tablet,5.34,0
6093,352,2025-12-01 09:44:55,IN,mobile,9.71,1
6094,922,2025-12-02 10:12:01,DE,desktop,3.07,0
6095,629,2025-11-17 23:38:40,US,mobile,4.58,0
6096,1285,2025-12-10 07:23:30,DE,mobile,3.56,1
6097,1361,2025-11-19 20:57:36,DE,tablet,7.46,0
6098,1837,2025-11-27 10:57:16,CA,mobile,7.13,0
6099,1578,2025-11-25 18:43:01,GB,desktop,15.23,1
6100,498,2025-12-01 17:36:18,US,desktop,6.96,0
6101,414,2025-12-08 00:25:30,US,mobile,4.05,0
6102,1773,2025-11-22 18:21:21,US,mobile,18.83,0
6103,976,2025-11-22 12:05:42,GB,mobile,1.26,0
6104,195,2025-12-03 12:11:44,CA,mobile,7.56,1
6105,1650,2025-12-09 12:52:07,US,desktop,8.42,0
6106,1297,2025-12-08 05:37:19,US,mobile,7.34,0
6107,52,2025-12-03 13:13:06,US,tablet,9.97,0
6108,1565,2025-12-02 01:25:58,GB,mobile,7.9,0
6109,1215,2025-12-04 00:43:03,DE,mobile,9.97,0
6110,1229,2025-12-09 01:06:05,GB,mobile,5.15,0
6111,1730,2025-11-11 06:53:35,IN,mobile,3.08,1
6112,991,2025-11-28 15:03:45,GB,mobile,7.19,0
6113,923,2025-11-11 23:44:12,CA,mobile,3.99,0
6114,1235,2025-11-28 06:46:18,US,desktop,4.77,0
6115,396,2025-11-22 19:25:56,GB,mobile,14.83,0
6116,304,2025-11-20 02:33:52,IN,mobile,18.82,0
6117,1687,2025-12-07 16:44:42,CA,mobile,14.67,0
6118,431,2025-12-02 06:09:52,IN,mobile,13.12,0
6119,1009,2025-11-27 23:46:19,US,mobile,7.66,0
6120,540,2025-12-07 10:14:18,IN,desktop,13.59,0
6121,461,2025-11-13 21:43:16,GB,mobile,9.15,0
6122,1195,2025-11-30 08:34:49,GB,mobile,23.77,0
6123,1604,2025-11-15 15:43:41,CA,mobile,4.26,1
6124,884,2025-11-17 23:01:15,CA,mobile,11.06,0
6125,278,2025-11-16 12:32:42,GB,tablet,3.46,0
6126,489,2025-11-27 06:59:28,IN,desktop,11.1,0
6127,329,2025-11-29 20:08:39,IN,desktop,2.63,0
6128,1765,2025-12-03 15:30:27,CA,mobile,3.57,0
6129,639,2025-11-24 04:28:54,CA,mobile,3.42,0
6130,748,2025-12-09 03:34:27,GB,mobile,8.6,0
6131,143,2025-11-22 04:12:26,US,desktop,9.14,0
6132,892,2025-11-15 15:58:54,US,mobile,32.15,0
6133,1827,2025-11-12 01:31:24,US,mobile,7.0,0
6134,819,2025-11-14 19:01:50,DE,desktop,11.75,0
6135,1302,2025-11-24 07:43:05,DE,desktop,8.14,0
6136,364,2025-11-23 08:33:07,CA,mobile,11.17,0
6137,286,2025-12-06 14:16:36,US,mobile,8.05,0
6138,1463,2025-11-14 17:40:22,US,tablet,14.29,0
6139,132,2025-11-18 20:06:35,US,mobile,3.93,0
6140,897,2025-12-10 09:08:29,DE,tablet,1.7,0
6141,634,2025-11-11 19:47:56,US,mobile,9.49,0
6142,33,2025-11-23 16:43:54,DE,tablet,2.5,0
6143,1062,2025-11-16 21:57:46,CA,tablet,16.23,0
6144,1928,2025-11-26 23:25:56,US,mobile,5.32,1
6145,139,2025-12-10 04:15:48,DE,desktop,3.96,0
6146,1631,2025-11-17 18:44:09,IN,mobile,37.35,0
6147,1078,2025-11-22 01:53:49,CA,mobile,7.31,0
6148,1447,2025-11-24 10:36:12,GB,mobile,6.51,1
6149,194,2025-12-04 22:08:53,GB,desktop,11.57,1
6150,1738,2025-12-10 12:12:44,US,mobile,12.05,0
6151,23,2025-11-13 20:44:19,DE,mobile,14.64,0
6152,1813,2025-11-25 15:05:15,CA,tablet,3.32,1
6153,1315,2025-12-03 13:06:14,US,desktop,10.19,0
6154,675,2025-11-11 05:35:09,IN,mobile,6.2,0
6155,15,2025-12-05 03:37:53,DE,mobile,4.25,0
6156,1222,2025-11-18 05:51:09,DE,mobile,7.61,0
6157,175,2025-11-26 12:28:49,CA,mobile,2.49,0
6158,1218,2025-12-10 07:43:12,DE,tablet,12.86,0
6159,1546,2025-11-30 00:31:55,CA,tablet,6.21,0
6160,535,2025-12-10 15:21:40,CA,mobile,5.55,0
6161,478,2025-11-29 01:43:47,CA,mobile,6.8,0
6162,444,2025-11-17 06:47:16,IN,mobile,6.68,0
6163,450,2025-12-01 17:55:14,IN,mobile,14.65,0
6164,228,2025-11-29 10:13:22,IN,mobile,3.83,0
6165,500,2025-11-20 06:56:50,CA,mobile,5.87,0
6166,1318,2025-11-13 06:36:24,GB,mobile,6.49,0
6167,605,2025-11-30 09:56:33,DE,mobile,3.9,0
6168,1562,2025-11-28 06:59:26,DE,desktop,8.13,0
6169,1638,2025-12-04 04:14:40,US,desktop,4.79,0
6170,1522,2025-11-14 17:53:44,IN,mobile,3.18,0
6171,1079,2025-11-27 03:07:48,US,mobile,10.13,0
6172,633,2025-12-05 12:40:08,DE,desktop,18.7,0
6173,1859,2025-12-07 16:55:46,IN,mobile,7.61,0
6174,411,2025-12-09 03:43:36,GB,desktop,6.95,0
6175,929,2025-11-17 07:50:32,US,mobile,6.86,0
6176,907,2025-11-16 03:46:59,US,tablet,5.42,0
6177,1491,2025-11-28 05:57:30,DE,mobile,14.91,0
6178,1094,2025-11-24 20:23:07,CA,desktop,7.82,0
6179,1599,2025-11-17 23:57:05,GB,mobile,2.0,0
6180,1838,2025-11-14 00:42:13,CA,desktop,15.17,1
6181,781,2025-11-15 06:39:03,IN,mobile,13.1,1
6182,1749,2025-11-21 03:24:48,GB,mobile,10.6,0
6183,340,2025-12-03 03:39:55,IN,desktop,1.41,0
6184,1832,2025-11-12 22:06:11,DE,mobile,7.38,0
6185,356,2025-11-14 02:58:29,CA,mobile,12.63,0
6186,1700,2025-11-18 21:42:22,IN,mobile,9.28,0
6187,781,2025-12-07 04:19:36,GB,desktop,8.36,0
6188,1929,2025-12-10 16:11:37,DE,desktop,12.65,0
6189,259,2025-11-24 04:09:10,IN,mobile,8.03,0
6190,931,2025-11-12 07:20:49,GB,desktop,15.21,0
6191,1803,2025-11-11 07:49:43,IN,tablet,8.14,0
6192,95,2025-12-06 17:41:23,IN,desktop,7.76,0
6193,530,2025-11-24 07:28:21,US,mobile,12.62,0
6194,168,2025-11-13 06:59:55,US,mobile,5.82,0
6195,643,2025-12-05 23:18:00,DE,mobile,3.83,0
6196,781,2025-11-26 20:06:38,US,mobile,7.41,0
6197,1238,2025-11-21 11:03:31,IN,mobile,10.53,0
6198,516,2025-11-24 12:45:32,DE,desktop,12.87,0
6199,318,2025-11-17 17:16:56,GB,desktop,12.92,0
6200,340,2025-12-08 21:57:07,GB,desktop,7.09,0
6201,1876,2025-12-04 14:25:21,CA,mobile,6.67,0
6202,1906,2025-11-16 22:32:55,US,mobile,5.18,0
6203,443,2025-12-03 00:21:44,DE,desktop,8.58,0
6204,391,2025-11-16 08:36:13,US,mobile,2.76,0
6205,109,2025-11-24 13:35:58,CA,tablet,7.49,1
6206,1918,2025-12-03 10:18:24,IN,mobile,40.85,0
6207,1412,2025-11-12 01:25:14,US,mobile,3.0,0
6208,1521,2025-12-02 17:45:02,DE,desktop,8.12,0
6209,581,2025-11-17 17:54:57,US,desktop,9.27,1
6210,1282,2025-12-01 22:38:37,GB,mobile,10.01,0
6211,120,2025-11-25 22:38:01,IN,desktop,4.14,0
6212,1352,2025-11-11 18:02:39,DE,mobile,10.07,0
6213,1159,2025-12-03 19:47:32,IN,mobile,5.36,0
6214,663,2025-11-18 18:24:13,CA,mobile,3.14,0
6215,1421,2025-12-09 12:54:10,IN,desktop,13.08,1
6216,1293,2025-12-06 03:57:26,GB,desktop,11.01,0
6217,878,2025-11-16 18:04:25,GB,mobile,4.14,0
6218,374,2025-11-28 23:51:02,CA,desktop,5.33,0
6219,48,2025-11-21 19:53:46,DE,desktop,5.22,0
6220,1875,2025-11-29 00:48:47,US,mobile,2.76,0
6221,563,2025-11-27 16:16:30,DE,mobile,11.68,0
6222,604,2025-11-19 20:17:33,IN,mobile,11.94,0
6223,1362,2025-11-30 12:14:34,GB,mobile,6.05,0
6224,511,2025-11-18 18:33:26,US,tablet,7.27,0
6225,752,2025-12-08 04:31:19,CA,desktop,7.92,0
6226,1422,2025-12-09 08:45:08,US,mobile,8.56,0
6227,1191,2025-11-15 22:41:08,CA,mobile,3.29,0
6228,1313,2025-12-02 19:12:59,US,mobile,9.91,0
6229,10,2025-12-08 20:23:00,IN,mobile,3.65,0
6230,903,2025-11-14 18:34:34,US,mobile,11.12,0
6231,951,2025-12-03 03:45:59,IN,mobile,3.9,0
6232,1265,2025-12-09 02:22:54,CA,mobile,3.39,0
6233,303,2025-11-17 17:18:19,IN,mobile,7.27,0
6234,319,2025-11-28 10:32:21,IN,mobile,7.17,0
6235,1525,2025-12-04 21:40:51,US,mobile,7.86,0
6236,1346,2025-11-20 23:15:13,CA,mobile,4.32,0
6237,1622,2025-11-18 02:27:48,GB,mobile,8.35,0
6238,541,2025-11-22 21:10:23,IN,mobile,8.83,0
6239,1995,2025-11-21 00:42:45,CA,mobile,14.87,0
6240,546,2025-12-02 17:31:26,DE,tablet,8.26,0
6241,1302,2025-11-22 02:18:05,DE,mobile,5.16,0
6242,325,2025-11-22 06:08:56,US,mobile,3.29,1
6243,1837,2025-12-09 07:16:39,IN,mobile,2.95,0
6244,665,2025-11-28 07:55:44,IN,mobile,8.97,0
6245,1605,2025-12-08 20:22:21,US,mobile,11.89,0
6246,663,2025-12-02 06:47:32,GB,desktop,4.33,0
6247,1581,2025-12-07 12:34:51,CA,tablet,8.61,0
6248,908,2025-11-16 19:54:09,CA,mobile,6.66,0
6249,125,2025-12-09 02:43:29,CA,mobile,11.37,0
6250,381,2025-12-09 07:05:11,CA,desktop,12.42,0
6251,1367,2025-11-12 04:35:09,CA,mobile,1.9,0
6252,386,2025-11-21 15:40:37,US,mobile,13.73,0
6253,551,2025-11-23 08:48:10,CA,desktop,8.6,0
6254,1083,2025-11-23 13:10:57,DE,mobile,5.37,0
6255,506,2025-12-04 07:40:58,CA,mobile,5.46,0
6256,258,2025-12-01 22:09:47,DE,mobile,7.53,0
6257,1248,2025-11-17 08:30:32,US,mobile,5.46,0
6258,1378,2025-11-29 05:33:28,IN,tablet,4.21,0
6259,1466,2025-12-10 04:57:52,DE,mobile,4.83,0
6260,1887,2025-11-24 04:07:08,US,mobile,3.96,0
6261,249,2025-12-08 19:32:47,IN,mobile,16.58,0
6262,854,2025-11-30 11:02:49,DE,mobile,7.64,0
6263,468,2025-12-08 17:12:16,IN,mobile,28.55,0
6264,1802,2025-12-08 01:16:08,DE,mobile,9.23,0
6265,1080,2025-11-11 11:14:17,US,mobile,10.52,0
6266,197,2025-12-04 23:26:13,GB,mobile,3.91,0
6267,1384,2025-11-16 15:22:43,CA,desktop,6.48,0
6268,86,2025-12-05 16:41:57,IN,mobile,7.72,0
6269,549,2025-12-05 05:00:14,US,tablet,5.04,0
6270,1443,2025-11-18 17:17:12,US,mobile,5.59,0
6271,1012,2025-11-12 22:54:35,IN,mobile,9.51,0
6272,1522,2025-11-23 13:12:11,CA,tablet,9.62,1
6273,1142,2025-11-20 01:22:31,US,desktop,3.31,0
6274,1686,2025-11-27 13:58:57,US,mobile,8.76,0
6275,1125,2025-11-13 10:17:12,GB,mobile,10.3,0
6276,114,2025-11-12 07:03:00,GB,desktop,5.19,0
6277,143,2025-11-24 01:58:30,US,mobile,4.88,0
6278,1554,2025-12-04 01:28:59,GB,mobile,9.63,0
6279,78,2025-11-20 10:00:52,DE,mobile,1.58,0
6280,753,2025-11-20 16:07:35,CA,desktop,7.4,0
6281,33,2025-11-15 21:19:39,GB,mobile,19.7,1
6282,607,2025-11-19 10:42:07,DE,mobile,1.56,0
6283,1190,2025-11-19 22:21:02,CA,tablet,12.11,0
6284,346,2025-11-18 17:55:22,US,mobile,10.24,0
6285,932,2025-11-21 06:40:58,CA,desktop,3.12,1
6286,1992,2025-11-19 11:15:57,US,mobile,10.1,0
6287,141,2025-12-01 09:25:20,DE,desktop,13.48,0
6288,128,2025-11-21 02:36:12,DE,mobile,3.65,0
6289,543,2025-12-03 14:39:27,CA,mobile,4.83,0
6290,1654,2025-11-29 02:42:23,IN,mobile,7.51,1
6291,812,2025-11-30 04:22:52,DE,desktop,13.28,0
6292,1279,2025-11-28 11:23:59,US,mobile,5.34,0
6293,68,2025-12-08 15:41:44,IN,mobile,7.2,0
6294,1470,2025-11-18 15:20:42,CA,mobile,4.96,0
6295,135,2025-12-10 10:33:00,US,desktop,7.5,0
6296,1423,2025-11-17 03:51:29,US,desktop,13.85,0
6297,296,2025-11-15 02:45:28,DE,mobile,7.87,1
6298,1717,2025-12-05 18:12:38,IN,mobile,5.96,0
6299,592,2025-12-07 20:19:24,IN,desktop,7.25,0
6300,368,2025-11-13 17:59:36,GB,mobile,4.57,0
6301,674,2025-11-28 23:04:41,US,mobile,4.07,0
6302,2,2025-11-26 08:27:54,DE,mobile,15.21,0
6303,331,2025-11-17 13:42:47,GB,mobile,19.74,0
6304,1197,2025-11-26 14:02:11,DE,tablet,2.52,0
6305,602,2025-12-01 12:59:52,IN,mobile,10.48,0
6306,708,2025-11-28 04:36:40,GB,mobile,12.37,0
6307,1614,2025-11-26 13:27:29,GB,desktop,3.57,0
6308,248,2025-12-07 12:54:03,DE,mobile,5.57,0
6309,792,2025-11-17 17:36:52,GB,tablet,5.23,0
6310,373,2025-11-29 16:27:02,CA,mobile,23.12,0
6311,966,2025-11-20 11:09:45,IN,tablet,19.91,0
6312,664,2025-12-10 04:14:56,CA,desktop,4.25,0
6313,93,2025-11-18 12:20:47,IN,desktop,3.08,1
6314,141,2025-12-07 02:36:25,IN,mobile,11.75,0
6315,1704,2025-11-29 22:21:53,IN,desktop,10.24,0
6316,114,2025-11-17 09:50:44,IN,desktop,15.59,0
6317,1565,2025-12-03 17:29:25,IN,mobile,3.91,0
6318,1832,2025-11-18 04:53:05,CA,mobile,11.41,0
6319,932,2025-11-18 20:06:03,DE,desktop,4.76,0
6320,624,2025-11-21 07:28:12,US,tablet,10.74,0
6321,1552,2025-12-01 10:04:50,US,desktop,7.23,0
6322,1964,2025-11-22 17:07:23,US,mobile,23.11,1
6323,241,2025-11-28 01:00:42,DE,desktop,9.66,0
6324,1928,2025-11-27 13:23:21,GB,mobile,6.12,0
6325,1887,2025-11-16 20:48:20,GB,mobile,8.03,0
6326,285,2025-11-17 22:38:30,CA,desktop,6.96,0
6327,110,2025-11-20 04:08:37,US,desktop,3.7,0
6328,1430,2025-11-17 15:19:16,US,desktop,23.45,1
6329,156,2025-12-08 12:43:22,US,mobile,19.28,1
6330,1202,2025-11-22 09:50:00,GB,mobile,6.65,0
6331,130,2025-11-23 02:44:35,US,desktop,11.25,0
6332,1381,2025-12-01 03:05:21,DE,mobile,25.3,0
6333,464,2025-12-04 14:38:57,DE,tablet,15.52,0
6334,193,2025-12-01 14:40:59,US,tablet,6.14,0
6335,134,2025-11-27 12:04:50,IN,desktop,7.01,0
6336,377,2025-12-10 06:02:12,GB,desktop,2.64,1
6337,1081,2025-12-07 23:07:05,US,mobile,11.76,0
6338,154,2025-11-17 00:58:18,IN,mobile,15.58,0
6339,1604,2025-11-15 18:27:15,DE,desktop,15.64,1
6340,1208,2025-11-22 18:05:28,GB,mobile,11.25,1
6341,595,2025-12-06 00:42:02,DE,desktop,9.13,0
6342,1973,2025-12-09 21:48:02,CA,mobile,4.06,0
6343,1317,2025-12-02 01:07:26,US,desktop,8.95,0
6344,1344,2025-12-01 16:02:20,US,mobile,5.06,0
6345,348,2025-11-17 23:29:39,GB,desktop,10.13,0
6346,1421,2025-11-28 17:40:23,CA,mobile,4.67,0
6347,1118,2025-11-16 11:56:35,US,desktop,10.09,0
6348,1969,2025-11-27 03:46:40,IN,tablet,16.34,1
6349,956,2025-11-16 18:43:58,IN,mobile,9.27,0
6350,1356,2025-11-13 05:36:00,US,mobile,9.0,0
6351,682,2025-12-09 23:40:57,US,mobile,12.78,0
6352,81,2025-12-07 18:27:42,US,mobile,21.37,1
6353,256,2025-12-01 12:39:53,US,desktop,6.93,0
6354,1734,2025-11-29 17:35:47,IN,desktop,10.1,0
6355,1476,2025-11-18 04:01:51,CA,mobile,18.3,0
6356,729,2025-11-28 02:49:59,GB,mobile,11.04,0
6357,1395,2025-12-03 09:51:16,GB,desktop,2.22,0
6358,9,2025-11-27 03:40:22,GB,desktop,4.81,0
6359,75,2025-11-19 10:13:43,CA,mobile,11.6,0
6360,1014,2025-11-22 17:24:39,CA,mobile,5.81,0
6361,1250,2025-12-06 04:43:48,DE,mobile,17.54,1
6362,1874,2025-11-18 14:35:28,IN,desktop,22.53,0
6363,1519,2025-12-09 19:26:31,US,desktop,5.19,0
6364,515,2025-12-03 15:03:52,CA,desktop,3.98,0
6365,1630,2025-12-07 16:12:14,US,desktop,5.95,0
6366,983,2025-11-26 06:07:17,US,desktop,5.75,0
6367,1652,2025-11-17 16:19:26,DE,mobile,18.57,0
6368,348,2025-11-11 23:40:09,US,mobile,3.97,0
6369,53,2025-11-27 00:22:32,US,mobile,11.54,0
6370,116,2025-11-22 22:34:50,IN,tablet,16.99,0
6371,1981,2025-11-14 09:05:00,US,mobile,12.08,1
6372,162,2025-12-08 19:49:38,GB,mobile,9.6,0
6373,1878,2025-12-10 01:49:26,DE,desktop,6.7,0
6374,1454,2025-11-22 04:26:12,US,mobile,22.41,0
6375,292,2025-12-01 00:13:38,DE,mobile,6.38,0
6376,1728,2025-11-23 08:45:37,US,desktop,13.05,0
6377,289,2025-11-25 20:56:08,DE,tablet,6.72,0
6378,287,2025-11-29 16:29:05,US,mobile,2.45,0
6379,1151,2025-11-23 11:03:46,DE,mobile,6.29,0
6380,577,2025-12-05 00:26:19,DE,tablet,6.73,0
6381,582,2025-11-16 15:33:42,DE,desktop,6.78,0
6382,390,2025-12-01 00:31:29,GB,desktop,4.97,0
6383,1215,2025-12-10 11:05:08,GB,mobile,10.76,0
6384,54,2025-12-06 11:16:19,CA,mobile,11.5,0
6385,490,2025-11-12 08:09:05,DE,mobile,6.15,0
6386,1107,2025-11-14 09:17:29,US,mobile,6.12,0
6387,973,2025-11-29 19:55:15,US,desktop,3.93,0
6388,1400,2025-12-08 16:56:21,GB,desktop,8.61,0
6389,433,2025-12-06 06:55:51,DE,desktop,16.89,0
6390,1296,2025-12-08 02:03:23,GB,mobile,16.9,0
6391,1520,2025-11-15 11:02:03,CA,mobile,5.16,0
6392,776,2025-11-26 13:01:11,IN,desktop,24.4,0
6393,514,2025-12-02 17:52:09,CA,mobile,5.95,0
6394,1110,2025-11-29 17:02:49,CA,mobile,4.02,0
6395,1158,2025-12-04 06:41:31,IN,mobile,3.26,0
6396,189,2025-11-17 08:27:29,CA,mobile,3.87,0
6397,1130,2025-11-24 16:18:41,IN,mobile,9.03,0
6398,309,2025-11-24 09:45:17,US,mobile,6.33,0
6399,1138,2025-12-09 03:56:43,GB,desktop,5.06,0
6400,1863,2025-11-17 01:10:45,IN,mobile,4.44,0
6401,1074,2025-11-20 18:13:11,CA,mobile,3.85,0
6402,1523,2025-11-11 15:03:21,CA,mobile,4.33,0
6403,620,2025-11-15 12:29:36,US,mobile,13.59,1
6404,1845,2025-12-10 09:28:58,US,mobile,21.8,0
6405,1625,2025-12-06 09:33:47,IN,mobile,22.63,0
6406,1833,2025-11-18 17:49:05,IN,mobile,11.16,0
6407,1483,2025-12-02 00:43:20,DE,mobile,5.5,0
6408,1299,2025-11-28 18:16:14,GB,tablet,4.95,0
6409,1050,2025-12-08 03:58:09,CA,mobile,11.63,0
6410,1856,2025-11-19 23:24:46,IN,mobile,6.37,1
6411,1696,2025-12-10 19:09:54,GB,tablet,9.46,0
6412,833,2025-11-22 02:04:49,IN,desktop,23.53,1
6413,172,2025-12-02 11:22:15,CA,desktop,8.42,0
6414,8,2025-11-22 21:37:15,GB,mobile,28.98,0
6415,467,2025-12-01 02:44:12,IN,desktop,3.76,1
6416,126,2025-11-21 00:27:59,CA,mobile,9.66,0
6417,423,2025-12-06 06:24:18,US,desktop,8.92,0
6418,219,2025-11-30 02:09:38,IN,desktop,4.09,0
6419,1962,2025-11-19 15:08:58,DE,mobile,11.95,0
6420,191,2025-12-09 19:06:24,CA,tablet,18.51,0
6421,1254,2025-12-02 05:50:25,US,tablet,27.7,0
6422,704,2025-11-23 19:50:59,DE,mobile,9.46,0
6423,349,2025-11-15 01:04:12,CA,mobile,2.36,0
6424,1402,2025-12-10 04:01:40,GB,desktop,9.84,1
6425,1941,2025-12-03 14:49:41,DE,mobile,11.53,0
6426,1581,2025-12-01 00:02:48,IN,mobile,6.42,0
6427,1950,2025-12-05 23:04:24,DE,mobile,8.41,0
6428,1180,2025-11-29 04:22:15,GB,desktop,5.53,0
6429,1347,2025-11-17 22:16:35,US,tablet,6.82,0
6430,293,2025-11-18 01:56:51,CA,mobile,13.61,0
6431,1704,2025-11-13 08:10:00,GB,desktop,17.0,0
6432,1496,2025-11-12 20:32:08,US,desktop,3.45,0
6433,508,2025-12-02 19:52:50,CA,mobile,5.44,0
6434,710,2025-12-06 12:37:32,CA,mobile,2.85,0
6435,1222,2025-11-15 21:15:18,DE,mobile,22.26,0
6436,26,2025-11-28 04:29:56,IN,desktop,12.46,0
6437,1636,2025-11-14 16:26:56,GB,mobile,2.22,0
6438,561,2025-11-23 09:36:38,DE,mobile,7.11,1
6439,150,2025-12-04 16:33:42,DE,mobile,6.23,0
6440,661,2025-12-05 07:50:57,IN,mobile,4.69,1
6441,1671,2025-12-09 10:20:05,DE,mobile,13.76,1
6442,549,2025-11-20 06:51:02,IN,desktop,13.57,0
6443,1078,2025-12-09 10:19:16,CA,mobile,8.69,0
6444,1623,2025-12-04 11:26:13,DE,desktop,5.03,0
6445,68,2025-11-21 03:02:34,GB,desktop,5.05,1
6446,1520,2025-11-20 19:22:00,DE,desktop,7.59,0
6447,578,2025-11-14 04:40:40,GB,mobile,5.62,0
6448,1391,2025-12-08 14:16:02,GB,desktop,7.36,0
6449,376,2025-11-17 01:36:44,CA,desktop,10.33,0
6450,278,2025-11-19 00:10:08,IN,mobile,2.94,0
6451,1576,2025-11-23 08:32:11,US,mobile,4.69,0
6452,1615,2025-11-15 02:16:18,GB,mobile,7.24,0
6453,1962,2025-12-05 03:32:03,CA,desktop,18.9,0
6454,1354,2025-12-01 21:51:44,DE,mobile,12.27,0
6455,932,2025-11-15 16:00:13,CA,tablet,7.37,0
6456,390,2025-11-15 20:28:58,IN,desktop,9.41,0
6457,591,2025-11-11 15:04:12,US,desktop,6.95,0
6458,1296,2025-12-09 10:46:27,US,tablet,14.1,0
6459,692,2025-11-24 00:59:50,US,desktop,9.59,0
6460,967,2025-11-30 15:13:56,DE,mobile,15.92,0
6461,336,2025-11-15 11:12:46,DE,mobile,3.28,1
6462,879,2025-11-17 21:27:08,IN,desktop,4.56,0
6463,476,2025-11-27 05:06:19,DE,mobile,8.71,1
6464,225,2025-11-17 05:34:56,IN,tablet,9.94,0
6465,264,2025-11-29 08:32:35,DE,mobile,31.19,0
6466,1037,2025-12-08 16:25:22,DE,mobile,2.5,0
6467,733,2025-11-20 02:54:16,IN,desktop,7.24,0
6468,200,2025-11-29 04:53:25,DE,desktop,7.05,0
6469,1029,2025-12-08 10:30:48,GB,desktop,8.52,0
6470,329,2025-12-07 18:43:21,DE,mobile,20.9,0
6471,31,2025-11-11 04:47:29,CA,mobile,12.5,0
6472,265,2025-11-14 06:35:41,GB,desktop,2.82,0
6473,897,2025-12-10 13:17:42,DE,tablet,18.55,0
6474,1908,2025-12-08 17:30:54,US,mobile,18.24,0
6475,484,2025-11-20 15:00:29,GB,desktop,8.65,0
6476,570,2025-11-26 13:40:05,DE,mobile,2.8,0
6477,486,2025-11-28 03:38:52,GB,desktop,6.75,0
6478,711,2025-12-01 00:29:47,GB,mobile,9.79,0
6479,1434,2025-12-03 11:30:21,GB,tablet,13.44,0
6480,644,2025-11-22 03:42:11,US,mobile,2.55,0
6481,1315,2025-12-07 15:59:04,DE,desktop,4.66,0
6482,1796,2025-11-12 17:48:49,US,desktop,14.28,0
6483,1892,2025-11-11 22:35:08,GB,mobile,18.19,1
6484,1126,2025-12-09 16:58:22,GB,mobile,9.57,0
6485,1426,2025-11-16 06:47:56,CA,mobile,14.72,0
6486,1838,2025-12-10 19:20:36,CA,desktop,9.71,0
6487,1573,2025-11-19 13:07:28,US,desktop,13.17,0
6488,600,2025-11-21 21:42:23,US,mobile,8.06,0
6489,264,2025-11-11 19:22:37,DE,mobile,9.85,1
6490,230,2025-12-09 06:49:03,GB,tablet,3.55,0
6491,1764,2025-11-21 17:55:40,DE,mobile,11.4,0
6492,1112,2025-11-15 23:59:44,CA,mobile,3.49,0
6493,593,2025-11-25 11:14:16,US,tablet,11.39,1
6494,691,2025-11-15 14:36:20,CA,tablet,5.68,0
6495,564,2025-12-04 15:52:17,US,mobile,9.23,0
6496,1604,2025-11-13 03:52:23,GB,mobile,4.17,0
6497,1225,2025-11-25 22:40:21,IN,desktop,5.46,0
6498,1758,2025-11-22 16:56:48,CA,mobile,9.21,0
6499,604,2025-11-12 02:00:05,IN,desktop,11.62,0
6500,945,2025-11-12 12:53:25,US,mobile,14.24,0
6501,244,2025-11-26 12:40:11,GB,mobile,3.71,0
6502,1942,2025-11-22 19:23:09,DE,mobile,3.0,0
6503,1024,2025-11-14 20:39:00,IN,desktop,4.12,0
6504,1106,2025-11-15 02:52:25,US,desktop,3.9,1
6505,827,2025-12-05 02:42:26,IN,mobile,18.92,0
6506,542,2025-12-02 21:12:46,IN,mobile,16.51,0
6507,1896,2025-11-29 04:50:26,US,mobile,4.06,0
6508,978,2025-12-05 23:15:13,GB,desktop,20.62,0
6509,1349,2025-11-13 01:08:00,CA,desktop,15.93,0
6510,75,2025-12-01 14:27:35,DE,desktop,2.78,0
6511,552,2025-12-03 13:03:11,US,tablet,3.98,0
6512,1608,2025-11-16 23:35:18,US,mobile,2.73,0
6513,176,2025-11-27 01:25:06,GB,desktop,7.02,0
6514,203,2025-12-03 23:21:48,IN,mobile,7.47,1
6515,1619,2025-11-29 01:43:58,IN,mobile,7.46,0
6516,618,2025-11-18 10:52:22,DE,mobile,2.19,0
6517,548,2025-11-30 21:51:10,US,desktop,3.14,0
6518,1131,2025-12-03 18:03:52,US,desktop,8.64,0
6519,390,2025-11-11 06:13:25,DE,mobile,10.73,0
6520,86,2025-11-27 23:45:32,CA,desktop,2.2,0
6521,9,2025-11-26 02:33:15,US,desktop,3.43,0
6522,159,2025-11-21 23:15:56,GB,tablet,13.65,0
6523,317,2025-11-12 07:05:01,DE,mobile,3.54,0
6524,1392,2025-11-13 11:20:50,US,tablet,7.32,0
6525,596,2025-12-03 11:21:11,CA,desktop,3.35,0
6526,144,2025-12-05 19:02:22,GB,desktop,12.17,1
6527,29,2025-11-23 13:05:50,IN,mobile,2.2,0
6528,954,2025-12-09 03:46:58,GB,desktop,6.16,0
6529,1680,2025-12-08 19:08:56,DE,desktop,12.99,0
6530,678,2025-11-30 22:41:36,US,mobile,10.65,0
6531,128,2025-11-28 09:29:50,US,tablet,5.59,0
6532,456,2025-12-09 21:42:09,IN,mobile,4.86,0
6533,999,2025-11-29 06:17:15,CA,desktop,6.43,0
6534,378,2025-12-08 23:47:34,DE,mobile,3.41,0
6535,1956,2025-12-10 08:06:00,DE,mobile,6.96,0
6536,1527,2025-11-16 19:21:02,IN,mobile,7.03,0
6537,689,2025-11-30 18:55:17,US,mobile,5.75,0
6538,1903,2025-12-02 21:42:20,IN,mobile,13.47,1
6539,650,2025-12-05 13:41:33,CA,mobile,3.89,0
6540,281,2025-11-21 10:43:56,DE,mobile,2.66,0
6541,1876,2025-12-06 19:35:15,DE,desktop,5.39,0
6542,1919,2025-11-25 14:14:42,GB,mobile,7.96,0
6543,626,2025-11-22 13:45:08,IN,mobile,6.93,0
6544,1189,2025-11-15 16:14:52,DE,mobile,6.75,0
6545,347,2025-11-20 14:29:55,DE,mobile,3.76,0
6546,1283,2025-12-10 05:04:26,CA,mobile,4.1,1
6547,1380,2025-12-02 10:53:45,DE,tablet,5.51,0
6548,1420,2025-12-02 18:03:06,GB,mobile,5.26,0
6549,1137,2025-12-07 20:06:02,GB,mobile,14.28,0
6550,1408,2025-11-18 23:24:24,DE,mobile,8.66,0
6551,1110,2025-11-30 19:32:52,CA,mobile,5.37,0
6552,1639,2025-11-22 02:41:32,CA,desktop,14.25,0
6553,359,2025-12-06 09:47:09,DE,tablet,9.66,0
6554,967,2025-11-23 15:25:13,IN,mobile,3.27,0
6555,833,2025-12-06 14:44:45,CA,mobile,1.06,1
6556,1067,2025-12-03 09:27:25,CA,desktop,3.33,0
6557,285,2025-12-04 03:02:20,US,mobile,10.56,0
6558,648,2025-12-08 17:44:05,GB,mobile,12.62,0
6559,1908,2025-12-04 16:29:00,GB,desktop,2.73,0
6560,211,2025-11-20 14:40:10,IN,desktop,10.97,0
6561,1270,2025-11-26 14:43:25,GB,mobile,10.72,0
6562,1329,2025-11-25 03:25:58,GB,desktop,17.06,0
6563,949,2025-11-12 21:43:48,US,mobile,13.07,0
6564,68,2025-11-28 18:20:32,US,mobile,16.63,0
6565,69,2025-11-24 02:10:51,IN,desktop,9.9,0
6566,551,2025-11-22 18:26:25,CA,desktop,9.71,0
6567,205,2025-11-14 06:09:29,GB,desktop,6.04,0
6568,189,2025-11-26 02:14:35,GB,desktop,12.09,0
6569,321,2025-11-28 08:08:27,GB,desktop,3.32,0
6570,382,2025-11-14 03:20:32,CA,desktop,6.8,0
6571,1677,2025-11-30 00:23:15,DE,mobile,10.22,1
6572,1277,2025-11-15 23:57:30,DE,mobile,17.2,0
6573,61,2025-11-15 07:38:14,US,desktop,5.55,0
6574,1257,2025-11-23 00:01:32,CA,mobile,13.2,0
6575,274,2025-11-22 15:22:19,US,desktop,6.56,1
6576,842,2025-12-08 09:59:19,CA,mobile,13.36,0
6577,77,2025-11-12 23:57:27,CA,mobile,4.57,0
6578,181,2025-11-21 10:46:14,IN,desktop,11.42,0
6579,266,2025-12-03 00:05:16,CA,desktop,6.98,0
6580,867,2025-11-18 11:05:00,CA,mobile,3.63,0
6581,926,2025-12-10 09:57:46,IN,mobile,6.74,0
6582,706,2025-12-03 06:05:36,DE,desktop,16.33,0
6583,1240,2025-12-09 08:24:52,IN,tablet,4.01,0
6584,1441,2025-12-09 10:36:23,IN,mobile,3.03,1
6585,1457,2025-11-14 05:49:51,GB,mobile,9.39,0
6586,1158,2025-11-24 17:48:06,DE,mobile,2.7,0
6587,1091,2025-12-03 07:20:01,GB,mobile,18.88,0
6588,983,2025-11-11 05:25:42,US,mobile,18.6,0
6589,476,2025-11-24 12:42:12,GB,desktop,13.78,0
6590,974,2025-12-01 14:42:01,US,mobile,7.34,0
6591,21,2025-12-04 18:06:39,CA,mobile,20.06,0
6592,1932,2025-11-23 10:04:35,GB,mobile,16.56,0
6593,740,2025-12-06 20:36:12,DE,mobile,5.37,1
6594,1512,2025-12-01 04:15:27,IN,mobile,17.52,0
6595,1913,2025-11-12 07:59:22,GB,mobile,4.28,0
6596,994,2025-11-19 07:11:19,GB,mobile,6.57,0
6597,1723,2025-12-09 02:32:02,CA,desktop,2.52,0
6598,958,2025-11-11 00:57:59,IN,mobile,8.07,0
6599,265,2025-11-14 05:00:53,IN,mobile,6.19,0
6600,53,2025-11-21 07:16:12,DE,desktop,5.63,0
6601,272,2025-12-10 18:46:36,CA,mobile,6.69,0
6602,1885,2025-12-02 02:40:59,DE,mobile,5.22,0
6603,950,2025-11-15 09:32:54,IN,desktop,7.58,0
6604,639,2025-11-22 18:16:27,CA,mobile,15.96,1
6605,892,2025-12-09 03:42:12,CA,mobile,3.91,0
6606,512,2025-11-17 13:02:17,CA,desktop,12.4,1
6607,1741,2025-11-28 05:34:46,US,mobile,8.41,0
6608,1998,2025-11-24 21:19:03,CA,tablet,9.25,0
6609,170,2025-12-03 18:45:49,US,mobile,7.25,0
6610,1437,2025-12-03 12:55:25,DE,mobile,4.8,0
6611,671,2025-12-05 23:11:50,DE,mobile,9.65,0
6612,95,2025-11-14 13:13:28,GB,mobile,10.09,0
6613,1844,2025-11-24 14:00:02,US,mobile,4.57,0
6614,124,2025-12-01 17:17:39,CA,mobile,3.31,1
6615,412,2025-11-23 12:54:44,CA,mobile,7.78,0
6616,51,2025-11-30 23:43:13,US,mobile,11.62,0
6617,943,2025-11-30 00:58:59,DE,mobile,13.5,0
6618,1199,2025-11-22 02:09:50,US,mobile,15.21,0
6619,642,2025-11-13 23:19:25,IN,desktop,9.23,0
6620,144,2025-12-10 01:52:29,GB,mobile,6.31,0
6621,233,2025-12-05 17:56:58,DE,desktop,7.38,0
6622,1866,2025-12-07 19:25:14,IN,mobile,3.5,0
6623,1612,2025-11-19 23:06:17,IN,mobile,4.91,0
6624,1873,2025-11-20 10:52:08,DE,tablet,7.16,0
6625,1062,2025-11-20 16:06:29,IN,tablet,6.3,0
6626,1092,2025-11-11 21:37:06,US,mobile,7.81,0
6627,1572,2025-11-16 01:25:12,IN,mobile,3.24,0
6628,1233,2025-11-20 05:12:44,DE,desktop,3.7,0
6629,873,2025-12-10 14:08:26,IN,mobile,11.77,0
6630,584,2025-11-17 02:37:57,US,mobile,4.48,0
6631,971,2025-11-26 04:51:32,US,mobile,4.92,0
6632,128,2025-11-27 09:15:14,GB,mobile,7.82,1
6633,385,2025-11-21 18:17:29,DE,desktop,4.23,0
6634,1475,2025-12-08 12:43:43,GB,desktop,14.35,0
6635,1736,2025-11-13 18:21:21,CA,mobile,3.48,0
6636,204,2025-12-07 01:52:32,GB,mobile,7.4,0
6637,194,2025-12-03 06:42:50,IN,mobile,4.72,0
6638,172,2025-11-20 03:25:47,DE,desktop,8.11,1
6639,1583,2025-12-03 23:59:37,DE,desktop,5.48,0
6640,623,2025-11-23 19:49:22,US,mobile,7.28,0
6641,654,2025-12-10 02:06:27,US,desktop,15.38,0
6642,25,2025-11-12 01:32:35,US,mobile,4.89,0
6643,1945,2025-11-11 20:38:51,CA,mobile,4.87,1
6644,868,2025-11-27 07:01:49,US,mobile,6.11,0
6645,1595,2025-12-08 21:53:04,US,mobile,17.89,0
6646,1415,2025-11-12 20:51:27,DE,mobile,7.0,0
6647,284,2025-12-04 07:20:13,DE,desktop,15.5,0
6648,1602,2025-12-09 03:01:45,CA,mobile,6.64,0
6649,1101,2025-11-25 13:25:21,GB,mobile,15.09,0
6650,1209,2025-12-06 23:25:30,DE,desktop,9.44,0
6651,401,2025-12-03 16:13:48,US,desktop,10.31,0
6652,1693,2025-11-17 09:26:52,IN,mobile,3.12,0
6653,1863,2025-12-06 14:14:30,US,mobile,2.86,0
6654,813,2025-12-01 22:46:41,CA,desktop,14.04,0
6655,185,2025-11-11 08:17:22,IN,mobile,13.94,0
6656,1697,2025-11-28 00:12:26,GB,mobile,31.59,0
6657,1774,2025-11-30 14:23:01,CA,mobile,3.03,0
6658,1013,2025-12-05 00:12:37,US,mobile,9.89,0
6659,1158,2025-12-04 02:33:13,DE,desktop,4.0,0
6660,446,2025-11-25 05:42:08,IN,desktop,4.74,0
6661,135,2025-11-19 22:30:15,DE,mobile,5.47,0
6662,1888,2025-11-16 17:18:30,GB,tablet,9.29,0
6663,966,2025-11-13 15:18:58,CA,mobile,4.96,0
6664,550,2025-11-30 03:55:12,IN,desktop,7.54,0
6665,1386,2025-12-09 18:16:02,IN,mobile,12.17,0
6666,53,2025-11-13 09:02:04,IN,mobile,14.54,0
6667,160,2025-12-02 01:11:02,GB,mobile,11.2,0
6668,486,2025-11-28 12:08:10,GB,desktop,9.69,0
6669,901,2025-11-16 02:59:30,US,mobile,6.79,0
6670,734,2025-11-17 08:22:48,IN,mobile,5.25,0
6671,375,2025-11-19 12:02:16,IN,mobile,10.21,0
6672,703,2025-12-01 12:23:13,GB,mobile,3.93,0
6673,668,2025-11-19 22:16:18,CA,mobile,7.94,0
6674,1049,2025-12-05 19:25:25,US,mobile,3.88,0
6675,1125,2025-11-22 01:27:23,CA,mobile,7.21,0
6676,1766,2025-11-14 06:05:26,CA,desktop,3.93,0
6677,1613,2025-11-13 19:58:29,US,desktop,5.81,0
6678,585,2025-11-22 23:25:34,DE,mobile,4.93,0
6679,1805,2025-11-23 04:55:13,GB,mobile,4.58,1
6680,1042,2025-12-02 23:22:05,US,mobile,7.01,0
6681,376,2025-11-25 07:48:20,CA,mobile,1.73,0
6682,680,2025-11-15 21:05:56,US,desktop,2.51,0
6683,1483,2025-11-17 08:47:48,GB,mobile,11.97,0
6684,1643,2025-11-27 23:07:47,US,desktop,8.07,0
6685,748,2025-11-20 23:50:00,US,mobile,4.79,0
6686,316,2025-12-01 02:57:24,US,tablet,13.25,0
6687,384,2025-12-08 15:48:15,CA,desktop,5.04,0
6688,207,2025-11-21 14:41:03,US,desktop,5.22,0
6689,1397,2025-11-27 12:35:01,DE,tablet,4.62,0
6690,1006,2025-12-05 22:15:36,US,mobile,23.2,0
6691,902,2025-11-17 06:41:10,CA,mobile,8.51,0
6692,1344,2025-11-26 06:54:24,CA,mobile,8.31,1
6693,1657,2025-11-20 03:00:34,DE,desktop,9.78,0
6694,1591,2025-11-29 18:40:08,CA,desktop,2.43,0
6695,275,2025-12-03 06:15:05,GB,mobile,5.17,0
6696,1179,2025-11-15 04:39:40,DE,desktop,9.71,0
6697,1765,2025-11-16 14:12:30,GB,mobile,7.37,0
6698,1547,2025-11-11 15:54:29,DE,mobile,27.75,0
6699,659,2025-11-11 07:54:47,CA,mobile,5.36,0
6700,786,2025-11-12 11:46:18,DE,mobile,13.01,1
6701,1780,2025-12-02 04:08:11,GB,mobile,11.98,0
6702,66,2025-12-08 02:03:19,DE,desktop,8.05,1
6703,1051,2025-11-23 06:13:11,CA,mobile,8.98,0
6704,233,2025-12-07 10:44:07,CA,mobile,6.21,0
6705,1789,2025-12-02 20:36:27,DE,mobile,2.26,0
6706,78,2025-12-05 04:41:55,DE,mobile,9.11,0
6707,47,2025-12-03 03:57:26,DE,desktop,9.55,0
6708,658,2025-11-16 22:57:12,DE,desktop,10.5,0
6709,401,2025-11-26 16:03:15,US,mobile,7.67,0
6710,991,2025-11-26 17:33:46,CA,desktop,13.23,0
6711,599,2025-11-30 05:11:25,US,desktop,4.39,0
6712,713,2025-12-04 20:26:13,IN,desktop,17.83,0
6713,1130,2025-11-14 08:20:13,GB,mobile,4.08,1
6714,1121,2025-12-01 04:59:40,GB,mobile,6.93,0
6715,1869,2025-12-05 23:01:03,GB,desktop,11.12,0
6716,961,2025-11-14 10:24:28,US,mobile,5.43,0
6717,1128,2025-11-23 10:00:18,IN,mobile,11.58,0
6718,1356,2025-12-07 20:01:20,IN,mobile,6.02,0
6719,349,2025-11-11 16:46:56,IN,mobile,7.93,0
6720,1334,2025-11-15 18:55:26,US,mobile,6.63,0
6721,1723,2025-12-05 02:03:15,DE,desktop,5.23,0
6722,636,2025-11-16 02:55:32,US,mobile,28.52,0
6723,357,2025-12-02 00:39:40,CA,mobile,4.46,0
6724,693,2025-12-07 23:57:32,US,tablet,1.87,0
6725,550,2025-11-25 22:12:13,US,mobile,4.56,0
6726,1170,2025-11-25 12:09:25,GB,mobile,7.99,0
6727,1727,2025-11-23 19:55:56,IN,desktop,5.89,0
6728,1193,2025-11-22 03:42:53,CA,tablet,13.61,0
6729,251,2025-11-22 08:52:14,IN,desktop,13.32,0
6730,630,2025-11-27 13:51:56,GB,mobile,6.1,0
6731,1378,2025-12-07 20:01:32,CA,mobile,2.69,0
6732,661,2025-12-10 09:50:19,GB,desktop,3.42,0
6733,1173,2025-12-06 22:39:36,CA,desktop,7.25,0
6734,1388,2025-11-14 13:22:00,IN,mobile,2.89,0
6735,659,2025-11-20 04:06:25,GB,desktop,5.93,0
6736,1295,2025-12-03 16:14:09,GB,desktop,17.34,0
6737,796,2025-11-27 08:00:50,US,mobile,9.08,0
6738,270,2025-11-20 23:56:50,DE,mobile,7.59,0
6739,744,2025-11-20 07:17:23,IN,mobile,3.96,0
6740,882,2025-11-14 11:30:29,DE,tablet,8.24,0
6741,5,2025-11-20 22:34:26,DE,mobile,6.33,0
6742,1785,2025-11-23 15:01:29,US,desktop,8.53,0
6743,1056,2025-11-23 10:41:57,CA,mobile,11.43,0
6744,73,2025-11-27 10:20:05,IN,desktop,12.67,0
6745,1736,2025-11-19 03:47:11,DE,mobile,7.98,0
6746,1710,2025-11-17 03:31:30,US,tablet,10.05,0
6747,25,2025-12-07 14:14:44,DE,mobile,5.43,0
6748,327,2025-11-23 03:01:36,DE,desktop,14.58,1
6749,728,2025-11-18 14:39:12,GB,desktop,4.34,0
6750,1014,2025-11-30 00:55:10,CA,mobile,6.52,0
6751,1451,2025-11-27 05:42:04,DE,tablet,15.52,0
6752,849,2025-11-28 06:16:31,CA,mobile,5.53,1
6753,1223,2025-11-17 14:43:26,CA,desktop,3.31,1
6754,21,2025-12-02 15:54:30,GB,mobile,5.78,0
6755,1317,2025-11-16 17:41:03,CA,desktop,17.03,0
6756,1830,2025-12-06 01:26:38,DE,tablet,1.89,0
6757,1052,2025-11-23 16:32:56,US,desktop,7.86,0
6758,910,2025-11-23 05:48:49,DE,mobile,5.05,0
6759,594,2025-11-22 14:56:45,IN,mobile,6.68,0
6760,1908,2025-11-23 15:46:09,CA,desktop,5.99,1
6761,67,2025-11-30 22:15:42,US,mobile,13.15,0
6762,574,2025-11-25 20:51:04,GB,tablet,7.63,0
6763,278,2025-11-14 18:32:14,GB,mobile,13.55,1
6764,1732,2025-11-27 23:00:25,IN,mobile,15.97,0
6765,965,2025-11-18 23:28:38,DE,desktop,7.52,0
6766,1844,2025-11-14 05:13:30,GB,mobile,5.96,0
6767,1330,2025-12-06 03:58:59,DE,mobile,9.27,1
6768,1114,2025-11-20 08:19:48,US,mobile,10.4,0
6769,1035,2025-11-28 19:39:50,GB,tablet,3.7,0
6770,406,2025-11-16 02:59:41,DE,mobile,8.51,0
6771,1124,2025-11-21 03:31:58,GB,tablet,6.35,0
6772,1370,2025-11-22 13:02:48,IN,mobile,5.74,0
6773,1930,2025-11-14 23:38:20,DE,mobile,4.88,0
6774,1098,2025-12-10 04:02:51,GB,mobile,5.08,0
6775,1877,2025-11-20 07:35:07,CA,mobile,15.7,0
6776,1889,2025-11-28 10:47:56,CA,mobile,5.94,1
6777,1045,2025-11-27 22:24:23,CA,mobile,14.68,0
6778,879,2025-11-23 20:23:14,IN,mobile,7.99,0
6779,286,2025-11-28 12:52:14,GB,desktop,3.74,0
6780,537,2025-11-27 22:42:26,CA,mobile,8.29,0
6781,1758,2025-11-13 08:52:49,DE,mobile,3.62,0
6782,277,2025-12-01 00:58:04,DE,mobile,10.64,0
6783,794,2025-11-14 09:27:47,US,mobile,6.52,0
6784,1397,2025-11-24 00:23:57,CA,desktop,12.34,0
6785,482,2025-11-21 21:49:32,IN,desktop,17.46,0
6786,1948,2025-11-24 09:35:01,DE,desktop,2.61,0
6787,1299,2025-11-13 03:00:11,CA,mobile,5.6,0
6788,57,2025-12-02 00:14:29,US,mobile,3.58,0
6789,495,2025-11-23 12:36:00,US,desktop,26.98,0
6790,1481,2025-11-12 19:03:13,US,tablet,5.67,0
6791,1726,2025-11-11 01:46:35,DE,mobile,3.36,0
6792,1853,2025-11-27 04:05:26,CA,mobile,28.34,0
6793,1702,2025-11-30 22:56:16,US,desktop,4.78,0
6794,150,2025-11-27 09:18:31,US,tablet,2.79,1
6795,1459,2025-12-02 13:57:19,IN,mobile,3.69,0
6796,221,2025-12-03 16:05:39,GB,mobile,8.05,0
6797,154,2025-12-07 03:02:54,US,desktop,7.59,0
6798,1384,2025-12-10 10:44:13,DE,desktop,4.47,0
6799,956,2025-12-07 12:17:04,CA,mobile,5.52,0
6800,1296,2025-12-04 20:10:34,GB,mobile,7.63,0
6801,1703,2025-11-23 21:31:58,US,mobile,16.35,0
6802,138,2025-11-26 01:57:38,GB,desktop,9.02,0
6803,1055,2025-11-29 10:47:09,US,desktop,5.27,0
6804,1669,2025-11-16 01:14:20,IN,mobile,6.44,0
6805,881,2025-12-01 07:08:31,US,mobile,11.73,0
6806,1047,2025-11-28 14:46:50,GB,desktop,20.25,0
6807,996,2025-11-26 13:46:23,US,mobile,3.81,0
6808,1814,2025-12-05 23:55:40,DE,mobile,14.42,0
6809,100,2025-12-01 13:59:32,IN,mobile,6.12,1
6810,1756,2025-12-08 22:34:15,US,mobile,2.79,0
6811,1632,2025-12-10 06:19:14,US,desktop,2.48,0
6812,1625,2025-12-05 17:27:22,IN,mobile,16.45,0
6813,825,2025-11-19 21:43:35,IN,desktop,17.67,0
6814,1032,2025-11-16 15:17:24,US,desktop,5.25,0
6815,738,2025-11-19 22:44:11,GB,mobile,6.51,0
6816,504,2025-12-02 08:17:14,DE,desktop,2.54,0
6817,1750,2025-12-06 21:31:29,IN,mobile,11.67,0
6818,1012,2025-12-07 08:56:39,US,desktop,7.26,0
6819,1446,2025-12-01 11:42:00,GB,mobile,2.91,0
6820,202,2025-12-01 09:33:53,US,tablet,8.35,0
6821,1578,2025-12-09 12:37:41,CA,mobile,3.21,0
6822,1318,2025-12-01 12:58:27,CA,mobile,10.32,0
6823,1995,2025-11-15 04:44:01,GB,mobile,3.86,0
6824,268,2025-11-25 23:20:58,GB,mobile,9.05,0
6825,1080,2025-11-21 17:28:47,US,mobile,4.99,1
6826,1022,2025-11-30 01:51:20,DE,mobile,1.79,0
6827,1077,2025-11-30 01:02:00,CA,mobile,13.43,0
6828,109,2025-11-19 19:11:12,GB,mobile,13.88,0
6829,946,2025-11-19 23:00:53,DE,desktop,5.4,0
6830,599,2025-11-13 15:10:33,GB,mobile,8.71,1
6831,1235,2025-11-19 18:22:23,CA,mobile,9.61,1
6832,464,2025-12-05 19:11:15,GB,tablet,9.8,0
6833,870,2025-11-30 14:55:37,US,desktop,20.81,0
6834,1240,2025-12-09 06:17:48,CA,mobile,9.49,1
6835,129,2025-12-08 18:10:57,CA,mobile,5.96,0
6836,1573,2025-12-06 16:08:41,GB,mobile,9.55,0
6837,1431,2025-11-16 08:36:25,CA,mobile,5.71,0
6838,115,2025-11-20 23:39:01,GB,desktop,3.9,0
6839,130,2025-11-12 16:37:16,GB,mobile,15.36,0
6840,1700,2025-11-13 18:34:28,IN,tablet,10.18,0
6841,567,2025-11-17 21:35:50,DE,desktop,2.42,0
6842,1721,2025-11-19 08:55:56,GB,tablet,4.9,1
6843,999,2025-11-11 10:18:50,DE,mobile,11.64,0
6844,685,2025-12-06 06:04:27,DE,desktop,2.89,0
6845,547,2025-11-26 18:40:35,US,desktop,4.7,0
6846,1318,2025-11-30 15:25:09,CA,desktop,36.49,0
6847,220,2025-11-30 13:47:35,US,mobile,6.06,0
6848,805,2025-12-09 23:15:09,IN,mobile,14.15,0
6849,692,2025-11-15 09:18:43,IN,mobile,18.18,0
6850,309,2025-11-21 05:57:47,IN,mobile,4.28,0
6851,706,2025-11-20 05:16:04,US,tablet,8.67,0
6852,1057,2025-11-27 12:17:33,GB,desktop,25.41,0
6853,1355,2025-11-26 18:05:19,US,mobile,9.73,0
6854,173,2025-12-04 16:03:37,CA,mobile,30.55,0
6855,1744,2025-11-27 18:53:34,US,mobile,5.04,0
6856,1757,2025-11-17 23:42:25,IN,desktop,21.72,0
6857,1384,2025-11-27 21:50:26,GB,tablet,7.46,0
6858,1848,2025-12-09 21:22:39,US,mobile,6.07,0
6859,856,2025-11-28 08:00:52,GB,mobile,10.85,0
6860,1643,2025-11-28 17:45:32,CA,tablet,6.91,0
6861,1454,2025-11-16 05:57:09,IN,desktop,7.02,0
6862,1125,2025-11-11 04:55:08,CA,desktop,9.89,0
6863,359,2025-11-17 06:08:07,CA,mobile,2.5,0
6864,1115,2025-11-11 17:20:35,IN,mobile,4.58,0
6865,1802,2025-11-24 12:51:12,CA,desktop,11.4,0
6866,1969,2025-12-07 10:25:41,GB,mobile,13.4,0
6867,896,2025-11-24 08:53:19,IN,desktop,9.16,0
6868,496,2025-11-30 07:50:07,DE,desktop,8.72,0
6869,1495,2025-12-06 15:16:55,IN,mobile,9.41,0
6870,152,2025-12-03 20:38:41,CA,mobile,13.13,0
6871,303,2025-11-30 11:40:57,US,desktop,3.14,0
6872,1124,2025-12-04 11:43:27,IN,tablet,5.44,0
6873,1980,2025-11-19 09:14:16,DE,mobile,7.07,0
6874,658,2025-11-23 13:57:49,GB,desktop,8.31,0
6875,887,2025-11-22 22:30:26,CA,mobile,2.08,0
6876,645,2025-12-04 22:13:58,GB,tablet,3.47,0
6877,881,2025-11-23 05:33:05,GB,desktop,7.32,0
6878,15,2025-12-09 02:15:22,GB,mobile,13.57,0
6879,1189,2025-11-16 13:35:48,DE,desktop,5.75,0
6880,1192,2025-11-16 03:11:45,US,desktop,4.95,0
6881,631,2025-12-02 10:52:25,US,desktop,10.15,0
6882,528,2025-12-03 21:24:39,DE,mobile,6.07,0
6883,1523,2025-12-01 08:08:16,GB,desktop,12.54,0
6884,376,2025-11-20 04:50:34,US,desktop,6.47,0
6885,95,2025-11-11 05:48:24,GB,mobile,3.78,0
6886,81,2025-11-20 14:42:27,GB,mobile,17.33,0
6887,1763,2025-11-24 23:12:24,US,desktop,15.52,0
6888,729,2025-11-23 08:24:58,CA,desktop,4.16,0
6889,204,2025-12-08 15:06:26,US,mobile,9.37,0
6890,1758,2025-12-06 21:06:38,IN,desktop,6.07,0
6891,298,2025-12-04 05:15:30,GB,mobile,10.71,0
6892,674,2025-11-11 15:06:47,GB,desktop,4.37,0
6893,42,2025-11-14 18:58:21,US,mobile,12.47,0
6894,1358,2025-11-23 23:39:34,CA,mobile,15.13,1
6895,1398,2025-11-29 14:50:47,CA,tablet,4.19,1
6896,1513,2025-12-01 08:52:01,US,desktop,7.7,0
6897,526,2025-11-19 20:33:26,US,mobile,15.33,0
6898,656,2025-11-14 06:43:54,CA,tablet,4.05,1
6899,1876,2025-11-20 19:30:47,IN,tablet,4.95,0
6900,1643,2025-12-04 17:39:19,US,desktop,10.99,0
6901,75,2025-12-10 13:33:46,US,mobile,6.71,0
6902,1384,2025-12-09 05:24:09,IN,mobile,2.87,0
6903,1625,2025-11-28 18:21:42,IN,desktop,6.1,1
6904,1118,2025-11-13 16:42:21,DE,tablet,21.07,0
6905,1280,2025-12-09 23:59:33,US,mobile,25.48,0
6906,2,2025-11-15 13:21:19,GB,mobile,5.04,0
6907,61,2025-11-19 00:24:23,GB,mobile,4.27,0
6908,71,2025-12-10 04:34:58,IN,mobile,5.61,0
6909,318,2025-11-26 02:01:45,GB,desktop,21.78,0
6910,1981,2025-11-16 21:41:19,GB,mobile,12.25,0
6911,1269,2025-11-26 00:45:05,CA,desktop,17.79,0
6912,1564,2025-11-13 08:04:09,IN,desktop,13.45,0
6913,591,2025-11-20 10:31:24,IN,mobile,3.35,0
6914,1875,2025-12-09 12:48:41,US,desktop,4.18,1
6915,398,2025-11-19 22:12:04,US,mobile,4.87,0
6916,1804,2025-12-07 17:55:16,DE,mobile,5.4,0
6917,62,2025-11-27 06:08:52,CA,mobile,4.92,0
6918,41,2025-11-30 15:21:18,IN,mobile,5.27,0
6919,158,2025-12-02 01:23:22,US,mobile,10.85,0
6920,1583,2025-11-27 12:15:46,IN,tablet,8.02,0
6921,515,2025-11-11 23:55:41,GB,mobile,15.36,0
6922,902,2025-12-08 13:04:49,US,mobile,8.59,1
6923,943,2025-11-25 05:15:01,US,desktop,4.92,0
6924,1579,2025-11-30 15:12:26,IN,tablet,8.27,0
6925,698,2025-11-27 14:01:33,IN,mobile,2.98,0
6926,14,2025-11-30 17:16:42,IN,mobile,1.85,0
6927,773,2025-11-21 14:36:51,DE,mobile,10.87,0
6928,577,2025-12-06 06:41:10,GB,mobile,13.61,0
6929,1462,2025-11-17 16:44:29,GB,mobile,7.72,0
6930,1502,2025-11-30 13:34:10,DE,desktop,5.84,0
6931,184,2025-11-28 07:19:45,US,mobile,3.3,0
6932,1586,2025-11-26 01:52:48,US,mobile,14.88,0
6933,141,2025-11-11 15:02:56,CA,desktop,9.93,0
6934,1239,2025-11-22 15:49:56,GB,mobile,8.8,0
6935,779,2025-11-12 09:28:06,US,mobile,7.37,0
6936,603,2025-11-26 01:29:21,DE,desktop,5.57,0
6937,966,2025-12-01 14:25:13,IN,mobile,3.79,0
6938,621,2025-11-26 15:25:02,US,mobile,8.6,0
6939,1587,2025-12-03 16:18:35,CA,mobile,5.35,0
6940,1933,2025-11-21 19:01:54,GB,mobile,5.73,0
6941,1631,2025-11-20 03:39:11,DE,desktop,20.71,1
6942,878,2025-11-24 09:52:40,DE,mobile,7.18,0
6943,1007,2025-11-17 20:12:27,CA,mobile,1.7,0
6944,894,2025-12-05 00:34:50,DE,mobile,5.36,0
6945,1587,2025-12-05 06:14:15,DE,mobile,4.05,0
6946,1105,2025-11-23 11:07:20,US,desktop,6.8,1
6947,936,2025-12-04 17:52:37,CA,tablet,3.14,0
6948,819,2025-11-11 17:38:08,US,mobile,9.58,0
6949,750,2025-11-15 14:40:35,GB,mobile,6.19,0
6950,1105,2025-11-19 11:00:24,IN,desktop,5.55,0
6951,1378,2025-11-22 14:32:08,GB,mobile,8.08,0
6952,865,2025-11-17 22:05:12,IN,mobile,7.06,0
6953,1613,2025-11-26 08:00:33,US,tablet,6.82,1
6954,1653,2025-12-04 18:36:42,IN,mobile,6.46,0
6955,858,2025-11-24 15:43:17,GB,mobile,7.3,0
6956,1818,2025-11-24 10:43:25,DE,mobile,9.08,0
6957,346,2025-11-12 18:21:32,IN,mobile,8.42,0
6958,1864,2025-11-19 09:03:22,DE,mobile,14.53,0
6959,588,2025-12-05 04:27:27,US,mobile,5.32,0
6960,1129,2025-12-05 06:56:25,CA,desktop,8.52,1
6961,567,2025-11-14 02:18:33,GB,mobile,32.06,0
6962,884,2025-11-11 13:04:07,GB,tablet,7.21,0
6963,680,2025-12-05 21:33:59,IN,mobile,7.38,0
6964,1410,2025-11-16 04:41:36,US,mobile,3.46,1
6965,163,2025-11-28 04:54:25,CA,mobile,4.82,0
6966,1676,2025-12-05 18:38:24,GB,mobile,6.93,0
6967,1807,2025-12-04 14:06:31,CA,desktop,10.18,0
6968,1126,2025-11-27 11:42:07,US,mobile,10.91,0
6969,1095,2025-11-22 06:24:50,CA,mobile,8.99,0
6970,1400,2025-12-04 04:15:38,GB,mobile,11.97,0
6971,398,2025-12-01 19:26:35,DE,mobile,4.06,0
6972,1499,2025-12-06 02:43:10,CA,mobile,9.91,0
6973,438,2025-11-26 09:12:09,US,mobile,7.45,0
6974,1353,2025-12-09 05:26:47,GB,mobile,7.96,0
6975,611,2025-12-04 01:26:47,CA,desktop,5.95,0
6976,1492,2025-11-12 20:53:54,US,desktop,4.17,0
6977,1582,2025-11-19 18:50:07,US,mobile,3.56,0
6978,418,2025-12-04 22:40:54,IN,mobile,8.96,0
6979,1235,2025-11-14 10:48:36,US,mobile,9.96,0
6980,997,2025-12-02 05:32:39,CA,mobile,6.84,0
6981,588,2025-11-21 04:26:54,CA,mobile,7.32,0
6982,1176,2025-11-17 04:17:28,US,mobile,4.8,0
6983,1985,2025-11-27 03:58:06,US,tablet,9.99,0
6984,5,2025-12-08 22:03:30,DE,desktop,7.66,1
6985,1913,2025-12-07 21:32:54,IN,mobile,5.93,0
6986,1712,2025-11-23 02:15:29,CA,mobile,12.42,0
6987,1059,2025-11-11 01:53:34,CA,mobile,10.88,0
6988,1220,2025-12-07 14:18:44,IN,mobile,2.94,0
6989,739,2025-12-07 21:15:29,GB,mobile,7.61,0
6990,259,2025-11-29 02:54:52,DE,mobile,4.16,0
6991,1143,2025-11-29 19:47:59,DE,mobile,8.03,0
6992,1632,2025-11-26 18:29:28,IN,mobile,1.12,0
6993,462,2025-11-11 08:13:51,GB,desktop,8.32,0
6994,1434,2025-11-15 18:05:24,GB,mobile,11.33,0
6995,1496,2025-11-15 06:28:10,IN,tablet,6.91,0
6996,1516,2025-12-08 09:32:55,IN,mobile,3.67,0
6997,680,2025-11-12 11:06:35,IN,mobile,23.9,0
6998,784,2025-11-27 16:01:45,US,mobile,14.78,0
6999,833,2025-11-21 20:27:00,CA,mobile,5.37,1
7000,1708,2025-11-11 03:37:09,DE,mobile,6.32,0
7001,1800,2025-12-08 13:04:55,CA,mobile,2.25,1
7002,828,2025-11-11 12:23:51,CA,mobile,9.82,0
7003,1939,2025-12-06 15:24:31,DE,mobile,3.25,0
7004,1141,2025-12-04 07:07:41,GB,mobile,11.02,1
7005,770,2025-12-04 18:41:03,DE,desktop,13.67,0
7006,2,2025-11-15 19:49:37,IN,desktop,7.08,0
7007,1222,2025-12-07 09:36:50,CA,desktop,3.9,0
7008,1290,2025-11-28 22:19:28,GB,tablet,15.63,0
7009,1936,2025-11-23 00:38:45,US,mobile,7.4,0
7010,1436,2025-12-01 09:36:42,US,desktop,7.81,0
7011,60,2025-11-21 05:04:16,US,mobile,4.23,0
7012,1134,2025-11-19 08:22:33,DE,mobile,8.3,0
7013,1485,2025-11-19 14:45:20,US,desktop,6.54,0
7014,993,2025-11-28 01:08:19,US,mobile,3.33,0
7015,859,2025-11-28 23:59:12,GB,mobile,16.51,0
7016,1620,2025-11-18 04:13:08,DE,mobile,21.23,0
7017,1223,2025-11-18 08:04:21,IN,mobile,13.61,0
7018,1363,2025-12-09 08:34:47,GB,mobile,12.44,0
7019,928,2025-11-26 09:56:45,GB,desktop,21.31,0
7020,556,2025-12-06 18:33:19,CA,mobile,3.94,0
7021,1038,2025-11-20 20:57:37,IN,mobile,3.91,0
7022,1918,2025-11-19 14:37:24,GB,mobile,5.76,0
7023,1205,2025-11-19 10:42:10,DE,tablet,8.83,0
7024,1414,2025-11-26 19:58:45,GB,tablet,6.2,0
7025,249,2025-12-04 08:09:33,GB,desktop,4.01,0
7026,1975,2025-11-25 23:41:18,DE,mobile,7.41,0
7027,490,2025-11-19 19:35:23,GB,mobile,6.98,0
7028,1942,2025-12-09 18:26:58,IN,mobile,12.24,0
7029,892,2025-11-28 03:22:45,DE,desktop,7.59,0
7030,1837,2025-11-22 18:56:00,GB,mobile,2.36,0
7031,1783,2025-11-11 06:12:17,US,desktop,9.31,0
7032,1510,2025-11-27 20:02:11,CA,mobile,19.09,0
7033,1832,2025-11-29 14:23:54,GB,desktop,7.52,0
7034,1219,2025-12-08 19:54:05,GB,mobile,13.36,0
7035,1697,2025-11-17 21:20:12,IN,mobile,5.46,0
7036,345,2025-11-15 20:27:24,US,mobile,10.38,0
7037,141,2025-12-10 22:43:24,US,mobile,4.73,0
7038,1087,2025-11-27 11:34:56,IN,desktop,6.37,0
7039,1619,2025-11-11 18:34:47,CA,mobile,6.4,0
7040,1530,2025-11-14 03:19:02,IN,tablet,9.84,0
7041,1056,2025-11-25 05:30:59,IN,mobile,4.51,0
7042,1042,2025-11-29 11:49:55,DE,mobile,3.07,0
7043,1220,2025-11-18 06:41:52,CA,mobile,9.8,0
7044,1736,2025-11-21 22:31:28,CA,mobile,9.58,0
7045,1683,2025-12-03 01:19:51,US,desktop,7.9,0
7046,220,2025-12-09 23:55:50,IN,mobile,12.93,0
7047,1191,2025-11-25 16:47:46,IN,mobile,6.54,0
7048,762,2025-11-23 10:19:38,GB,mobile,8.75,0
7049,1599,2025-11-21 19:14:53,CA,desktop,5.99,0
7050,1012,2025-11-15 01:17:16,GB,tablet,6.33,0
7051,1982,2025-11-12 13:13:47,CA,desktop,9.06,0
7052,865,2025-12-05 23:42:45,US,mobile,28.79,0
7053,1358,2025-11-12 01:58:24,DE,mobile,11.53,0
7054,218,2025-12-05 14:15:24,DE,mobile,10.27,0
7055,1864,2025-11-18 09:15:40,IN,tablet,11.75,0
7056,307,2025-12-01 19:31:54,US,mobile,1.81,0
7057,757,2025-12-09 12:22:41,US,tablet,8.95,0
7058,1675,2025-12-03 10:22:38,DE,desktop,12.76,1
7059,1934,2025-12-02 20:29:22,CA,desktop,7.77,0
7060,969,2025-11-18 21:49:39,IN,desktop,7.2,0
7061,969,2025-11-28 21:54:50,US,mobile,4.2,0
7062,98,2025-11-30 05:30:40,DE,mobile,5.7,1
7063,1957,2025-11-23 17:26:50,IN,mobile,4.48,0
7064,33,2025-11-12 02:36:25,US,mobile,13.46,1
7065,53,2025-12-08 08:11:04,GB,desktop,18.19,0
7066,947,2025-11-16 20:59:37,GB,mobile,23.6,0
7067,8,2025-12-10 04:07:13,CA,desktop,4.44,0
7068,329,2025-12-08 22:28:26,CA,desktop,4.95,0
7069,1255,2025-11-11 12:48:52,US,mobile,4.71,0
7070,1410,2025-12-03 03:28:55,IN,mobile,4.01,0
7071,597,2025-11-29 23:46:18,US,mobile,4.05,0
7072,1590,2025-11-17 21:19:01,IN,mobile,5.42,0
7073,1215,2025-12-05 08:26:11,US,desktop,12.49,1
7074,457,2025-11-14 07:25:42,DE,desktop,4.8,0
7075,1425,2025-11-18 10:17:20,US,desktop,13.9,0
7076,1184,2025-12-09 10:27:17,CA,mobile,16.78,0
7077,1624,2025-12-03 06:04:38,GB,desktop,8.77,1
7078,309,2025-11-14 08:00:28,GB,desktop,15.45,0
7079,462,2025-11-15 06:58:13,CA,tablet,3.26,0
7080,607,2025-11-18 16:19:23,CA,desktop,5.29,0
7081,683,2025-11-13 02:02:13,US,desktop,8.28,0
7082,1777,2025-11-16 10:43:45,US,mobile,8.45,0
7083,1465,2025-11-28 02:54:02,CA,desktop,17.42,1
7084,1088,2025-11-11 04:36:24,CA,mobile,4.06,0
7085,1081,2025-11-19 14:11:40,IN,mobile,5.35,0
7086,1771,2025-11-20 09:24:35,US,mobile,7.02,0
7087,894,2025-12-10 02:15:30,US,mobile,5.41,0
7088,451,2025-12-10 04:38:29,GB,mobile,3.95,0
7089,274,2025-12-06 07:58:23,DE,mobile,5.55,0
7090,660,2025-11-21 05:24:11,US,desktop,6.38,0
7091,1306,2025-11-26 18:53:45,DE,desktop,17.61,0
7092,942,2025-11-26 02:19:56,CA,tablet,4.01,0
7093,844,2025-12-06 18:33:28,US,desktop,12.05,0
7094,960,2025-12-03 08:18:23,CA,mobile,15.85,0
7095,1949,2025-12-08 03:58:00,CA,desktop,5.43,0
7096,1995,2025-11-27 12:00:37,GB,mobile,8.64,0
7097,323,2025-12-08 13:03:21,US,mobile,10.44,0
7098,229,2025-12-03 06:37:07,GB,tablet,9.46,0
7099,489,2025-12-03 03:11:24,GB,tablet,7.76,0
7100,1704,2025-11-30 19:36:38,GB,mobile,4.92,0
7101,919,2025-11-21 00:54:40,CA,desktop,11.0,0
7102,1727,2025-11-29 05:23:53,US,mobile,5.9,0
7103,1293,2025-11-21 15:58:23,GB,tablet,7.52,0
7104,1106,2025-11-30 10:58:47,DE,desktop,8.21,0
7105,563,2025-11-18 14:40:56,US,mobile,12.35,0
7106,688,2025-12-04 22:37:52,US,desktop,23.49,0
7107,296,2025-11-28 02:37:00,GB,mobile,4.75,0
7108,1038,2025-12-02 06:34:14,CA,mobile,7.63,0
7109,561,2025-11-17 14:55:20,CA,desktop,3.03,0
7110,585,2025-12-04 17:18:38,CA,desktop,17.97,0
7111,80,2025-12-05 01:06:29,CA,mobile,7.59,0
7112,1598,2025-11-15 08:03:47,US,desktop,6.17,0
7113,1878,2025-11-21 11:14:40,IN,mobile,7.62,0
7114,997,2025-12-01 07:09:28,IN,mobile,7.86,0
7115,1072,2025-12-07 04:11:05,US,desktop,4.76,0
7116,1851,2025-12-03 01:53:18,CA,mobile,15.07,0
7117,1023,2025-11-25 02:51:14,DE,mobile,10.88,0
7118,1245,2025-11-19 23:12:30,CA,tablet,11.83,0
7119,856,2025-12-08 06:24:36,GB,desktop,4.91,1
7120,1029,2025-12-07 04:55:42,DE,mobile,4.76,1
7121,1044,2025-12-07 20:56:45,US,mobile,6.9,0
7122,1422,2025-11-20 02:37:30,US,desktop,11.94,0
7123,1208,2025-11-24 01:27:29,DE,desktop,9.98,0
7124,1008,2025-11-18 06:47:30,US,mobile,4.63,0
7125,152,2025-12-09 14:30:11,GB,mobile,11.03,0
7126,1809,2025-12-06 23:32:32,DE,mobile,4.12,0
7127,1776,2025-11-16 03:59:06,IN,mobile,4.97,0
7128,369,2025-11-18 09:05:13,GB,mobile,8.12,0
7129,587,2025-11-27 12:42:31,GB,desktop,3.66,0
7130,1946,2025-11-23 10:23:40,DE,desktop,4.14,0
7131,642,2025-11-24 18:21:48,CA,tablet,18.75,0
7132,1624,2025-11-22 00:08:13,DE,mobile,16.77,0
7133,1571,2025-12-01 04:27:58,GB,mobile,29.19,0
7134,1721,2025-12-07 21:50:14,IN,mobile,9.68,0
7135,32,2025-12-08 11:37:57,US,mobile,10.88,0
7136,966,2025-11-24 15:00:09,US,mobile,6.73,0
7137,1131,2025-12-05 19:18:52,GB,tablet,5.99,1
7138,1674,2025-12-01 19:08:06,GB,mobile,12.47,1
7139,449,2025-11-16 21:00:24,CA,desktop,16.73,0
7140,614,2025-12-04 18:56:26,CA,mobile,11.85,0
7141,360,2025-11-21 11:31:59,US,mobile,4.46,0
7142,1524,2025-11-29 19:19:24,GB,desktop,9.35,0
7143,1997,2025-12-02 14:05:25,US,tablet,4.65,0
7144,281,2025-12-09 06:41:34,US,mobile,6.08,0
7145,466,2025-12-09 10:01:18,GB,tablet,19.72,0
7146,614,2025-12-05 01:02:17,CA,mobile,3.6,0
7147,1778,2025-11-26 03:32:33,US,desktop,27.15,0
7148,892,2025-11-22 23:22:53,DE,mobile,10.28,1
7149,564,2025-11-24 04:55:00,GB,mobile,5.59,0
7150,645,2025-12-09 11:49:02,IN,desktop,7.7,0
7151,1196,2025-11-17 02:51:23,CA,desktop,4.9,0
7152,774,2025-11-26 16:55:35,CA,desktop,5.32,0
7153,281,2025-12-01 08:30:53,CA,mobile,7.72,1
7154,1640,2025-11-11 15:29:18,IN,desktop,6.07,0
7155,845,2025-11-30 00:21:23,US,mobile,4.22,0
7156,514,2025-11-18 18:26:32,CA,mobile,6.47,1
7157,1457,2025-11-19 09:17:51,CA,mobile,3.36,0
7158,1490,2025-11-29 14:52:41,CA,mobile,3.44,0
7159,310,2025-11-11 05:38:01,IN,mobile,3.42,1
7160,148,2025-11-15 16:08:22,GB,desktop,20.14,0
7161,91,2025-11-24 14:48:39,US,mobile,9.43,0
7162,1531,2025-11-28 11:45:42,GB,mobile,10.56,0
7163,1251,2025-11-14 05:47:54,GB,mobile,7.44,1
7164,1584,2025-11-21 19:35:00,GB,desktop,10.01,0
7165,1253,2025-11-20 04:40:00,CA,mobile,14.96,0
7166,803,2025-11-26 23:59:25,DE,mobile,9.44,0
7167,1179,2025-11-19 23:39:44,GB,desktop,19.77,0
7168,1445,2025-11-11 00:34:57,DE,tablet,7.23,0
7169,798,2025-11-26 20:53:17,DE,tablet,10.58,0
7170,1830,2025-12-06 10:05:46,IN,mobile,11.27,0
7171,1799,2025-11-28 12:14:49,CA,tablet,4.22,0
7172,1601,2025-11-21 19:49:08,CA,desktop,7.58,0
7173,1984,2025-11-25 10:32:31,IN,tablet,2.45,0
7174,781,2025-11-15 04:08:48,IN,mobile,6.84,0
7175,229,2025-11-18 01:36:25,GB,mobile,6.25,0
7176,968,2025-11-24 02:31:55,DE,mobile,6.03,0
7177,1492,2025-11-28 17:42:53,CA,desktop,5.79,0
7178,1558,2025-11-25 13:16:49,DE,mobile,10.05,0
7179,777,2025-12-09 20:30:42,GB,mobile,4.34,0
7180,585,2025-11-30 02:09:45,IN,mobile,22.56,0
7181,891,2025-11-11 15:47:14,DE,tablet,10.39,0
7182,1607,2025-11-26 16:55:03,US,mobile,4.56,1
7183,122,2025-11-28 10:51:11,IN,desktop,10.9,0
7184,656,2025-11-12 06:34:11,DE,mobile,13.42,1
7185,460,2025-11-22 12:26:45,IN,tablet,9.22,0
7186,1612,2025-12-07 02:43:17,DE,mobile,4.04,0
7187,939,2025-11-21 16:11:46,CA,mobile,28.29,0
7188,174,2025-11-24 15:55:09,US,mobile,10.84,1
7189,524,2025-11-17 14:28:05,IN,mobile,3.5,0
7190,89,2025-11-13 06:39:50,DE,desktop,8.38,0
7191,951,2025-11-20 12:20:19,CA,desktop,6.47,0
7192,1995,2025-12-04 03:40:08,IN,mobile,7.42,0
7193,1134,2025-12-10 11:06:45,CA,mobile,3.61,0
7194,1739,2025-11-30 18:32:38,GB,mobile,7.63,0
7195,1485,2025-12-05 21:28:17,IN,mobile,4.49,0
7196,1765,2025-11-30 10:49:40,CA,tablet,5.99,1
7197,622,2025-11-30 17:30:45,IN,desktop,9.32,0
7198,1902,2025-11-23 18:36:39,GB,mobile,5.55,0
7199,478,2025-11-12 19:18:12,IN,mobile,6.21,0
7200,877,2025-11-23 06:47:26,DE,desktop,12.09,0
7201,1362,2025-12-06 21:56:29,CA,desktop,4.34,0
7202,574,2025-11-27 01:23:47,DE,tablet,5.01,0
7203,529,2025-12-03 19:51:03,US,mobile,3.48,0
7204,260,2025-11-12 11:39:38,US,mobile,4.51,0
7205,9,2025-11-17 00:07:56,CA,mobile,7.98,0
7206,1002,2025-11-19 22:28:56,IN,desktop,10.84,0
7207,1973,2025-11-21 17:57:33,GB,mobile,4.56,0
7208,440,2025-12-10 14:30:59,GB,desktop,10.65,0
7209,880,2025-11-24 19:48:58,US,mobile,7.87,0
7210,1871,2025-11-30 20:00:40,US,desktop,3.22,0
7211,1544,2025-11-30 07:14:19,DE,mobile,8.2,0
7212,9,2025-11-23 12:51:55,DE,desktop,15.13,0
7213,1001,2025-12-09 22:59:18,IN,mobile,2.37,0
7214,287,2025-11-17 15:20:03,US,desktop,24.61,0
7215,494,2025-11-12 00:05:42,DE,mobile,5.12,0
7216,493,2025-12-03 07:47:00,CA,desktop,2.75,0
7217,1225,2025-11-30 13:58:16,CA,desktop,8.03,0
7218,398,2025-11-18 18:38:30,GB,mobile,12.17,0
7219,504,2025-12-07 00:09:57,DE,mobile,6.24,0
7220,452,2025-11-15 20:08:21,GB,mobile,8.91,0
7221,714,2025-11-18 11:55:43,CA,mobile,26.36,0
7222,1312,2025-11-15 14:29:00,CA,desktop,8.36,0
7223,800,2025-11-16 13:19:42,GB,mobile,44.23,0
7224,655,2025-12-02 20:18:08,IN,mobile,15.78,0
7225,1035,2025-12-02 01:44:31,GB,mobile,7.62,0
7226,1230,2025-11-30 06:03:22,DE,mobile,8.8,0
7227,31,2025-12-06 18:58:52,GB,mobile,6.1,1
7228,1780,2025-11-13 01:29:35,DE,desktop,8.58,0
7229,1832,2025-11-29 13:56:23,CA,mobile,10.35,0
7230,1205,2025-11-14 10:03:48,CA,tablet,5.8,0
7231,1149,2025-12-09 15:18:38,US,desktop,3.23,1
7232,1389,2025-11-29 23:36:09,US,mobile,16.33,0
7233,882,2025-12-03 18:22:50,CA,desktop,13.25,0
7234,731,2025-11-28 02:26:10,US,desktop,3.16,1
7235,706,2025-11-22 11:28:26,IN,mobile,8.19,0
7236,320,2025-12-01 13:09:07,CA,mobile,13.68,0
7237,1682,2025-12-06 00:58:25,IN,desktop,12.86,0
7238,641,2025-11-16 07:25:14,US,mobile,4.87,0
7239,569,2025-12-07 02:57:47,CA,mobile,13.32,0
7240,1928,2025-12-02 18:22:33,DE,mobile,7.46,0
7241,1013,2025-11-13 13:02:25,GB,mobile,9.33,0
7242,1244,2025-12-09 01:13:20,DE,desktop,4.26,0
7243,491,2025-11-16 09:00:03,DE,mobile,0.57,0
7244,555,2025-11-28 23:59:20,IN,mobile,4.63,0
7245,1456,2025-11-14 20:32:26,CA,desktop,10.2,0
7246,902,2025-11-16 20:26:47,DE,mobile,6.53,0
7247,296,2025-11-30 06:11:19,GB,mobile,10.91,0
7248,1671,2025-12-01 08:30:15,CA,mobile,14.35,0
7249,806,2025-12-01 13:50:59,CA,tablet,6.06,0
7250,1337,2025-11-21 06:15:05,US,desktop,5.71,0
7251,683,2025-12-05 13:47:17,GB,mobile,1.99,0
7252,1121,2025-11-12 10:43:11,DE,desktop,2.92,1
7253,1551,2025-12-06 14:19:12,CA,desktop,3.31,1
7254,1770,2025-11-20 00:54:59,DE,desktop,10.32,0
7255,415,2025-11-29 14:05:44,IN,desktop,6.1,0
7256,1345,2025-12-08 03:15:14,GB,desktop,5.36,0
7257,1829,2025-11-18 15:10:58,US,desktop,5.01,1
7258,1285,2025-11-23 07:15:11,CA,mobile,4.63,1
7259,287,2025-12-05 19:37:41,IN,mobile,12.86,0
7260,380,2025-12-06 21:47:30,IN,mobile,7.81,0
7261,406,2025-11-18 00:35:27,CA,mobile,13.39,0
7262,213,2025-11-26 05:28:03,US,tablet,1.98,0
7263,1507,2025-11-20 23:13:52,GB,desktop,10.17,0
7264,1930,2025-11-26 11:27:24,CA,desktop,5.53,1
7265,1034,2025-11-22 08:13:34,GB,desktop,6.24,0
7266,1198,2025-11-11 02:59:18,CA,tablet,16.64,1
7267,1547,2025-12-08 16:53:20,CA,desktop,5.85,0
7268,831,2025-11-30 01:56:51,US,mobile,9.93,0
7269,945,2025-11-24 19:37:59,IN,mobile,4.01,0
7270,1178,2025-11-14 04:51:31,DE,mobile,7.55,0
7271,609,2025-11-13 02:32:48,IN,mobile,2.84,0
7272,124,2025-11-25 07:55:53,GB,mobile,7.14,0
7273,1135,2025-11-30 10:34:33,US,mobile,9.31,0
7274,1644,2025-11-18 18:39:39,US,mobile,14.35,1
7275,147,2025-12-03 07:11:45,US,mobile,4.52,0
7276,434,2025-11-22 17:44:54,GB,tablet,5.38,0
7277,526,2025-11-11 07:12:12,GB,mobile,5.02,0
7278,1609,2025-11-27 01:55:42,CA,desktop,6.34,0
7279,1009,2025-11-16 09:36:10,IN,mobile,4.14,0
7280,1069,2025-11-11 09:38:48,US,tablet,2.03,0
7281,1290,2025-11-14 20:54:50,US,desktop,3.95,0
7282,553,2025-11-19 12:07:58,US,tablet,7.18,0
7283,1427,2025-11-26 09:55:57,GB,mobile,6.76,1
7284,61,2025-12-10 15:45:12,DE,desktop,10.29,0
7285,228,2025-11-17 12:24:13,US,mobile,12.25,0
7286,1631,2025-11-12 16:33:36,IN,mobile,5.64,0
7287,1316,2025-11-16 16:56:25,IN,desktop,2.85,1
7288,353,2025-11-20 13:11:45,US,mobile,9.41,0
7289,878,2025-11-17 03:00:38,US,mobile,7.35,0
7290,104,2025-11-20 14:39:22,GB,desktop,6.33,0
7291,1344,2025-12-10 00:57:14,US,mobile,15.37,0
7292,1511,2025-11-22 08:23:26,DE,desktop,9.68,0
7293,557,2025-11-30 00:13:43,CA,mobile,7.95,0
7294,700,2025-12-01 12:16:30,DE,mobile,8.15,0
7295,474,2025-11-14 20:56:03,DE,mobile,12.3,0
7296,779,2025-11-18 09:36:29,DE,mobile,4.89,0
7297,545,2025-11-23 10:32:54,CA,desktop,4.36,0
7298,494,2025-11-24 18:37:36,US,desktop,6.42,0
7299,860,2025-11-11 08:43:17,CA,mobile,3.64,0
7300,1718,2025-11-30 07:32:04,IN,mobile,7.19,1
7301,1525,2025-11-19 23:43:53,IN,desktop,7.83,1
7302,595,2025-11-20 15:18:16,DE,mobile,7.09,0
7303,1885,2025-11-29 01:23:49,IN,mobile,5.95,1
7304,421,2025-12-09 10:20:56,GB,mobile,19.92,0
7305,1821,2025-12-06 22:00:22,US,desktop,12.99,1
7306,619,2025-12-10 08:35:49,US,mobile,6.97,0
7307,1080,2025-11-23 08:57:16,US,mobile,7.81,0
7308,407,2025-11-14 13:23:51,GB,tablet,16.87,0
7309,1524,2025-11-17 10:44:18,DE,tablet,5.2,0
7310,635,2025-11-21 06:46:59,GB,desktop,4.14,0
7311,1745,2025-11-19 23:24:22,IN,desktop,8.47,0
7312,166,2025-11-17 04:58:21,US,tablet,9.47,1
7313,1004,2025-11-15 11:51:50,IN,desktop,9.91,0
7314,317,2025-11-16 13:43:16,CA,desktop,12.14,0
7315,1778,2025-11-30 17:11:34,GB,mobile,4.76,0
7316,834,2025-11-25 16:44:17,IN,mobile,3.17,0
7317,1349,2025-11-12 02:16:35,CA,desktop,5.2,0
7318,1759,2025-11-27 21:11:17,DE,desktop,10.48,0
7319,1071,2025-12-06 05:43:36,GB,mobile,4.25,0
7320,115,2025-11-23 17:42:08,US,desktop,2.32,0
7321,442,2025-11-20 12:37:15,CA,desktop,8.06,0
7322,426,2025-11-19 03:28:20,DE,mobile,5.26,1
7323,1828,2025-11-22 08:24:49,US,desktop,2.62,1
7324,1816,2025-11-19 07:50:25,IN,mobile,7.73,0
7325,954,2025-12-08 16:40:00,CA,desktop,5.86,0
7326,1780,2025-12-10 17:33:54,CA,tablet,20.2,0
7327,492,2025-11-21 06:23:58,US,desktop,7.79,0
7328,1359,2025-12-08 16:16:49,IN,desktop,10.5,0
7329,784,2025-12-06 13:49:12,CA,desktop,7.31,0
7330,481,2025-11-13 05:52:47,DE,mobile,5.16,0
7331,500,2025-11-25 16:38:07,IN,desktop,5.51,0
7332,840,2025-11-30 15:56:57,GB,mobile,14.13,0
7333,679,2025-11-23 15:10:01,DE,mobile,11.57,0
7334,423,2025-11-24 16:11:04,IN,mobile,3.02,0
7335,668,2025-11-25 19:01:56,IN,mobile,3.49,0
7336,258,2025-12-01 15:10:44,CA,mobile,3.61,0
7337,1939,2025-11-19 18:44:32,GB,mobile,13.96,0
7338,760,2025-11-28 21:02:40,DE,mobile,2.61,1
7339,215,2025-11-18 06:32:46,US,mobile,11.84,0
7340,1152,2025-12-07 15:29:40,DE,mobile,9.38,0
7341,1766,2025-11-13 12:11:50,IN,mobile,8.07,1
7342,720,2025-11-12 23:27:51,CA,tablet,5.56,0
7343,1690,2025-11-12 02:23:52,GB,mobile,15.08,0
7344,1222,2025-11-21 10:56:35,CA,desktop,7.91,0
7345,1478,2025-11-29 03:43:50,IN,mobile,3.11,0
7346,593,2025-12-10 12:47:18,GB,desktop,3.57,0
7347,74,2025-11-24 14:34:40,US,desktop,2.75,0
7348,692,2025-11-16 10:28:41,US,tablet,15.18,0
7349,1848,2025-11-22 00:22:07,GB,desktop,17.37,0
7350,1581,2025-11-14 18:54:46,IN,desktop,14.18,0
7351,1568,2025-11-25 03:03:48,CA,mobile,6.78,0
7352,1756,2025-12-02 20:05:33,CA,mobile,3.14,0
7353,747,2025-11-12 00:48:59,DE,mobile,3.93,0
7354,644,2025-12-04 06:59:09,IN,desktop,4.08,0
7355,1850,2025-11-17 19:47:52,DE,desktop,7.19,0
7356,1143,2025-12-01 03:16:11,GB,mobile,16.99,0
7357,596,2025-12-05 10:23:22,GB,desktop,16.95,0
7358,557,2025-12-04 06:05:37,IN,mobile,5.51,0
7359,1754,2025-12-01 01:32:49,CA,desktop,1.93,0
7360,107,2025-12-01 18:42:44,US,desktop,3.67,1
7361,124,2025-11-16 14:19:11,US,mobile,15.08,0
7362,1475,2025-11-15 00:59:15,US,desktop,8.49,0
7363,3,2025-11-22 09:44:06,GB,mobile,5.97,0
7364,342,2025-11-29 05:09:09,US,desktop,5.72,0
7365,1981,2025-11-29 12:18:43,US,desktop,4.71,0
7366,851,2025-12-04 06:35:02,US,mobile,3.59,0
7367,1455,2025-11-20 05:21:00,GB,mobile,25.62,0
7368,974,2025-12-06 22:24:17,DE,mobile,20.72,0
7369,182,2025-11-24 10:37:09,US,mobile,4.51,0
7370,369,2025-11-18 08:31:19,GB,desktop,2.58,0
7371,1522,2025-12-03 00:43:59,CA,mobile,8.18,0
7372,190,2025-11-14 18:58:58,US,mobile,6.76,0
7373,1189,2025-11-23 03:03:28,CA,mobile,10.77,0
7374,696,2025-12-04 09:37:04,IN,mobile,12.34,0
7375,741,2025-12-04 02:25:47,DE,mobile,3.66,0
7376,1904,2025-11-18 15:56:51,GB,desktop,15.93,0
7377,1212,2025-11-15 23:09:01,GB,mobile,5.98,0
7378,1230,2025-11-11 22:13:19,GB,desktop,10.64,0
7379,701,2025-11-13 15:35:00,US,mobile,6.32,0
7380,763,2025-12-05 17:23:11,GB,desktop,12.85,0
7381,1371,2025-12-04 11:25:39,CA,mobile,1.79,0
7382,78,2025-11-26 03:32:47,US,mobile,11.51,0
7383,475,2025-11-28 01:42:41,IN,mobile,4.49,0
7384,1200,2025-11-20 18:24:31,DE,desktop,7.72,1
7385,1247,2025-11-16 17:30:22,US,tablet,15.59,0
7386,185,2025-11-11 07:27:42,US,mobile,4.56,1
7387,1575,2025-12-01 02:59:20,IN,mobile,4.15,0
7388,1085,2025-11-12 00:40:06,GB,desktop,5.91,0
7389,476,2025-11-14 02:51:04,CA,mobile,5.69,0
7390,1504,2025-12-04 17:55:17,US,desktop,3.93,0
7391,1981,2025-11-28 10:52:16,US,mobile,7.88,0
7392,847,2025-11-25 15:49:15,GB,desktop,8.12,0
7393,567,2025-11-17 12:28:41,GB,mobile,9.76,0
7394,599,2025-11-15 11:01:57,US,mobile,4.52,1
7395,1185,2025-11-24 23:06:45,DE,desktop,4.19,1
7396,95,2025-11-21 17:21:24,GB,mobile,6.88,0
7397,967,2025-11-26 23:47:46,IN,desktop,6.38,0
7398,50,2025-11-15 22:15:08,GB,desktop,6.45,0
7399,78,2025-11-17 21:52:24,US,mobile,4.83,1
7400,860,2025-11-14 08:30:26,US,mobile,9.01,0
7401,1491,2025-11-23 16:51:29,US,mobile,4.2,1
7402,1766,2025-11-19 06:10:27,CA,mobile,6.87,0
7403,176,2025-11-17 16:07:28,GB,desktop,6.15,0
7404,488,2025-11-27 10:52:44,GB,desktop,7.24,0
7405,843,2025-11-25 21:22:12,IN,mobile,15.05,0
7406,1148,2025-11-17 06:26:15,US,desktop,3.36,0
7407,1974,2025-12-01 22:32:10,DE,desktop,1.76,0
7408,1368,2025-11-21 06:40:33,IN,desktop,5.17,0
7409,1077,2025-11-21 05:00:57,DE,mobile,3.7,0
7410,122,2025-11-25 07:20:34,US,mobile,1.21,0
7411,162,2025-11-15 03:20:48,US,mobile,21.07,0
7412,307,2025-11-23 13:39:15,DE,desktop,10.34,0
7413,1321,2025-11-28 10:33:30,GB,desktop,11.03,0
7414,663,2025-11-14 19:50:41,US,desktop,6.23,0
7415,482,2025-11-27 21:57:27,IN,mobile,9.51,0
7416,1340,2025-11-12 03:12:57,IN,desktop,5.73,1
7417,1630,2025-11-29 01:44:35,CA,desktop,12.04,0
7418,878,2025-11-12 00:45:47,CA,mobile,8.28,1
7419,1763,2025-11-16 05:17:37,IN,mobile,7.23,0
7420,1468,2025-11-21 11:21:42,US,mobile,7.56,0
7421,1432,2025-11-29 09:45:46,DE,desktop,17.8,0
7422,1735,2025-12-02 12:46:12,GB,mobile,8.17,0
7423,368,2025-11-25 00:51:39,CA,mobile,3.98,0
7424,1516,2025-11-14 21:44:11,DE,mobile,9.04,0
7425,1915,2025-11-22 14:13:12,GB,desktop,9.91,0
7426,1984,2025-12-04 13:51:30,CA,desktop,6.77,0
7427,1156,2025-11-13 16:15:40,IN,desktop,7.16,0
7428,1508,2025-12-02 10:31:05,GB,desktop,3.9,0
7429,1777,2025-11-22 12:59:24,US,desktop,7.83,0
7430,1704,2025-11-11 02:04:19,DE,desktop,3.57,0
7431,1795,2025-12-01 19:20:08,GB,mobile,6.36,1
7432,1664,2025-11-11 18:29:28,US,desktop,4.95,0
7433,763,2025-11-22 01:22:53,US,desktop,13.33,0
7434,1460,2025-11-16 19:39:24,DE,desktop,18.73,0
7435,821,2025-11-28 11:42:15,CA,mobile,3.72,0
7436,1603,2025-11-12 15:38:23,GB,mobile,7.37,0
7437,1620,2025-11-13 16:47:18,GB,mobile,6.13,0
7438,1869,2025-11-26 21:47:59,DE,mobile,9.76,1
7439,1177,2025-12-10 18:52:03,US,mobile,7.83,0
7440,950,2025-11-12 03:45:51,US,mobile,5.86,0
7441,331,2025-11-24 18:58:14,DE,mobile,7.82,0
7442,1276,2025-12-05 01:08:16,IN,desktop,6.5,0
7443,1133,2025-11-19 16:34:31,US,desktop,19.17,0
7444,1030,2025-11-25 18:09:55,GB,desktop,4.59,0
7445,1352,2025-12-06 03:05:07,US,mobile,8.62,0
7446,1702,2025-12-02 19:21:35,DE,mobile,10.03,0
7447,298,2025-11-19 18:20:43,DE,mobile,9.61,1
7448,863,2025-12-03 11:44:19,DE,desktop,6.18,0
7449,1444,2025-12-01 05:47:04,US,mobile,16.79,0
7450,1639,2025-11-26 04:06:10,CA,desktop,2.11,0
7451,1556,2025-11-24 04:50:52,GB,mobile,3.83,0
7452,1598,2025-12-08 17:29:38,CA,mobile,11.0,0
7453,1710,2025-12-07 04:42:52,CA,mobile,4.36,0
7454,1923,2025-12-10 16:12:22,IN,mobile,4.21,0
7455,1216,2025-12-01 05:30:31,DE,mobile,5.58,0
7456,498,2025-11-21 17:52:02,DE,desktop,4.61,0
7457,1127,2025-11-14 06:09:22,DE,mobile,10.83,0
7458,1419,2025-11-14 17:51:17,US,mobile,12.71,0
7459,202,2025-12-09 12:05:32,US,mobile,7.79,0
7460,1514,2025-11-21 20:45:51,CA,tablet,13.91,0
7461,1088,2025-11-14 06:45:04,DE,desktop,3.22,1
7462,1872,2025-11-17 16:02:51,DE,desktop,7.73,0
7463,424,2025-11-11 14:16:03,GB,mobile,16.59,0
7464,1813,2025-11-26 21:33:24,IN,desktop,13.28,0
7465,896,2025-11-28 16:43:08,GB,mobile,17.49,0
7466,1147,2025-11-22 07:40:18,IN,desktop,5.19,0
7467,1320,2025-12-03 07:00:02,DE,desktop,12.81,0
7468,1158,2025-11-25 09:09:22,DE,mobile,5.72,0
7469,1807,2025-12-09 18:23:19,GB,mobile,10.56,0
7470,335,2025-12-03 20:43:40,CA,mobile,16.22,0
7471,1460,2025-11-13 05:27:05,US,mobile,4.59,0
7472,1949,2025-11-19 04:31:40,CA,mobile,2.43,0
7473,441,2025-12-03 14:16:33,DE,mobile,22.39,0
7474,510,2025-11-27 02:12:52,IN,mobile,9.9,0
7475,950,2025-12-03 13:33:01,GB,desktop,6.93,0
7476,1449,2025-11-21 00:32:55,GB,mobile,6.7,0
7477,1918,2025-11-12 02:41:38,GB,desktop,2.1,0
7478,1591,2025-12-04 12:24:16,CA,mobile,8.37,0
7479,1588,2025-12-04 12:27:14,US,mobile,5.37,0
7480,882,2025-11-30 03:41:56,DE,mobile,7.63,0
7481,1291,2025-11-23 02:22:36,CA,desktop,7.52,1
7482,423,2025-11-11 05:21:22,IN,mobile,0.97,0
7483,926,2025-12-02 19:17:14,DE,desktop,9.91,0
7484,378,2025-11-30 18:28:11,IN,desktop,8.28,0
7485,55,2025-11-30 23:56:51,IN,desktop,8.97,1
7486,1713,2025-11-16 01:44:57,DE,mobile,6.62,0
7487,1609,2025-12-02 21:42:37,CA,mobile,7.61,0
7488,1022,2025-12-02 16:51:14,DE,mobile,8.2,0
7489,29,2025-12-06 16:37:11,CA,desktop,8.71,1
7490,181,2025-11-27 23:42:59,IN,desktop,9.83,0
7491,224,2025-12-02 21:56:37,DE,desktop,8.76,0
7492,1434,2025-11-23 00:18:01,CA,mobile,22.42,0
7493,407,2025-12-01 20:50:17,GB,desktop,4.78,0
7494,501,2025-12-01 18:57:38,CA,desktop,5.9,0
7495,1722,2025-12-04 08:32:15,DE,tablet,20.4,0
7496,1752,2025-12-06 15:58:47,IN,desktop,6.73,0
7497,1526,2025-11-11 01:31:37,DE,mobile,12.92,0
7498,619,2025-12-04 07:55:41,US,desktop,8.01,0
7499,1160,2025-12-04 17:49:11,DE,desktop,6.45,0
7500,401,2025-11-27 07:54:21,IN,mobile,13.35,0
7501,1715,2025-11-26 13:22:00,CA,mobile,10.09,0
7502,170,2025-12-02 15:34:21,DE,mobile,2.94,0
7503,1489,2025-11-24 15:02:30,IN,mobile,8.2,0
7504,1023,2025-11-23 09:15:04,IN,desktop,4.07,0
7505,1515,2025-12-05 01:39:02,IN,mobile,15.84,0
7506,902,2025-12-04 15:19:53,CA,desktop,21.16,0
7507,317,2025-11-17 04:13:48,DE,mobile,22.75,0
7508,1502,2025-12-05 20:09:00,US,desktop,9.16,0
7509,1262,2025-11-20 18:18:24,IN,desktop,5.6,0
7510,929,2025-11-15 02:05:03,GB,desktop,8.96,0
7511,746,2025-12-07 07:41:30,US,mobile,4.2,0
7512,688,2025-11-18 02:36:55,CA,tablet,30.18,0
7513,962,2025-11-17 01:22:13,CA,mobile,15.13,0
7514,524,2025-11-19 01:37:28,CA,desktop,8.87,0
7515,565,2025-11-25 17:08:44,GB,mobile,13.44,0
7516,557,2025-11-15 22:48:41,IN,mobile,5.5,0
7517,26,2025-11-15 18:06:48,DE,desktop,3.8,0
7518,1855,2025-11-22 17:51:28,US,mobile,1.96,0
7519,473,2025-11-17 12:08:52,US,mobile,7.77,0
7520,330,2025-11-16 18:13:00,IN,mobile,6.52,0
7521,303,2025-12-08 07:59:25,DE,mobile,10.09,1
7522,1976,2025-11-28 20:01:15,IN,tablet,7.45,0
7523,954,2025-11-11 09:10:49,GB,desktop,9.82,0
7524,654,2025-11-14 00:23:45,IN,mobile,12.02,0
7525,808,2025-12-05 09:16:05,CA,desktop,3.08,0
7526,177,2025-11-19 01:34:28,GB,desktop,12.45,0
7527,628,2025-11-15 12:57:31,IN,desktop,5.79,0
7528,498,2025-11-30 22:24:27,GB,mobile,10.08,0
7529,1606,2025-12-06 02:36:47,GB,mobile,13.64,0
7530,117,2025-11-22 22:11:06,DE,mobile,13.7,0
7531,851,2025-12-03 06:06:14,GB,desktop,7.98,0
7532,1580,2025-11-23 14:41:09,DE,desktop,8.22,0
7533,1667,2025-11-14 05:34:31,US,desktop,12.62,0
7534,1025,2025-12-04 21:44:20,DE,mobile,3.0,0
7535,445,2025-12-08 12:52:32,US,desktop,4.17,0
7536,674,2025-12-10 12:04:51,GB,mobile,6.25,0
7537,445,2025-11-13 23:16:37,CA,desktop,3.32,0
7538,1324,2025-11-27 22:04:53,GB,mobile,6.28,0
7539,585,2025-11-29 16:05:42,DE,desktop,6.08,0
7540,1261,2025-11-13 08:09:40,GB,tablet,7.79,1
7541,1311,2025-12-09 12:25:08,CA,mobile,7.14,0
7542,1879,2025-11-14 01:19:22,CA,desktop,14.04,0
7543,741,2025-11-19 00:43:03,CA,desktop,10.42,0
7544,1922,2025-12-10 00:33:11,GB,mobile,7.08,0
7545,802,2025-11-27 15:37:27,GB,mobile,6.05,1
7546,1361,2025-12-01 08:16:54,DE,desktop,7.18,0
7547,1323,2025-11-25 18:42:09,CA,mobile,7.26,0
7548,1635,2025-12-03 13:00:37,IN,mobile,33.49,0
7549,938,2025-11-13 09:53:26,DE,desktop,3.08,0
7550,1585,2025-12-01 05:46:57,CA,mobile,4.24,1
7551,711,2025-11-12 23:12:43,DE,desktop,3.88,0
7552,983,2025-11-16 08:33:26,GB,desktop,8.68,0
7553,999,2025-11-26 03:43:46,GB,mobile,8.48,0
7554,1409,2025-11-24 10:03:12,IN,desktop,5.24,0
7555,1237,2025-11-15 13:03:51,IN,mobile,12.65,0
7556,157,2025-12-04 21:51:02,CA,mobile,9.22,0
7557,1618,2025-11-20 00:34:31,GB,desktop,12.97,0
7558,1516,2025-12-06 23:00:50,US,tablet,15.21,0
7559,209,2025-11-11 10:01:41,GB,mobile,2.06,0
7560,1923,2025-11-18 02:06:51,IN,tablet,11.15,0
7561,1321,2025-11-19 20:57:59,GB,desktop,3.41,0
7562,170,2025-11-28 20:19:30,GB,mobile,8.58,0
7563,983,2025-11-22 23:58:28,GB,mobile,7.07,0
7564,1672,2025-11-15 16:20:46,CA,mobile,7.26,0
7565,560,2025-11-28 02:23:57,IN,desktop,3.59,0
7566,1866,2025-12-09 17:11:31,DE,mobile,13.71,0
7567,837,2025-11-14 23:28:22,IN,mobile,3.41,0
7568,453,2025-11-18 12:49:11,US,mobile,11.59,0
7569,713,2025-11-25 07:44:46,GB,tablet,3.13,0
7570,1050,2025-12-02 18:24:36,CA,mobile,7.31,0
7571,1376,2025-11-15 01:35:35,IN,mobile,21.82,0
7572,1855,2025-11-17 21:38:02,DE,mobile,30.48,0
7573,390,2025-11-18 00:34:07,DE,mobile,2.8,0
7574,1920,2025-11-29 10:47:29,IN,mobile,4.84,1
7575,1055,2025-11-13 10:34:12,IN,desktop,5.4,0
7576,256,2025-11-30 17:54:11,GB,desktop,28.59,0
7577,1853,2025-11-23 17:34:09,GB,mobile,7.09,0
7578,698,2025-11-20 19:42:03,US,desktop,14.08,0
7579,1241,2025-12-06 19:59:04,GB,mobile,8.84,0
7580,1396,2025-12-05 12:47:35,DE,desktop,3.6,1
7581,27,2025-12-05 01:21:08,CA,mobile,2.42,1
7582,443,2025-12-07 12:41:59,IN,desktop,5.11,0
7583,1373,2025-11-17 23:38:52,DE,tablet,29.67,1
7584,650,2025-12-06 14:52:59,CA,desktop,8.62,0
7585,19,2025-11-16 05:56:48,DE,mobile,13.91,0
7586,47,2025-11-20 21:24:26,GB,mobile,3.16,0
7587,1653,2025-11-27 15:12:22,GB,desktop,6.08,0
7588,307,2025-12-03 07:09:27,DE,mobile,11.79,0
7589,201,2025-11-28 07:09:20,GB,mobile,3.84,0
7590,1125,2025-11-27 18:03:58,GB,mobile,7.11,0
7591,238,2025-11-22 06:17:17,IN,mobile,4.36,0
7592,1306,2025-11-28 17:55:30,DE,mobile,12.13,0
7593,1088,2025-11-25 05:18:31,GB,mobile,9.38,0
7594,1298,2025-11-25 06:58:43,US,desktop,11.13,0
7595,983,2025-11-28 12:57:06,DE,mobile,12.46,0
7596,1556,2025-11-28 23:25:14,GB,mobile,6.45,0
7597,1289,2025-11-20 20:48:19,DE,mobile,13.49,0
7598,831,2025-11-15 00:54:13,US,tablet,5.19,0
7599,31,2025-11-19 22:54:55,GB,mobile,10.76,0
7600,547,2025-11-23 05:36:10,DE,desktop,2.26,0
7601,263,2025-11-15 19:05:53,US,desktop,4.72,1
7602,32,2025-11-16 07:09:23,GB,desktop,29.65,0
7603,547,2025-12-09 11:56:41,DE,mobile,10.66,0
7604,414,2025-11-19 08:54:31,DE,desktop,10.66,0
7605,154,2025-12-03 03:17:59,GB,mobile,4.51,0
7606,625,2025-11-14 19:15:33,US,mobile,3.83,0
7607,1013,2025-12-10 03:17:27,US,mobile,6.31,1
7608,357,2025-11-17 08:13:46,IN,tablet,7.1,0
7609,546,2025-11-22 18:48:39,DE,mobile,23.31,0
7610,41,2025-12-04 10:13:18,IN,mobile,13.62,1
7611,101,2025-11-17 00:15:56,IN,desktop,7.89,0
7612,315,2025-11-27 11:06:54,US,mobile,7.69,0
7613,906,2025-12-04 12:47:38,GB,mobile,11.65,0
7614,1332,2025-11-11 16:15:20,US,desktop,3.35,0
7615,1576,2025-11-11 17:29:53,IN,desktop,2.33,0
7616,1259,2025-12-04 14:58:13,GB,desktop,11.54,0
7617,1234,2025-11-18 20:24:25,US,mobile,7.72,0
7618,1871,2025-12-08 06:03:00,DE,mobile,3.36,0
7619,512,2025-12-08 18:57:22,GB,mobile,2.1,0
7620,1596,2025-12-07 09:08:30,CA,desktop,12.63,0
7621,1873,2025-12-10 20:54:51,IN,mobile,5.4,1
7622,1135,2025-12-05 15:48:17,US,mobile,9.39,0
7623,1681,2025-11-22 11:20:15,DE,mobile,6.31,0
7624,275,2025-12-10 17:37:43,DE,mobile,7.24,0
7625,1757,2025-11-21 08:15:29,CA,mobile,5.18,0
7626,1128,2025-11-28 13:26:31,DE,mobile,7.06,0
7627,443,2025-11-11 03:20:48,GB,mobile,10.45,0
7628,124,2025-12-09 20:17:45,DE,mobile,6.26,0
7629,1440,2025-11-28 17:21:56,DE,mobile,6.05,1
7630,862,2025-12-09 10:24:02,IN,mobile,10.64,0
7631,620,2025-11-21 13:16:12,DE,mobile,11.07,0
7632,781,2025-11-20 08:45:52,CA,desktop,3.73,0
7633,1982,2025-11-26 15:21:57,DE,mobile,7.26,0
7634,856,2025-12-06 20:54:18,IN,mobile,5.4,0
7635,158,2025-11-27 10:26:10,IN,mobile,7.45,0
7636,560,2025-12-04 17:48:47,CA,mobile,17.47,0
7637,291,2025-11-17 09:38:03,CA,mobile,9.16,0
7638,1371,2025-12-04 05:48:28,GB,mobile,27.07,0
7639,1600,2025-12-02 22:36:16,US,mobile,8.43,0
7640,1682,2025-12-07 20:33:17,CA,desktop,6.69,1
7641,1266,2025-11-12 16:43:53,GB,desktop,7.3,0
7642,1537,2025-11-22 11:50:58,CA,mobile,8.05,0
7643,835,2025-11-13 15:05:50,US,mobile,8.97,0
7644,1255,2025-11-22 23:16:20,CA,tablet,4.07,0
7645,214,2025-12-03 17:38:22,DE,mobile,6.42,0
7646,1077,2025-11-30 04:04:13,GB,tablet,4.78,0
7647,1115,2025-12-03 13:23:19,US,desktop,13.71,0
7648,63,2025-12-03 02:27:07,CA,mobile,2.33,0
7649,1097,2025-12-10 17:39:07,US,mobile,8.12,0
7650,1446,2025-12-07 08:38:36,US,mobile,2.97,0
7651,735,2025-11-28 13:19:55,DE,desktop,9.58,0
7652,1090,2025-12-07 05:50:29,DE,mobile,5.82,0
7653,572,2025-11-12 09:43:41,US,desktop,2.48,1
7654,542,2025-12-02 14:35:50,GB,mobile,13.01,0
7655,259,2025-11-26 15:05:51,DE,desktop,1.63,0
7656,656,2025-12-09 16:11:44,DE,desktop,7.25,1
7657,1606,2025-11-26 01:56:15,GB,mobile,11.19,0
7658,1871,2025-11-16 07:50:43,IN,mobile,16.88,0
7659,1271,2025-12-02 16:35:26,US,mobile,2.81,0
7660,1249,2025-12-09 11:28:38,US,desktop,5.42,1
7661,1228,2025-11-11 10:52:47,CA,desktop,14.16,1
7662,952,2025-11-12 21:27:02,GB,mobile,14.74,0
7663,846,2025-11-30 19:21:33,CA,desktop,15.93,0
7664,1242,2025-11-27 15:16:49,US,mobile,34.36,1
7665,1569,2025-11-27 10:13:38,CA,mobile,5.45,1
7666,828,2025-11-13 16:10:28,IN,desktop,9.24,0
7667,1132,2025-11-28 03:08:49,CA,mobile,6.0,0
7668,940,2025-11-28 00:11:36,CA,desktop,2.26,0
7669,571,2025-12-06 10:42:50,GB,mobile,7.0,0
7670,581,2025-11-22 16:06:42,DE,mobile,2.23,0
7671,158,2025-11-21 09:43:25,GB,mobile,5.41,0
7672,880,2025-11-13 09:59:29,DE,mobile,3.06,0
7673,1425,2025-11-27 23:23:56,CA,mobile,9.61,0
7674,1371,2025-11-30 09:52:36,CA,desktop,4.63,0
7675,1971,2025-11-19 09:21:19,DE,mobile,2.53,0
7676,80,2025-12-02 21:41:43,GB,mobile,12.42,0
7677,1521,2025-12-09 02:37:51,US,mobile,5.14,0
7678,1590,2025-11-16 04:38:46,IN,mobile,5.7,0
7679,873,2025-11-28 03:34:22,US,mobile,4.11,0
7680,566,2025-12-01 19:13:37,IN,desktop,14.72,0
7681,714,2025-11-11 12:31:40,CA,desktop,8.69,1
7682,1365,2025-11-16 08:08:49,US,mobile,5.11,0
7683,1724,2025-11-22 20:05:22,CA,mobile,2.34,0
7684,1285,2025-11-15 02:09:29,IN,mobile,33.33,0
7685,1028,2025-11-21 15:12:12,US,mobile,24.23,0
7686,1305,2025-11-15 09:20:03,DE,desktop,17.56,0
7687,142,2025-12-07 20:47:57,US,mobile,4.85,0
7688,1216,2025-11-28 22:34:09,DE,tablet,5.47,0
7689,85,2025-11-20 20:14:11,IN,mobile,9.4,0
7690,1918,2025-12-04 07:57:43,DE,desktop,4.32,0
7691,1778,2025-11-11 12:29:33,GB,desktop,4.08,0
7692,1017,2025-11-28 20:59:46,US,desktop,17.73,0
7693,748,2025-12-01 11:18:42,GB,desktop,7.15,0
7694,1464,2025-12-05 05:57:56,DE,mobile,3.77,0
7695,1275,2025-11-17 15:16:11,CA,desktop,13.09,0
7696,1411,2025-11-28 17:05:47,GB,mobile,5.24,0
7697,1031,2025-12-03 23:57:38,GB,mobile,2.25,0
7698,473,2025-12-04 21:18:14,CA,mobile,3.74,0
7699,147,2025-11-16 05:42:01,GB,mobile,5.42,0
7700,567,2025-12-10 06:19:44,GB,tablet,8.43,0
7701,1058,2025-11-19 04:29:15,CA,mobile,8.19,0
7702,848,2025-11-22 16:43:25,IN,mobile,15.44,0
7703,1013,2025-11-16 17:30:54,IN,mobile,6.41,0
7704,556,2025-11-15 11:11:28,IN,desktop,5.59,0
7705,1875,2025-11-18 15:09:59,DE,desktop,15.6,0
7706,734,2025-11-15 00:43:06,GB,tablet,13.29,0
7707,1692,2025-12-02 22:49:32,DE,mobile,6.5,0
7708,782,2025-11-28 21:24:59,GB,mobile,8.8,0
7709,887,2025-11-22 16:03:11,IN,mobile,5.56,0
7710,1208,2025-11-27 09:08:49,US,mobile,3.68,0
7711,527,2025-11-29 02:15:31,US,desktop,27.61,0
7712,440,2025-11-16 11:52:56,IN,tablet,5.34,0
7713,759,2025-11-19 21:02:34,US,mobile,8.82,0
7714,1608,2025-12-07 10:20:54,CA,mobile,2.98,0
7715,290,2025-11-11 07:56:34,CA,desktop,11.49,0
7716,875,2025-12-09 16:05:29,GB,mobile,3.58,1
7717,1344,2025-12-09 21:31:15,GB,desktop,20.22,0
7718,1412,2025-11-18 13:32:52,IN,mobile,21.72,0
7719,869,2025-11-20 14:08:41,GB,mobile,10.37,0
7720,163,2025-11-17 04:11:18,CA,mobile,7.92,0
7721,32,2025-11-27 18:54:23,US,mobile,6.6,0
7722,940,2025-11-17 09:15:23,IN,desktop,7.18,0
7723,1620,2025-12-04 16:31:26,US,mobile,9.45,0
7724,57,2025-11-22 14:10:34,CA,mobile,7.8,0
7725,1775,2025-12-09 23:47:06,US,tablet,13.32,0
7726,1352,2025-12-06 13:33:22,IN,mobile,4.26,0
7727,17,2025-11-23 00:10:44,CA,mobile,18.48,0
7728,688,2025-11-28 20:19:27,IN,tablet,5.73,0
7729,441,2025-11-11 16:47:26,US,mobile,4.72,0
7730,1898,2025-11-12 23:52:16,US,desktop,9.18,0
7731,1110,2025-11-26 03:34:21,DE,mobile,9.54,0
7732,648,2025-11-25 03:46:39,US,desktop,2.61,1
7733,556,2025-11-22 22:00:22,GB,mobile,5.54,0
7734,1128,2025-11-13 16:16:17,DE,mobile,2.01,0
7735,11,2025-12-06 03:56:10,GB,tablet,4.93,0
7736,515,2025-11-23 03:42:24,CA,mobile,5.06,0
7737,331,2025-11-25 01:38:30,DE,mobile,8.83,0
7738,1240,2025-11-23 01:46:02,US,mobile,4.61,0
7739,1338,2025-11-25 21:19:26,CA,mobile,5.31,0
7740,934,2025-11-30 10:02:48,CA,mobile,16.16,0
7741,280,2025-12-03 21:18:02,GB,mobile,25.5,0
7742,741,2025-11-27 10:50:22,GB,mobile,4.25,0
7743,1685,2025-11-15 22:43:59,GB,tablet,13.62,0
7744,408,2025-12-07 05:03:22,IN,desktop,9.32,0
7745,327,2025-11-19 12:09:59,IN,tablet,2.6,1
7746,223,2025-11-11 10:57:03,CA,mobile,4.6,0
7747,1633,2025-11-12 03:20:30,DE,mobile,1.2,0
7748,240,2025-12-04 04:30:42,CA,mobile,8.97,1
7749,1163,2025-11-22 13:50:32,GB,mobile,3.87,1
7750,1998,2025-11-11 15:32:48,IN,mobile,8.01,0
7751,1283,2025-12-05 07:28:14,US,desktop,34.56,0
7752,825,2025-11-20 02:19:17,GB,desktop,19.22,0
7753,414,2025-12-10 07:21:35,IN,mobile,4.66,0
7754,4,2025-12-07 08:35:24,US,mobile,4.03,0
7755,311,2025-11-12 09:54:47,CA,mobile,16.05,0
7756,1905,2025-12-01 16:19:51,GB,mobile,4.04,0
7757,288,2025-11-29 01:32:54,US,mobile,13.39,0
7758,40,2025-11-16 03:04:13,DE,desktop,38.15,1
7759,1632,2025-11-21 06:14:21,US,mobile,11.08,0
7760,837,2025-11-25 16:35:51,GB,mobile,15.04,0
7761,714,2025-11-15 08:26:07,US,desktop,14.02,0
7762,1435,2025-12-02 15:00:13,DE,tablet,5.29,0
7763,1046,2025-11-19 06:53:13,CA,desktop,8.79,0
7764,1829,2025-12-09 02:07:11,US,mobile,4.16,0
7765,935,2025-12-05 00:26:48,IN,mobile,16.02,0
7766,1426,2025-11-29 23:56:38,IN,desktop,3.85,0
7767,1757,2025-11-14 13:27:55,DE,desktop,11.25,0
7768,927,2025-11-11 16:59:56,GB,tablet,14.57,0
7769,569,2025-11-15 08:17:38,IN,mobile,5.5,0
7770,1948,2025-11-25 23:01:05,IN,desktop,4.79,0
7771,454,2025-12-04 09:44:18,US,mobile,6.67,0
7772,79,2025-11-15 13:21:54,IN,mobile,4.33,0
7773,1156,2025-12-02 04:32:17,IN,mobile,8.12,0
7774,1973,2025-11-12 09:38:02,CA,mobile,4.26,1
7775,173,2025-11-18 22:28:14,IN,mobile,4.45,0
7776,1698,2025-11-28 22:09:37,CA,mobile,10.26,0
7777,1661,2025-12-05 19:39:42,GB,desktop,10.7,0
7778,1857,2025-12-04 06:36:59,DE,desktop,6.2,0
7779,843,2025-11-26 22:44:26,CA,mobile,2.75,0
7780,510,2025-11-12 01:11:46,US,desktop,14.92,1
7781,1024,2025-11-19 18:28:21,IN,mobile,5.65,0
7782,285,2025-12-04 11:25:01,CA,mobile,25.47,0
7783,1685,2025-11-13 09:42:11,IN,tablet,6.82,0
7784,1326,2025-12-02 03:49:55,CA,mobile,8.02,0
7785,967,2025-12-02 02:03:22,IN,mobile,5.7,0
7786,1032,2025-12-03 12:39:48,CA,desktop,8.55,0
7787,1424,2025-11-17 11:38:24,DE,mobile,59.5,0
7788,1046,2025-11-18 07:26:13,IN,mobile,5.99,0
7789,1679,2025-11-16 22:09:15,GB,desktop,15.89,0
7790,1849,2025-11-22 18:37:17,US,desktop,7.8,0
7791,1899,2025-11-26 16:28:43,GB,mobile,14.94,0
7792,1240,2025-11-14 13:27:12,DE,desktop,2.32,0
7793,1485,2025-11-27 23:45:32,IN,mobile,23.73,0
7794,622,2025-11-18 03:14:03,GB,mobile,9.07,0
7795,77,2025-11-27 19:58:41,IN,mobile,6.29,0
7796,800,2025-11-20 01:14:28,GB,mobile,12.7,0
7797,1743,2025-12-09 14:34:17,CA,tablet,8.06,0
7798,267,2025-11-20 13:13:37,GB,desktop,3.71,0
7799,1091,2025-12-07 02:34:24,IN,mobile,1.73,0
7800,385,2025-11-16 05:15:41,IN,mobile,22.1,0
7801,859,2025-11-13 12:22:22,DE,mobile,6.46,0
7802,287,2025-11-16 15:06:18,GB,desktop,5.12,0
7803,1469,2025-11-23 13:10:53,US,mobile,5.36,0
7804,1620,2025-12-08 00:17:29,DE,tablet,17.79,1
7805,1516,2025-11-16 06:07:53,IN,mobile,5.51,0
7806,1410,2025-12-04 11:38:10,DE,mobile,10.88,0
7807,471,2025-12-01 21:00:25,IN,tablet,6.04,0
7808,1061,2025-11-21 07:15:24,IN,desktop,3.48,0
7809,210,2025-11-21 01:26:55,CA,mobile,12.69,0
7810,749,2025-12-09 09:32:10,US,mobile,14.32,1
7811,1012,2025-12-02 09:46:04,US,desktop,4.92,0
7812,1337,2025-11-18 03:15:25,CA,desktop,7.22,0
7813,194,2025-12-08 07:46:14,CA,desktop,7.83,0
7814,1625,2025-11-23 04:08:36,IN,desktop,9.65,0
7815,918,2025-11-13 08:36:49,IN,tablet,24.11,0
7816,1762,2025-12-05 08:58:15,IN,mobile,6.08,0
7817,1055,2025-12-07 00:42:55,CA,mobile,6.06,0
7818,1094,2025-11-24 06:06:39,IN,mobile,6.65,0
7819,1385,2025-12-02 02:03:36,DE,desktop,4.2,0
7820,1639,2025-11-18 00:09:46,GB,mobile,2.63,1
7821,316,2025-12-06 11:29:30,GB,mobile,8.01,0
7822,1023,2025-11-22 00:34:41,DE,desktop,10.14,0
7823,60,2025-11-18 23:41:36,GB,mobile,7.4,0
7824,949,2025-11-25 23:45:07,US,tablet,7.12,0
7825,1627,2025-11-18 23:38:08,US,mobile,4.31,0
7826,1730,2025-11-29 14:05:48,CA,desktop,8.6,0
7827,567,2025-12-03 09:33:45,GB,mobile,8.18,0
7828,773,2025-11-23 03:16:10,US,mobile,9.83,1
7829,1103,2025-12-04 11:18:46,CA,mobile,8.97,0
7830,792,2025-11-23 21:46:18,CA,mobile,9.36,0
7831,356,2025-12-10 01:46:57,IN,desktop,16.3,0
7832,610,2025-11-18 21:16:19,DE,desktop,10.42,1
7833,808,2025-12-02 02:38:33,DE,mobile,9.86,1
7834,1037,2025-11-27 00:40:58,US,mobile,2.6,0
7835,1841,2025-12-09 06:34:34,GB,tablet,13.9,0
7836,1090,2025-11-17 13:14:28,IN,mobile,6.18,0
7837,774,2025-11-16 20:53:31,IN,tablet,7.75,0
7838,1321,2025-12-06 23:51:05,GB,mobile,3.44,0
7839,1546,2025-12-08 00:01:26,US,mobile,25.89,0
7840,861,2025-12-03 09:20:13,CA,mobile,1.67,1
7841,979,2025-11-25 05:08:57,DE,mobile,18.04,0
7842,436,2025-11-23 06:38:01,DE,desktop,9.54,0
7843,1729,2025-11-30 23:09:52,IN,desktop,2.36,0
7844,1733,2025-12-03 09:14:12,IN,desktop,25.07,0
7845,350,2025-11-19 05:56:08,IN,desktop,10.06,0
7846,692,2025-11-11 04:16:11,IN,desktop,1.8,0
7847,544,2025-11-13 04:11:35,DE,desktop,5.73,0
7848,1845,2025-11-21 07:15:54,CA,desktop,10.18,0
7849,131,2025-12-01 10:03:45,DE,desktop,20.65,1
7850,415,2025-11-24 04:14:58,DE,mobile,5.78,0
7851,630,2025-11-29 12:27:57,US,mobile,1.51,0
7852,1120,2025-11-25 01:29:15,IN,mobile,17.73,0
7853,498,2025-11-18 12:25:36,CA,mobile,9.96,0
7854,1073,2025-12-03 10:19:09,GB,mobile,1.94,0
7855,1494,2025-12-02 16:06:59,IN,mobile,9.08,0
7856,1657,2025-12-09 20:27:14,GB,mobile,9.67,0
7857,199,2025-12-05 17:43:34,US,mobile,6.08,0
7858,278,2025-11-22 08:49:50,DE,desktop,4.5,0
7859,191,2025-12-02 02:38:52,GB,desktop,5.13,0
7860,1819,2025-11-21 11:39:52,IN,mobile,6.08,0
7861,1304,2025-12-07 03:40:17,IN,tablet,9.14,0
7862,1063,2025-11-29 06:48:13,CA,tablet,11.86,0
7863,1582,2025-12-06 00:10:07,CA,desktop,2.04,0
7864,1172,2025-11-19 09:44:07,IN,mobile,8.62,0
7865,471,2025-11-11 09:58:32,US,mobile,9.9,0
7866,1020,2025-11-15 05:00:18,IN,mobile,8.18,0
7867,1406,2025-11-26 21:48:56,CA,desktop,5.8,0
7868,73,2025-12-09 19:32:31,IN,desktop,17.32,1
7869,1213,2025-11-29 18:42:11,IN,desktop,16.55,0
7870,994,2025-12-05 06:05:39,DE,desktop,5.93,0
7871,139,2025-11-25 01:05:26,IN,tablet,7.03,0
7872,527,2025-12-09 17:21:08,IN,mobile,11.74,1
7873,897,2025-12-09 04:43:20,IN,tablet,15.95,0
7874,686,2025-11-17 12:04:20,CA,desktop,4.53,0
7875,580,2025-12-06 19:59:39,IN,mobile,3.94,0
7876,1298,2025-11-11 12:03:19,GB,desktop,8.71,0
7877,809,2025-11-28 17:54:02,IN,mobile,3.77,0
7878,995,2025-11-24 02:03:40,DE,mobile,2.3,0
7879,1596,2025-11-20 00:10:49,CA,tablet,4.52,0
7880,187,2025-12-08 23:25:52,CA,mobile,9.49,1
7881,720,2025-11-30 20:06:17,DE,mobile,18.77,0
7882,147,2025-11-15 02:49:37,DE,tablet,4.83,0
7883,1854,2025-11-15 03:30:03,IN,mobile,6.86,0
7884,372,2025-11-14 11:36:22,GB,mobile,8.11,0
7885,1639,2025-11-20 02:08:19,IN,mobile,5.01,0
7886,382,2025-11-13 00:52:43,DE,mobile,4.78,1
7887,648,2025-11-18 21:27:10,IN,mobile,9.03,0
7888,1216,2025-12-03 22:02:44,GB,mobile,3.6,0
7889,1662,2025-12-07 04:17:15,US,desktop,4.66,1
7890,356,2025-12-04 13:05:59,US,mobile,6.54,0
7891,427,2025-11-25 20:23:29,IN,mobile,8.97,0
7892,1763,2025-12-01 19:54:12,DE,mobile,2.98,0
7893,644,2025-12-09 06:51:46,DE,mobile,6.83,0
7894,420,2025-11-12 13:36:10,CA,desktop,3.41,0
7895,1487,2025-12-08 02:31:12,DE,mobile,4.9,0
7896,183,2025-12-02 16:00:01,US,mobile,11.86,0
7897,1734,2025-11-22 13:26:13,CA,mobile,7.07,0
7898,1751,2025-11-24 10:14:43,CA,mobile,20.11,0
7899,1713,2025-11-24 02:59:02,CA,mobile,7.08,0
7900,591,2025-11-15 16:55:00,IN,mobile,13.21,0
7901,229,2025-11-17 21:03:45,GB,mobile,11.9,0
7902,851,2025-11-19 19:43:24,CA,mobile,7.33,0
7903,669,2025-11-11 03:25:08,US,mobile,3.36,0
7904,1918,2025-11-26 00:03:30,DE,desktop,6.94,0
7905,1263,2025-11-25 06:20:07,CA,mobile,5.37,1
7906,1888,2025-11-20 20:34:54,CA,mobile,5.24,0
7907,1502,2025-11-16 06:15:40,IN,mobile,8.11,0
7908,1430,2025-12-10 01:27:07,CA,mobile,3.1,0
7909,224,2025-12-01 07:45:11,CA,mobile,4.37,0
7910,138,2025-11-25 05:02:48,CA,mobile,4.03,0
7911,93,2025-12-02 15:33:18,GB,mobile,6.34,1
7912,1187,2025-11-22 03:10:52,DE,mobile,4.66,0
7913,404,2025-11-17 10:24:47,CA,mobile,4.85,0
7914,1978,2025-12-01 03:54:42,GB,tablet,8.01,0
7915,266,2025-12-04 02:04:31,GB,desktop,5.66,0
7916,1893,2025-11-30 11:37:30,GB,mobile,7.41,0
7917,1335,2025-11-27 23:02:20,GB,tablet,3.78,1
7918,212,2025-11-11 00:59:20,DE,mobile,4.49,0
7919,117,2025-11-30 02:29:35,CA,mobile,25.14,0
7920,792,2025-11-29 12:32:01,US,mobile,4.86,0
7921,678,2025-11-23 08:11:46,GB,tablet,2.09,0
7922,631,2025-11-18 06:44:47,CA,mobile,9.07,0
7923,1057,2025-12-10 08:11:28,IN,desktop,4.83,1
7924,260,2025-11-22 05:24:03,GB,desktop,8.55,0
7925,259,2025-11-19 03:05:50,DE,mobile,7.0,0
7926,1389,2025-12-02 03:48:14,CA,mobile,10.28,0
7927,1980,2025-11-25 10:14:56,GB,mobile,6.96,0
7928,548,2025-11-27 16:33:03,IN,desktop,6.45,0
7929,1863,2025-11-30 10:00:49,DE,mobile,14.71,0
7930,690,2025-11-22 00:39:52,CA,mobile,1.95,0
7931,672,2025-11-15 12:53:24,IN,mobile,3.34,0
7932,181,2025-11-15 23:46:05,CA,desktop,4.5,0
7933,847,2025-12-09 03:46:46,DE,desktop,2.68,0
7934,996,2025-11-26 03:10:47,IN,mobile,5.54,0
7935,1327,2025-11-23 11:28:35,IN,mobile,5.22,0
7936,317,2025-11-20 13:10:34,DE,mobile,13.26,0
7937,378,2025-12-02 14:48:40,US,mobile,7.01,0
7938,864,2025-12-08 08:32:26,GB,mobile,6.5,0
7939,140,2025-12-04 00:52:32,GB,desktop,5.88,0
7940,287,2025-11-26 23:57:44,CA,mobile,3.93,0
7941,1258,2025-11-25 05:33:40,CA,mobile,12.61,0
7942,1907,2025-12-06 22:43:36,CA,mobile,15.27,0
7943,1146,2025-12-06 15:47:14,US,mobile,3.57,0
7944,290,2025-11-22 16:09:47,GB,mobile,19.53,0
7945,1981,2025-12-09 21:31:07,GB,desktop,4.94,0
7946,1044,2025-12-05 18:59:15,US,mobile,4.7,0
7947,1433,2025-12-06 08:31:03,GB,mobile,9.81,1
7948,394,2025-11-12 15:56:21,IN,mobile,10.35,0
7949,1157,2025-11-14 20:50:29,CA,mobile,7.08,0
7950,153,2025-11-19 21:52:42,US,desktop,6.0,1
7951,1251,2025-12-03 19:20:49,CA,desktop,14.93,0
7952,405,2025-11-13 07:31:10,CA,desktop,5.08,0
7953,1819,2025-11-13 10:54:05,US,desktop,7.09,0
7954,110,2025-11-11 22:01:15,GB,desktop,20.42,0
7955,1305,2025-11-16 17:25:06,IN,mobile,3.31,1
7956,279,2025-12-08 12:48:48,CA,mobile,5.61,0
7957,1374,2025-12-02 14:30:10,DE,desktop,13.67,0
7958,987,2025-12-02 11:22:41,CA,mobile,10.14,0
7959,1934,2025-11-19 17:51:24,GB,mobile,12.63,0
7960,1303,2025-11-29 17:18:43,CA,tablet,3.34,0
7961,744,2025-12-04 08:06:04,CA,mobile,8.96,0
7962,175,2025-11-26 22:37:39,IN,mobile,6.23,0
7963,1191,2025-12-06 15:39:03,US,mobile,28.89,0
7964,882,2025-11-28 01:18:42,GB,mobile,12.01,0
7965,105,2025-11-20 16:56:02,US,mobile,7.29,0
7966,1162,2025-11-30 03:05:23,CA,mobile,8.77,0
7967,420,2025-12-09 06:17:28,GB,mobile,7.63,0
7968,469,2025-12-05 18:22:12,DE,mobile,11.24,1
7969,18,2025-11-25 22:07:39,GB,mobile,4.42,0
7970,744,2025-11-28 20:59:33,CA,mobile,16.76,0
7971,437,2025-12-10 05:55:34,DE,mobile,3.34,0
7972,144,2025-12-03 10:12:39,GB,mobile,8.36,0
7973,869,2025-11-26 01:02:10,IN,desktop,4.51,0
7974,441,2025-11-19 09:32:13,US,mobile,7.58,0
7975,269,2025-12-08 03:27:44,US,tablet,13.37,1
7976,934,2025-12-10 06:30:04,CA,desktop,2.64,0
7977,127,2025-11-13 02:09:42,CA,mobile,6.67,1
7978,1980,2025-11-11 22:11:55,CA,mobile,3.11,0
7979,942,2025-11-14 10:06:12,DE,mobile,6.25,1
7980,1992,2025-11-22 13:34:04,GB,mobile,3.11,0
7981,1762,2025-11-15 18:20:36,US,tablet,8.14,0
7982,1959,2025-12-07 10:18:30,DE,desktop,5.72,0
7983,1085,2025-12-08 09:28:03,GB,desktop,11.57,0
7984,846,2025-11-16 09:12:33,US,desktop,15.44,0
7985,1440,2025-12-05 20:09:47,US,tablet,7.44,1
7986,162,2025-11-15 04:59:46,IN,desktop,12.63,0
7987,1680,2025-12-04 14:06:32,CA,mobile,16.94,0
7988,647,2025-11-21 22:20:34,GB,mobile,4.25,0
7989,15,2025-11-12 04:14:26,CA,mobile,17.48,0
7990,476,2025-11-23 19:31:58,GB,mobile,7.23,0
7991,485,2025-12-05 15:37:14,DE,mobile,4.11,0
7992,29,2025-12-08 23:16:35,GB,mobile,8.84,0
7993,1337,2025-11-14 14:26:29,DE,desktop,7.08,0
7994,191,2025-12-06 01:14:19,GB,mobile,3.18,0
7995,1693,2025-11-19 18:22:15,DE,desktop,3.82,0
7996,906,2025-11-24 21:22:38,IN,mobile,19.73,0
7997,1436,2025-11-14 05:33:31,US,mobile,8.73,0
7998,679,2025-12-10 03:46:29,GB,desktop,17.98,0
7999,264,2025-12-04 16:12:51,GB,mobile,5.75,0
8000,361,2025-11-30 05:40:23,IN,desktop,4.57,0
8001,1292,2025-12-02 18:42:37,GB,desktop,2.69,0
8002,1432,2025-12-07 04:16:01,IN,mobile,13.21,0
8003,535,2025-11-15 06:29:56,CA,mobile,9.45,0
8004,714,2025-11-18 08:23:37,DE,mobile,5.79,0
8005,1890,2025-11-12 02:07:04,GB,mobile,4.59,1
8006,1703,2025-11-25 15:17:12,DE,tablet,14.53,1
8007,826,2025-11-25 19:00:36,CA,desktop,6.64,0
8008,482,2025-11-11 20:37:45,GB,mobile,6.69,0
8009,603,2025-11-30 19:33:14,GB,desktop,5.15,0
8010,1077,2025-11-11 05:37:35,US,tablet,5.79,0
8011,1133,2025-12-04 18:05:38,CA,mobile,10.28,0
8012,369,2025-12-02 03:09:32,CA,mobile,3.16,1
8013,132,2025-12-05 10:07:24,IN,desktop,7.76,0
8014,991,2025-11-14 12:24:15,CA,desktop,13.11,0
8015,1595,2025-12-07 01:54:10,DE,mobile,7.02,0
8016,305,2025-11-27 09:39:16,CA,mobile,13.91,0
8017,817,2025-12-06 20:50:09,CA,mobile,16.52,0
8018,323,2025-12-01 20:21:29,CA,desktop,12.71,0
8019,485,2025-11-30 15:50:08,GB,desktop,5.35,0
8020,1224,2025-11-11 22:26:30,DE,mobile,7.23,0
8021,573,2025-12-01 17:27:47,US,desktop,9.09,0
8022,528,2025-11-24 10:19:35,CA,mobile,5.57,0
8023,1991,2025-12-06 10:40:54,GB,desktop,5.46,0
8024,345,2025-12-01 11:49:19,IN,desktop,5.27,0
8025,379,2025-11-13 04:46:05,IN,mobile,33.99,0
8026,1859,2025-12-07 15:50:20,DE,mobile,6.28,0
8027,1100,2025-11-12 20:31:27,DE,mobile,14.03,0
8028,86,2025-11-19 22:40:42,CA,desktop,4.39,0
8029,850,2025-11-17 11:20:14,DE,desktop,20.51,0
8030,1130,2025-12-10 04:40:07,DE,mobile,5.89,0
8031,507,2025-11-15 13:32:01,IN,tablet,7.63,0
8032,1096,2025-12-06 07:18:09,IN,desktop,2.46,1
8033,1297,2025-11-17 15:11:36,CA,mobile,14.44,0
8034,501,2025-11-30 11:41:24,GB,mobile,16.44,0
8035,1624,2025-11-13 16:16:51,DE,mobile,3.62,0
8036,906,2025-11-22 17:25:08,GB,mobile,14.95,0
8037,1926,2025-11-29 15:52:01,IN,tablet,3.31,0
8038,176,2025-12-02 07:13:56,GB,desktop,10.8,0
8039,649,2025-12-07 03:25:47,GB,mobile,6.22,0
8040,1442,2025-12-05 10:53:30,CA,mobile,16.47,0
8041,1789,2025-11-26 12:39:53,DE,mobile,8.58,0
8042,444,2025-11-20 01:36:31,DE,mobile,12.92,0
8043,1960,2025-11-18 19:19:53,US,mobile,15.53,0
8044,387,2025-12-10 18:04:13,GB,desktop,6.21,0
8045,832,2025-11-29 05:12:47,GB,desktop,7.26,0
8046,630,2025-12-08 05:26:19,DE,tablet,3.79,0
8047,849,2025-11-23 23:31:52,CA,mobile,6.17,0
8048,1804,2025-11-25 12:47:37,GB,mobile,23.48,0
8049,1465,2025-12-05 17:46:40,GB,desktop,11.63,0
8050,1593,2025-12-02 15:40:13,IN,mobile,3.95,0
8051,508,2025-11-16 23:47:36,CA,mobile,19.67,1
8052,1893,2025-11-26 16:31:09,GB,tablet,9.33,0
8053,871,2025-11-17 08:54:57,GB,desktop,12.16,0
8054,1304,2025-12-03 19:06:09,IN,desktop,9.92,0
8055,1395,2025-11-11 20:47:08,CA,mobile,9.51,0
8056,1326,2025-12-05 18:39:35,DE,mobile,2.23,0
8057,1203,2025-12-08 20:09:05,IN,mobile,14.36,0
8058,960,2025-11-11 15:57:10,DE,mobile,1.91,0
8059,1295,2025-11-29 21:06:48,US,mobile,13.59,0
8060,1810,2025-11-13 08:12:28,DE,desktop,7.84,0
8061,780,2025-11-21 18:33:29,US,mobile,12.2,0
8062,1022,2025-11-21 01:29:21,GB,mobile,8.13,0
8063,360,2025-11-26 13:24:59,GB,desktop,13.82,0
8064,710,2025-12-08 11:54:52,DE,desktop,7.46,0
8065,1544,2025-11-24 19:34:54,GB,mobile,8.75,0
8066,1281,2025-11-22 21:59:23,GB,desktop,9.42,0
8067,423,2025-11-13 18:02:01,CA,mobile,22.81,1
8068,1092,2025-12-07 14:14:29,IN,mobile,10.59,0
8069,1624,2025-11-20 09:49:01,DE,mobile,3.35,0
8070,248,2025-11-24 20:11:06,IN,desktop,5.27,0
8071,124,2025-11-13 17:41:24,DE,desktop,10.58,0
8072,786,2025-11-19 15:12:24,DE,tablet,15.73,0
8073,1313,2025-11-27 13:38:41,DE,mobile,4.79,0
8074,627,2025-12-07 23:41:50,CA,mobile,28.33,1
8075,1642,2025-11-20 20:02:09,DE,mobile,8.21,0
8076,1693,2025-11-27 18:54:56,GB,tablet,9.51,0
8077,1065,2025-12-07 05:41:44,US,desktop,3.48,0
8078,758,2025-11-21 18:46:53,CA,tablet,14.43,0
8079,84,2025-11-19 19:30:29,GB,mobile,5.65,0
8080,1643,2025-11-12 07:12:20,GB,mobile,4.72,0
8081,1790,2025-12-08 04:57:45,US,mobile,6.11,0
8082,885,2025-11-14 07:06:16,IN,mobile,16.94,0
8083,1033,2025-11-17 10:20:02,IN,mobile,9.77,0
8084,1507,2025-11-15 03:32:10,CA,mobile,4.33,0
8085,1391,2025-12-02 04:38:30,DE,mobile,5.38,0
8086,271,2025-11-21 21:54:53,DE,mobile,17.21,0
8087,1344,2025-12-02 02:48:48,IN,tablet,6.41,0
8088,1849,2025-11-29 04:30:45,CA,desktop,10.34,0
8089,1501,2025-11-11 10:05:43,CA,desktop,11.98,0
8090,961,2025-11-20 04:41:51,CA,mobile,0.95,0
8091,1046,2025-11-11 02:10:19,GB,desktop,15.78,0
8092,520,2025-11-12 22:24:45,GB,mobile,4.43,1
8093,1321,2025-11-25 03:47:42,US,mobile,5.95,0
8094,483,2025-11-18 21:53:42,CA,mobile,18.61,0
8095,684,2025-11-13 15:23:43,DE,mobile,17.6,0
8096,530,2025-11-23 05:29:00,CA,desktop,9.93,0
8097,671,2025-11-24 12:36:19,DE,desktop,11.44,0
8098,734,2025-12-10 17:40:01,IN,mobile,13.29,0
8099,166,2025-11-30 19:32:52,US,desktop,17.43,0
8100,1435,2025-11-22 18:11:00,US,mobile,18.81,0
8101,882,2025-11-25 04:00:24,DE,mobile,7.88,1
8102,1899,2025-11-13 15:27:12,GB,desktop,4.75,0
8103,362,2025-11-22 13:37:19,GB,desktop,6.34,0
8104,1338,2025-11-28 09:38:07,CA,desktop,7.98,1
8105,359,2025-11-11 14:20:15,IN,mobile,7.16,0
8106,1094,2025-12-08 13:22:25,CA,mobile,4.03,0
8107,982,2025-11-26 10:05:28,IN,mobile,9.6,0
8108,897,2025-12-04 13:39:13,CA,mobile,2.88,0
8109,1309,2025-11-19 05:39:47,US,mobile,7.78,1
8110,1656,2025-12-06 01:18:35,GB,mobile,8.08,0
8111,634,2025-11-21 23:21:51,US,mobile,7.92,0
8112,1699,2025-12-08 19:33:34,US,mobile,12.31,0
8113,370,2025-11-26 15:10:53,CA,desktop,11.37,0
8114,586,2025-11-30 01:32:38,IN,mobile,28.04,0
8115,622,2025-11-17 01:57:52,GB,mobile,5.42,0
8116,1906,2025-12-10 19:34:37,GB,tablet,8.74,0
8117,238,2025-11-16 17:55:58,GB,desktop,8.41,0
8118,790,2025-11-11 23:11:43,US,mobile,8.17,0
8119,849,2025-11-24 03:54:40,CA,mobile,3.46,0
8120,1600,2025-12-06 00:19:02,US,mobile,3.63,0
8121,972,2025-12-08 14:28:51,GB,tablet,7.42,0
8122,1933,2025-12-06 16:16:49,US,mobile,2.87,1
8123,1480,2025-11-27 13:26:10,CA,mobile,6.05,0
8124,1407,2025-12-08 11:15:25,GB,desktop,5.01,1
8125,1506,2025-11-25 17:29:38,GB,desktop,6.18,0
8126,323,2025-11-25 07:30:53,DE,mobile,14.58,0
8127,898,2025-11-16 09:22:24,IN,mobile,3.87,1
8128,1172,2025-12-04 14:25:01,GB,mobile,12.45,0
8129,417,2025-11-20 10:49:15,IN,mobile,5.24,0
8130,238,2025-11-16 19:41:26,IN,mobile,5.65,0
8131,272,2025-11-22 01:18:22,GB,desktop,9.77,0
8132,1578,2025-11-29 01:29:11,IN,desktop,6.27,0
8133,1314,2025-11-19 01:38:08,GB,desktop,4.33,0
8134,563,2025-11-21 17:27:26,CA,desktop,5.92,0
8135,1474,2025-11-20 20:54:52,IN,mobile,2.54,0
8136,1390,2025-11-28 20:28:40,DE,mobile,9.29,0
8137,1633,2025-12-02 09:21:57,GB,desktop,1.15,1
8138,1820,2025-12-01 05:38:10,DE,mobile,12.59,0
8139,1764,2025-11-15 04:52:08,IN,mobile,10.69,0
8140,362,2025-11-21 09:07:19,DE,mobile,19.31,0
8141,1538,2025-11-30 10:08:57,IN,desktop,27.36,1
8142,786,2025-11-17 10:55:27,DE,mobile,12.95,0
8143,806,2025-11-13 01:15:08,US,mobile,5.07,0
8144,1294,2025-11-20 14:50:53,DE,mobile,27.21,0
8145,1204,2025-12-01 07:54:45,DE,desktop,3.61,0
8146,839,2025-11-30 21:16:55,IN,mobile,2.36,0
8147,1998,2025-11-14 20:40:36,US,mobile,22.45,0
8148,350,2025-12-01 06:34:56,IN,desktop,10.6,0
8149,194,2025-11-16 19:13:17,DE,desktop,2.4,0
8150,59,2025-12-03 04:58:51,IN,mobile,3.28,0
8151,1628,2025-11-27 23:07:52,US,mobile,10.29,0
8152,813,2025-11-14 18:20:20,GB,tablet,4.38,0
8153,875,2025-11-21 11:21:49,CA,mobile,4.78,0
8154,1298,2025-12-05 12:33:55,GB,desktop,24.04,0
8155,871,2025-11-23 22:46:42,IN,desktop,26.81,0
8156,1148,2025-12-01 14:41:57,GB,desktop,8.07,0
8157,117,2025-12-03 09:59:07,DE,mobile,6.75,0
8158,313,2025-11-11 21:11:47,IN,mobile,12.7,0
8159,1864,2025-12-08 21:53:42,GB,mobile,5.28,0
8160,901,2025-11-21 00:51:47,IN,mobile,1.94,0
8161,335,2025-12-04 18:29:07,IN,mobile,1.41,0
8162,739,2025-11-24 23:15:53,IN,mobile,7.07,0
8163,670,2025-11-28 06:38:48,GB,mobile,12.54,0
8164,549,2025-11-21 18:52:38,US,desktop,7.46,0
8165,587,2025-12-06 13:33:10,DE,mobile,12.01,0
8166,1458,2025-11-14 11:46:22,GB,mobile,12.75,0
8167,214,2025-12-07 20:26:12,DE,mobile,16.97,0
8168,619,2025-11-17 04:31:19,GB,desktop,8.26,0
8169,936,2025-12-07 11:06:29,CA,mobile,8.72,0
8170,1080,2025-11-11 16:55:01,DE,desktop,7.23,0
8171,1761,2025-11-11 09:08:56,IN,mobile,6.33,1
8172,1846,2025-11-13 18:14:54,GB,mobile,2.88,1
8173,595,2025-11-27 09:41:56,DE,desktop,14.93,0
8174,1079,2025-11-18 22:58:07,US,mobile,5.87,0
8175,45,2025-11-28 21:43:04,US,desktop,5.67,0
8176,1234,2025-12-05 13:36:40,US,tablet,5.34,1
8177,306,2025-11-11 18:46:52,GB,mobile,3.31,0
8178,147,2025-11-26 18:24:42,IN,mobile,7.02,0
8179,1343,2025-12-03 03:31:00,GB,tablet,10.07,0
8180,357,2025-11-23 16:52:16,US,desktop,4.84,0
8181,955,2025-12-08 17:16:05,GB,desktop,13.77,0
8182,202,2025-11-30 19:59:24,IN,mobile,5.92,0
8183,1491,2025-11-12 00:05:46,GB,mobile,2.95,0
8184,1529,2025-11-27 05:07:13,IN,desktop,16.85,0
8185,1150,2025-11-22 11:40:47,GB,desktop,8.32,0
8186,1672,2025-11-14 21:55:22,CA,mobile,12.4,0
8187,874,2025-12-09 11:31:25,CA,mobile,12.58,0
8188,373,2025-11-17 15:31:17,DE,desktop,4.19,0
8189,303,2025-11-13 11:15:23,IN,mobile,5.4,0
8190,439,2025-11-17 15:26:55,US,tablet,13.74,0
8191,401,2025-12-05 15:49:10,DE,mobile,22.22,0
8192,647,2025-11-28 23:11:54,GB,mobile,7.68,0
8193,429,2025-12-05 13:36:43,GB,mobile,5.07,1
8194,1182,2025-11-24 19:36:08,DE,mobile,20.28,0
8195,297,2025-11-14 11:27:31,US,mobile,5.07,1
8196,1243,2025-11-22 14:17:38,GB,mobile,9.0,0
8197,668,2025-11-16 23:04:01,DE,mobile,5.72,0
8198,1373,2025-11-27 16:00:46,CA,mobile,8.68,1
8199,1026,2025-11-19 01:13:07,IN,desktop,4.19,0
8200,1810,2025-12-10 01:42:58,IN,mobile,5.9,0
8201,880,2025-11-22 06:49:10,CA,mobile,5.07,0
8202,590,2025-11-20 09:27:07,US,desktop,10.99,0
8203,1178,2025-12-10 12:04:10,IN,mobile,8.15,0
8204,1317,2025-11-26 13:46:24,GB,mobile,12.53,0
8205,879,2025-11-16 01:58:55,IN,desktop,4.5,0
8206,1119,2025-11-25 09:05:57,CA,mobile,6.52,0
8207,942,2025-11-18 14:36:43,IN,mobile,10.75,0
8208,612,2025-12-02 11:12:56,CA,desktop,12.37,0
8209,627,2025-11-28 04:17:49,IN,tablet,3.1,0
8210,1814,2025-12-02 21:02:30,CA,desktop,8.94,0
8211,1350,2025-12-09 04:07:50,US,mobile,4.54,0
8212,191,2025-12-02 20:09:49,GB,desktop,12.75,0
8213,1924,2025-11-21 04:26:27,GB,mobile,22.56,0
8214,1424,2025-11-17 00:19:36,DE,mobile,1.54,0
8215,101,2025-11-26 20:22:44,IN,mobile,4.98,0
8216,1456,2025-11-24 10:34:47,GB,desktop,8.66,0
8217,1179,2025-11-20 08:37:45,US,mobile,7.37,0
8218,1830,2025-12-05 07:16:42,GB,desktop,12.98,0
8219,979,2025-12-08 05:58:39,US,tablet,7.75,0
8220,1037,2025-11-22 09:56:04,DE,mobile,5.38,0
8221,630,2025-12-01 09:28:21,CA,mobile,4.01,1
8222,643,2025-12-10 11:53:47,CA,tablet,3.62,1
8223,1236,2025-11-11 07:47:42,GB,mobile,4.73,0
8224,1655,2025-11-21 21:52:45,IN,desktop,5.26,0
8225,1781,2025-12-03 02:28:18,IN,mobile,9.3,1
8226,1541,2025-11-25 21:33:10,IN,mobile,6.73,0
8227,1219,2025-12-04 17:23:28,IN,mobile,5.0,0
8228,1001,2025-11-25 04:53:28,GB,mobile,4.03,0
8229,679,2025-11-12 21:36:04,US,tablet,4.85,1
8230,1535,2025-11-23 23:28:14,IN,mobile,5.27,0
8231,636,2025-11-23 02:28:36,US,mobile,4.72,0
8232,536,2025-12-06 08:05:14,US,desktop,11.07,0
8233,1735,2025-11-15 09:19:27,IN,tablet,16.79,0
8234,1179,2025-11-15 15:01:51,CA,mobile,3.65,0
8235,709,2025-11-15 05:06:42,IN,desktop,14.46,0
8236,1730,2025-11-27 23:57:04,US,mobile,11.2,0
8237,1925,2025-12-10 20:02:07,CA,desktop,8.23,0
8238,636,2025-11-29 12:37:33,DE,desktop,18.47,0
8239,1043,2025-12-05 10:57:38,GB,desktop,6.67,0
8240,967,2025-12-06 12:06:43,GB,desktop,9.4,0
8241,1403,2025-11-28 23:40:08,CA,tablet,7.96,0
8242,1902,2025-11-29 05:51:24,IN,mobile,7.61,0
8243,1097,2025-11-18 06:14:20,US,desktop,9.73,0
8244,1596,2025-12-09 18:26:50,GB,desktop,7.6,1
8245,1191,2025-12-04 14:28:08,GB,mobile,9.77,0
8246,1774,2025-12-07 03:11:36,IN,tablet,4.94,0
8247,809,2025-12-10 11:30:17,GB,desktop,5.04,0
8248,771,2025-11-21 10:19:31,IN,desktop,4.93,0
8249,845,2025-11-15 06:43:52,GB,mobile,5.94,0
8250,1993,2025-12-06 18:21:55,DE,desktop,13.57,0
8251,1223,2025-11-25 03:45:50,IN,mobile,5.6,0
8252,305,2025-12-09 17:20:12,CA,tablet,10.93,0
8253,82,2025-12-01 19:16:04,CA,mobile,8.66,0
8254,1038,2025-11-18 16:24:53,GB,desktop,5.67,0
8255,1611,2025-11-21 14:42:14,US,mobile,16.21,0
8256,959,2025-11-29 06:34:59,IN,desktop,11.49,0
8257,1120,2025-11-22 19:08:43,GB,mobile,7.4,0
8258,1597,2025-11-19 10:07:53,CA,desktop,7.04,1
8259,1033,2025-11-17 06:18:36,IN,desktop,7.82,0
8260,1817,2025-11-30 10:55:16,GB,mobile,2.95,0
8261,1276,2025-11-12 00:33:43,GB,desktop,4.5,0
8262,1462,2025-11-13 18:39:20,CA,desktop,9.75,1
8263,1563,2025-11-12 05:51:28,US,mobile,2.86,0
8264,1254,2025-12-02 23:50:53,CA,mobile,4.72,0
8265,101,2025-11-11 20:20:43,GB,mobile,5.84,0
8266,855,2025-11-23 13:30:10,CA,mobile,42.19,1
8267,283,2025-11-14 14:35:11,IN,mobile,11.07,0
8268,1021,2025-11-28 14:05:38,IN,mobile,14.27,0
8269,287,2025-11-12 00:00:35,GB,mobile,4.56,0
8270,1019,2025-11-11 17:51:13,DE,tablet,9.18,0
8271,688,2025-11-23 07:09:33,DE,mobile,2.57,0
8272,41,2025-12-01 19:57:02,IN,desktop,6.06,0
8273,250,2025-11-14 06:09:45,IN,desktop,10.01,0
8274,1006,2025-11-25 20:20:47,IN,desktop,3.16,0
8275,158,2025-12-05 06:40:03,IN,mobile,9.35,0
8276,1712,2025-11-29 17:24:48,CA,mobile,9.83,0
8277,1517,2025-12-03 11:26:54,US,desktop,5.15,0
8278,1418,2025-11-20 10:30:49,GB,desktop,4.48,0
8279,345,2025-12-09 05:29:22,CA,desktop,4.81,0
8280,1591,2025-11-15 08:13:23,DE,mobile,6.0,0
8281,1269,2025-11-29 03:03:25,GB,mobile,6.11,0
8282,781,2025-11-24 00:44:29,IN,mobile,10.03,0
8283,1,2025-11-11 22:05:29,US,desktop,5.36,0
8284,1058,2025-12-09 06:53:51,US,desktop,19.32,0
8285,1592,2025-12-02 00:51:00,CA,mobile,19.24,0
8286,67,2025-11-17 19:14:40,DE,mobile,8.51,0
8287,106,2025-11-12 12:55:45,US,mobile,6.01,0
8288,766,2025-12-01 05:50:12,DE,mobile,5.37,0
8289,1023,2025-11-27 07:41:54,IN,mobile,8.94,0
8290,949,2025-11-12 11:07:12,IN,mobile,9.92,0
8291,852,2025-12-10 13:12:38,CA,mobile,6.55,0
8292,511,2025-12-02 12:15:52,CA,desktop,5.84,0
8293,120,2025-11-24 20:20:41,US,desktop,9.13,0
8294,63,2025-11-18 02:54:27,GB,mobile,7.7,0
8295,198,2025-11-19 02:23:08,GB,mobile,5.24,0
8296,1381,2025-11-24 12:19:30,CA,desktop,7.91,0
8297,1572,2025-11-12 16:22:58,DE,mobile,5.14,0
8298,870,2025-11-22 00:00:54,DE,mobile,4.71,0
8299,155,2025-11-17 11:47:59,US,mobile,7.37,0
8300,831,2025-11-14 08:28:40,CA,tablet,5.23,0
8301,1971,2025-11-14 17:52:55,IN,mobile,4.76,0
8302,500,2025-11-21 08:03:06,GB,tablet,13.84,0
8303,982,2025-11-22 10:42:08,IN,mobile,5.84,0
8304,1076,2025-11-21 11:19:21,IN,mobile,22.33,0
8305,660,2025-12-01 16:00:25,GB,mobile,10.76,0
8306,876,2025-11-26 15:08:55,CA,desktop,4.52,0
8307,944,2025-11-16 17:59:08,CA,mobile,14.82,0
8308,948,2025-12-10 03:19:33,US,mobile,4.81,0
8309,1435,2025-12-02 20:54:20,CA,tablet,24.14,0
8310,1162,2025-11-25 01:38:43,IN,mobile,8.46,0
8311,107,2025-11-12 10:38:03,DE,mobile,10.23,0
8312,13,2025-12-08 09:37:10,DE,desktop,7.53,1
8313,821,2025-12-03 07:16:47,IN,mobile,8.67,0
8314,1815,2025-11-24 19:33:15,DE,mobile,6.44,0
8315,74,2025-11-15 19:41:43,DE,desktop,4.24,0
8316,143,2025-11-14 04:39:50,CA,mobile,9.06,0
8317,1358,2025-11-19 15:56:37,IN,mobile,13.67,0
8318,902,2025-11-17 20:56:34,DE,mobile,3.62,0
8319,462,2025-11-17 05:56:23,CA,mobile,18.62,0
8320,415,2025-11-23 04:38:43,CA,mobile,10.6,0
8321,1330,2025-11-12 08:46:45,US,mobile,5.69,1
8322,1048,2025-11-20 17:29:53,IN,mobile,5.62,0
8323,1276,2025-12-07 02:22:34,IN,mobile,22.61,1
8324,561,2025-12-06 22:37:47,DE,mobile,12.98,0
8325,1053,2025-11-11 05:17:27,DE,mobile,14.64,0
8326,1720,2025-12-01 07:51:27,CA,mobile,6.36,1
8327,633,2025-12-10 16:49:05,IN,tablet,10.31,0
8328,793,2025-11-28 07:36:53,DE,mobile,9.11,0
8329,328,2025-11-22 16:16:45,CA,mobile,6.65,0
8330,1277,2025-11-25 16:55:04,US,desktop,7.89,0
8331,65,2025-11-17 08:46:00,DE,mobile,14.38,0
8332,498,2025-11-22 21:16:03,GB,tablet,19.29,0
8333,1426,2025-12-09 01:49:37,CA,desktop,6.35,0
8334,39,2025-11-29 08:00:40,IN,mobile,3.36,0
8335,1978,2025-11-23 21:27:53,DE,mobile,19.81,0
8336,808,2025-11-14 16:56:59,DE,mobile,19.96,0
8337,798,2025-12-08 03:42:46,GB,desktop,9.4,0
8338,1073,2025-11-15 20:15:24,IN,mobile,21.66,0
8339,1278,2025-12-02 14:47:18,DE,desktop,8.99,0
8340,919,2025-11-20 01:28:35,DE,desktop,4.28,0
8341,1768,2025-11-19 07:50:16,GB,desktop,3.36,1
8342,1924,2025-11-16 02:29:08,CA,mobile,3.34,0
8343,401,2025-11-22 05:17:27,US,desktop,7.41,0
8344,1413,2025-12-01 06:44:37,GB,desktop,5.59,0
8345,602,2025-11-23 11:12:50,CA,mobile,5.22,0
8346,1991,2025-11-11 17:03:57,DE,desktop,6.93,0
8347,507,2025-11-18 21:18:57,IN,mobile,12.36,1
8348,590,2025-11-15 18:33:38,IN,tablet,5.32,0
8349,1428,2025-11-23 00:29:27,CA,mobile,4.81,0
8350,1578,2025-12-08 01:06:38,GB,mobile,5.54,0
8351,258,2025-12-09 20:24:30,GB,desktop,12.84,0
8352,1111,2025-12-10 21:27:49,IN,mobile,7.09,0
8353,692,2025-11-14 08:21:26,CA,mobile,8.74,0
8354,1223,2025-11-25 14:17:52,IN,mobile,18.76,0
8355,1113,2025-11-12 08:03:11,DE,desktop,40.69,0
8356,1971,2025-11-25 19:53:57,CA,mobile,10.85,0
8357,1867,2025-11-28 06:26:25,CA,desktop,10.22,0
8358,1308,2025-12-04 04:04:47,IN,mobile,3.63,0
8359,1359,2025-11-21 01:27:28,IN,mobile,9.22,0
8360,1797,2025-11-12 01:17:21,US,mobile,7.67,0
8361,367,2025-11-24 14:13:33,US,mobile,12.62,0
8362,1451,2025-11-23 18:41:17,IN,tablet,5.84,0
8363,1544,2025-11-29 16:39:40,DE,desktop,8.33,0
8364,255,2025-11-13 23:06:31,CA,tablet,10.62,0
8365,1762,2025-11-29 08:43:43,IN,desktop,23.08,0
8366,1399,2025-11-22 23:53:59,IN,desktop,18.88,0
8367,694,2025-12-03 03:19:51,CA,tablet,15.79,0
8368,969,2025-12-10 11:35:04,GB,mobile,11.43,0
8369,979,2025-11-17 19:07:11,US,tablet,5.7,0
8370,1837,2025-12-03 13:50:55,CA,mobile,11.43,0
8371,1938,2025-11-14 19:10:18,IN,mobile,4.65,0
8372,1613,2025-12-10 12:27:56,US,mobile,6.53,0
8373,1304,2025-11-25 09:32:20,GB,mobile,21.48,0
8374,209,2025-12-03 08:23:16,GB,mobile,10.2,1
8375,1829,2025-12-04 07:02:21,GB,mobile,8.47,0
8376,268,2025-11-29 05:04:19,IN,mobile,9.15,0
8377,334,2025-11-22 11:59:38,CA,desktop,6.98,0
8378,140,2025-12-03 14:16:18,DE,mobile,2.03,0
8379,1895,2025-11-25 06:10:24,CA,mobile,3.46,0
8380,986,2025-11-30 17:46:43,CA,desktop,10.7,0
8381,472,2025-11-29 08:46:34,GB,desktop,4.25,0
8382,162,2025-11-24 21:21:37,US,desktop,6.93,0
8383,824,2025-11-14 11:31:23,US,mobile,3.54,0
8384,1447,2025-11-19 17:51:58,DE,mobile,4.8,0
8385,1989,2025-12-09 02:27:00,GB,tablet,7.37,0
8386,1105,2025-11-26 13:45:39,DE,mobile,12.86,0
8387,1214,2025-11-30 01:12:21,IN,desktop,14.51,0
8388,1671,2025-11-18 17:20:53,CA,mobile,4.76,1
8389,1803,2025-12-02 03:23:40,IN,mobile,8.88,0
8390,560,2025-11-25 13:38:23,CA,desktop,3.14,0
8391,1983,2025-11-17 12:43:55,GB,mobile,7.64,0
8392,1038,2025-11-15 08:27:00,DE,mobile,13.09,0
8393,1860,2025-11-22 19:38:20,IN,desktop,7.1,0
8394,235,2025-11-27 22:19:02,US,mobile,16.27,0
8395,195,2025-11-19 08:57:07,GB,mobile,12.21,0
8396,1769,2025-11-18 07:50:13,GB,mobile,8.54,1
8397,1345,2025-11-19 01:21:08,US,mobile,6.36,0
8398,350,2025-11-19 18:37:50,CA,desktop,5.36,0
8399,1789,2025-12-03 03:19:10,GB,mobile,3.08,0
8400,205,2025-11-25 22:31:58,IN,mobile,3.4,0
8401,1364,2025-11-25 00:59:33,IN,mobile,13.42,0
8402,410,2025-11-15 20:15:06,IN,desktop,18.32,1
8403,142,2025-11-27 07:18:53,DE,mobile,3.86,0
8404,1612,2025-12-09 20:08:46,CA,tablet,7.7,0
8405,1694,2025-12-03 08:00:07,CA,mobile,2.87,1
8406,212,2025-11-24 09:01:57,CA,mobile,4.11,0
8407,187,2025-11-20 04:15:05,IN,desktop,8.64,0
8408,1229,2025-11-21 12:52:25,DE,mobile,5.41,0
8409,58,2025-11-11 18:34:24,US,desktop,2.34,1
8410,1492,2025-11-11 20:15:15,CA,tablet,20.72,0
8411,1831,2025-12-04 06:12:15,US,desktop,7.17,0
8412,1502,2025-12-06 06:22:33,US,mobile,3.81,0
8413,462,2025-12-10 00:35:31,CA,desktop,7.98,0
8414,380,2025-11-29 17:49:59,DE,mobile,7.04,0
8415,1361,2025-12-08 20:14:52,US,desktop,9.52,0
8416,124,2025-11-23 11:02:40,CA,mobile,6.03,0
8417,1075,2025-11-18 14:10:23,US,mobile,8.92,0
8418,898,2025-11-18 08:00:59,US,mobile,13.02,0
8419,1489,2025-11-18 01:36:47,CA,mobile,3.35,0
8420,405,2025-12-03 07:43:54,GB,desktop,4.87,0
8421,1524,2025-11-11 06:23:11,GB,mobile,12.23,0
8422,1398,2025-12-09 07:58:28,DE,mobile,5.31,0
8423,478,2025-12-04 05:05:54,DE,desktop,7.04,1
8424,714,2025-11-22 09:24:56,IN,mobile,5.57,0
8425,132,2025-12-02 00:34:14,CA,tablet,5.78,0
8426,899,2025-11-15 00:20:36,US,mobile,5.5,1
8427,521,2025-11-23 21:50:07,CA,mobile,3.47,0
8428,227,2025-11-14 05:51:10,GB,mobile,9.73,0
8429,1120,2025-11-14 07:56:33,DE,mobile,13.98,0
8430,1135,2025-11-11 03:48:48,GB,mobile,6.65,0
8431,172,2025-12-04 20:12:59,GB,desktop,13.06,0
8432,371,2025-12-03 06:52:50,GB,mobile,5.5,0
8433,166,2025-12-07 18:10:28,IN,tablet,5.31,0
8434,1358,2025-12-10 09:50:14,CA,mobile,9.45,0
8435,676,2025-12-09 21:52:52,US,desktop,9.55,0
8436,143,2025-12-10 18:03:41,DE,mobile,6.91,0
8437,383,2025-11-11 10:39:05,CA,mobile,11.09,0
8438,1951,2025-12-04 11:51:17,DE,mobile,3.41,0
8439,512,2025-12-02 15:57:09,CA,mobile,6.16,1
8440,1369,2025-11-15 20:00:18,US,mobile,13.18,0
8441,937,2025-11-15 01:44:11,GB,mobile,13.16,0
8442,364,2025-12-10 07:11:00,IN,mobile,12.2,0
8443,615,2025-12-07 10:39:40,IN,tablet,13.63,0
8444,29,2025-11-20 19:15:30,GB,mobile,5.91,0
8445,1494,2025-11-13 05:03:52,GB,mobile,2.66,1
8446,669,2025-11-20 23:26:20,CA,mobile,6.33,0
8447,998,2025-11-11 03:03:42,GB,mobile,10.82,0
8448,306,2025-12-01 14:06:55,CA,mobile,11.94,0
8449,1648,2025-11-22 08:56:39,US,desktop,5.39,0
8450,437,2025-11-12 10:32:53,IN,desktop,4.13,0
8451,1133,2025-12-10 08:37:53,DE,desktop,4.39,0
8452,1745,2025-12-05 17:47:13,CA,mobile,5.33,1
8453,1426,2025-12-08 02:38:19,DE,mobile,2.37,0
8454,1206,2025-12-10 21:17:12,US,desktop,5.39,0
8455,1776,2025-11-11 09:26:13,DE,mobile,7.6,0
8456,353,2025-12-04 05:16:58,GB,mobile,6.97,0
8457,1927,2025-12-04 14:15:10,CA,mobile,6.06,0
8458,1113,2025-12-04 10:02:23,DE,desktop,4.89,0
8459,820,2025-11-18 22:04:18,US,mobile,5.24,0
8460,512,2025-11-22 16:15:31,GB,tablet,5.3,1
8461,1490,2025-12-08 20:12:49,CA,mobile,11.28,0
8462,1952,2025-11-12 22:41:46,CA,tablet,7.38,0
8463,1380,2025-11-30 04:48:35,DE,mobile,49.41,1
8464,66,2025-12-04 17:57:11,GB,desktop,6.05,0
8465,938,2025-12-04 21:49:29,GB,mobile,9.61,0
8466,1464,2025-11-28 21:11:11,DE,desktop,6.13,0
8467,795,2025-12-03 23:22:27,IN,mobile,6.05,1
8468,1546,2025-12-08 05:57:23,GB,desktop,18.87,0
8469,1414,2025-12-03 22:39:04,GB,desktop,13.44,0
8470,135,2025-11-14 10:43:33,US,mobile,2.58,0
8471,1116,2025-11-18 07:18:05,IN,mobile,4.0,0
8472,344,2025-11-20 02:55:16,IN,mobile,6.81,1
8473,973,2025-11-21 06:15:36,IN,tablet,5.42,0
8474,769,2025-11-21 18:54:18,CA,tablet,2.99,0
8475,1613,2025-11-17 13:31:59,DE,mobile,7.92,1
8476,1736,2025-12-01 11:11:39,IN,mobile,2.39,0
8477,923,2025-11-14 06:36:12,GB,mobile,7.97,0
8478,1074,2025-12-04 14:24:33,DE,mobile,11.45,0
8479,1252,2025-11-30 17:27:21,CA,mobile,12.47,0
8480,1310,2025-12-09 19:10:02,US,desktop,6.78,0
8481,1271,2025-11-11 03:56:24,GB,mobile,18.29,0
8482,1566,2025-11-19 19:55:33,US,desktop,9.02,0
8483,1963,2025-12-07 22:02:05,GB,tablet,12.27,0
8484,1656,2025-11-25 18:39:03,US,mobile,4.75,0
8485,270,2025-11-27 19:05:41,IN,mobile,18.41,0
8486,953,2025-11-11 20:05:04,CA,mobile,7.38,0
8487,923,2025-12-03 19:57:01,CA,mobile,19.03,0
8488,1018,2025-11-18 13:23:02,GB,desktop,16.69,0
8489,1057,2025-12-09 20:41:00,DE,mobile,8.62,0
8490,1436,2025-11-22 04:30:55,GB,mobile,9.43,0
8491,842,2025-11-16 15:02:27,GB,desktop,6.63,0
8492,527,2025-11-28 18:46:23,DE,mobile,4.52,1
8493,915,2025-11-25 06:58:56,DE,mobile,10.56,0
8494,1709,2025-11-25 02:14:29,IN,tablet,10.24,0
8495,623,2025-12-09 11:07:25,US,mobile,2.8,1
8496,42,2025-11-21 21:39:17,IN,mobile,7.03,1
8497,1952,2025-11-22 21:34:49,GB,mobile,12.44,0
8498,392,2025-11-29 16:34:08,US,mobile,17.8,0
8499,1206,2025-11-16 01:55:46,US,mobile,11.42,0
8500,1600,2025-12-05 19:50:09,IN,desktop,2.97,0
8501,549,2025-11-17 20:45:29,US,mobile,3.92,0
8502,681,2025-11-18 05:14:35,DE,mobile,6.0,0
8503,561,2025-11-11 06:56:53,US,mobile,17.1,1
8504,300,2025-11-21 06:06:12,GB,mobile,5.13,0
8505,306,2025-11-28 10:47:05,CA,tablet,13.95,0
8506,374,2025-12-02 02:46:40,DE,desktop,5.08,0
8507,916,2025-12-07 22:11:09,IN,desktop,10.17,0
8508,1061,2025-12-04 07:21:00,US,mobile,4.2,0
8509,32,2025-11-20 14:21:54,US,mobile,6.58,0
8510,1692,2025-12-05 17:31:06,CA,desktop,3.75,0
8511,1352,2025-11-16 19:18:45,DE,desktop,17.56,0
8512,142,2025-11-17 05:57:04,CA,desktop,4.87,0
8513,1685,2025-11-21 17:02:22,CA,mobile,2.92,0
8514,61,2025-11-27 03:30:17,US,mobile,2.78,0
8515,1121,2025-11-17 01:29:11,CA,mobile,7.02,1
8516,930,2025-12-07 23:14:26,IN,mobile,5.61,0
8517,1004,2025-11-19 01:49:48,DE,mobile,10.91,0
8518,1912,2025-11-22 17:26:13,IN,mobile,6.42,0
8519,1854,2025-11-29 02:49:56,DE,mobile,14.87,0
8520,558,2025-11-23 20:44:54,CA,mobile,5.86,0
8521,1159,2025-11-23 02:01:56,CA,mobile,13.68,0
8522,1918,2025-12-10 12:18:19,IN,mobile,4.17,0
8523,1457,2025-11-24 01:03:46,GB,mobile,3.0,0
8524,1775,2025-11-14 08:37:50,DE,mobile,4.51,0
8525,870,2025-12-02 21:01:20,IN,tablet,3.75,0
8526,566,2025-12-02 03:15:58,GB,mobile,3.51,0
8527,1021,2025-11-17 12:52:10,DE,desktop,9.47,1
8528,1634,2025-12-06 11:21:55,US,mobile,6.31,0
8529,1857,2025-11-22 17:25:38,IN,desktop,8.05,0
8530,1372,2025-11-15 11:48:14,DE,mobile,10.14,0
8531,1413,2025-11-16 03:24:00,CA,desktop,2.69,0
8532,1024,2025-12-02 09:38:20,DE,desktop,10.4,0
8533,639,2025-11-17 10:46:45,CA,mobile,3.59,0
8534,846,2025-11-25 01:26:39,CA,desktop,5.23,1
8535,995,2025-12-02 23:47:06,GB,desktop,2.37,0
8536,1631,2025-12-06 13:18:51,CA,desktop,10.94,0
8537,1111,2025-11-25 15:46:43,GB,mobile,2.68,0
8538,1586,2025-12-08 04:35:54,DE,mobile,3.6,0
8539,55,2025-11-20 01:07:09,GB,desktop,3.76,0
8540,1514,2025-12-07 03:25:18,IN,desktop,6.84,0
8541,1014,2025-11-18 11:27:49,DE,tablet,6.72,0
8542,1996,2025-11-12 21:35:24,CA,mobile,12.03,0
8543,943,2025-12-02 17:28:43,CA,desktop,6.94,1
8544,957,2025-12-03 16:10:06,CA,desktop,13.19,0
8545,255,2025-12-08 18:11:12,IN,desktop,9.28,0
8546,1614,2025-12-08 14:43:57,CA,desktop,4.19,0
8547,1403,2025-11-14 00:50:56,US,mobile,4.95,1
8548,1725,2025-11-29 14:36:13,CA,desktop,18.29,1
8549,186,2025-12-02 02:25:29,GB,desktop,15.43,0
8550,423,2025-11-28 23:51:48,IN,mobile,12.12,0
8551,1754,2025-11-11 12:41:42,CA,mobile,13.11,0
8552,85,2025-11-12 07:38:11,DE,desktop,9.77,0
8553,1016,2025-12-01 02:01:37,CA,mobile,9.03,0
8554,810,2025-12-06 15:34:35,DE,mobile,7.61,0
8555,1878,2025-11-16 08:15:13,DE,desktop,20.48,0
8556,1713,2025-11-12 08:38:36,US,tablet,5.59,0
8557,1793,2025-11-23 02:07:05,CA,desktop,8.54,0
8558,578,2025-11-20 08:57:34,DE,mobile,2.65,0
8559,1175,2025-12-10 10:55:24,DE,mobile,3.13,0
8560,1400,2025-12-08 17:51:15,IN,mobile,21.96,0
8561,1934,2025-11-27 17:04:11,CA,mobile,10.7,0
8562,15,2025-12-09 11:02:57,IN,desktop,6.5,0
8563,1954,2025-11-17 19:58:38,US,mobile,7.74,0
8564,711,2025-12-10 17:24:04,US,mobile,3.27,0
8565,257,2025-11-24 09:04:17,DE,desktop,5.72,0
8566,1231,2025-11-25 06:14:32,DE,mobile,3.08,0
8567,1563,2025-11-12 11:38:01,GB,mobile,6.19,0
8568,260,2025-11-16 06:58:55,DE,mobile,11.11,0
8569,82,2025-11-16 19:12:50,CA,mobile,9.7,0
8570,1793,2025-11-25 14:33:10,IN,mobile,19.17,0
8571,1867,2025-11-16 15:53:05,CA,tablet,8.82,0
8572,313,2025-11-14 00:53:53,US,desktop,1.67,0
8573,1808,2025-11-29 02:54:50,IN,desktop,23.82,0
8574,1819,2025-12-07 03:27:31,IN,desktop,4.46,0
8575,1994,2025-11-13 01:36:19,GB,mobile,8.14,0
8576,433,2025-11-27 18:49:10,US,desktop,7.85,0
8577,1157,2025-12-09 18:38:24,IN,mobile,8.54,0
8578,1988,2025-11-23 02:28:37,GB,mobile,7.61,0
8579,1805,2025-11-16 10:57:53,GB,mobile,7.69,1
8580,1209,2025-11-13 08:29:41,GB,mobile,3.34,0
8581,395,2025-12-09 01:23:34,IN,mobile,34.89,0
8582,169,2025-11-23 03:00:21,CA,mobile,10.92,0
8583,519,2025-11-14 02:56:45,IN,mobile,7.62,0
8584,131,2025-12-06 22:53:26,IN,mobile,22.31,0
8585,391,2025-12-05 00:40:56,GB,mobile,3.88,0
8586,150,2025-12-02 01:41:06,IN,mobile,12.44,0
8587,1524,2025-11-13 11:58:11,GB,mobile,5.3,0
8588,1180,2025-11-13 10:36:02,CA,mobile,9.41,0
8589,1036,2025-11-17 12:48:57,IN,mobile,9.53,1
8590,1619,2025-11-15 18:21:57,IN,mobile,1.82,0
8591,822,2025-11-26 22:09:59,US,desktop,3.13,0
8592,806,2025-11-22 17:41:41,CA,desktop,19.14,0
8593,414,2025-12-03 22:15:38,IN,mobile,6.35,0
8594,890,2025-11-14 00:13:22,US,mobile,24.56,1
8595,349,2025-12-02 19:21:39,US,desktop,16.22,0
8596,1178,2025-12-08 23:44:32,GB,mobile,6.47,1
8597,1994,2025-11-14 21:15:13,DE,mobile,6.14,0
8598,1066,2025-11-30 12:52:58,US,mobile,19.87,0
8599,598,2025-11-26 05:43:11,US,desktop,26.1,0
8600,1376,2025-11-13 19:30:19,IN,mobile,6.22,0
8601,1640,2025-11-19 18:04:11,IN,tablet,18.6,0
8602,944,2025-12-04 14:38:02,CA,desktop,13.71,0
8603,501,2025-12-07 00:55:03,DE,mobile,15.2,0
8604,1428,2025-11-22 00:29:06,DE,mobile,7.85,0
8605,375,2025-11-14 03:55:48,GB,mobile,4.94,0
8606,1994,2025-11-18 07:32:22,DE,mobile,3.93,0
8607,636,2025-12-06 06:30:14,IN,mobile,3.38,0
8608,701,2025-11-28 01:37:18,GB,mobile,23.26,0
8609,1454,2025-11-23 21:10:50,GB,desktop,7.44,0
8610,25,2025-11-11 08:51:38,CA,desktop,3.72,0
8611,406,2025-12-04 10:46:35,IN,tablet,13.48,0
8612,252,2025-11-24 22:19:08,IN,mobile,5.54,0
8613,782,2025-11-27 07:49:09,DE,desktop,5.0,0
8614,1107,2025-12-06 06:46:20,GB,desktop,25.55,0
8615,360,2025-11-27 20:09:31,GB,desktop,3.33,0
8616,689,2025-12-08 19:26:03,CA,desktop,8.51,0
8617,1544,2025-11-27 18:06:46,CA,mobile,5.18,0
8618,1880,2025-11-21 05:52:19,IN,desktop,4.71,0
8619,29,2025-12-08 15:34:00,CA,mobile,3.07,0
8620,1255,2025-11-30 05:47:13,GB,desktop,7.66,0
8621,52,2025-12-03 18:43:45,DE,mobile,4.37,0
8622,1041,2025-11-17 18:32:44,US,mobile,10.54,0
8623,1759,2025-12-01 02:23:24,DE,mobile,7.18,0
8624,1596,2025-11-27 18:35:10,US,mobile,6.13,0
8625,466,2025-11-14 02:58:12,GB,mobile,4.39,0
8626,517,2025-11-18 14:07:57,CA,desktop,17.43,0
8627,1567,2025-12-08 07:37:20,GB,mobile,11.49,0
8628,1639,2025-11-28 02:36:34,IN,mobile,4.91,0
8629,562,2025-12-04 04:43:51,CA,mobile,3.27,0
8630,7,2025-11-16 02:52:21,CA,mobile,2.38,0
8631,889,2025-11-17 12:05:22,IN,mobile,14.62,0
8632,1239,2025-12-09 04:55:12,US,desktop,12.75,1
8633,888,2025-11-23 13:45:17,GB,tablet,13.85,1
8634,1869,2025-12-07 13:48:48,DE,mobile,6.87,0
8635,1627,2025-12-05 05:14:08,GB,mobile,11.98,0
8636,1575,2025-11-21 01:48:50,DE,desktop,13.69,0
8637,41,2025-12-09 10:52:46,CA,mobile,7.09,0
8638,1707,2025-12-04 06:25:48,DE,desktop,5.96,0
8639,1510,2025-11-14 19:09:55,DE,mobile,4.11,0
8640,794,2025-11-13 19:59:44,IN,desktop,9.54,0
8641,1179,2025-11-14 18:24:43,US,mobile,10.33,0
8642,1648,2025-12-03 04:17:33,IN,tablet,5.79,0
8643,1812,2025-11-15 06:19:45,CA,tablet,6.21,0
8644,1102,2025-11-19 10:36:12,DE,mobile,6.49,0
8645,83,2025-11-24 00:01:10,DE,mobile,11.88,0
8646,1237,2025-11-15 00:53:41,CA,mobile,3.24,0
8647,1360,2025-11-20 21:08:33,GB,mobile,3.81,0
8648,118,2025-12-01 07:31:49,GB,tablet,3.85,0
8649,1634,2025-12-10 03:08:59,CA,mobile,6.76,0
8650,403,2025-11-25 01:29:37,IN,mobile,8.93,0
8651,1781,2025-12-03 08:52:21,DE,mobile,3.89,0
8652,1102,2025-11-26 20:55:59,DE,mobile,12.75,0
8653,644,2025-11-24 22:58:32,US,desktop,17.77,0
8654,118,2025-11-26 14:00:51,GB,desktop,9.47,1
8655,36,2025-12-09 17:23:12,GB,desktop,14.49,1
8656,1483,2025-11-12 18:02:07,US,mobile,4.27,0
8657,754,2025-11-26 08:52:03,DE,desktop,4.33,0
8658,1680,2025-11-12 12:13:35,CA,mobile,10.06,0
8659,461,2025-12-07 05:15:09,CA,mobile,7.22,0
8660,1840,2025-11-29 00:04:24,US,mobile,4.32,0
8661,1883,2025-11-12 09:15:12,IN,tablet,17.37,0
8662,204,2025-11-29 16:24:55,GB,desktop,8.84,0
8663,1294,2025-11-24 00:57:07,US,desktop,11.26,0
8664,1879,2025-11-12 09:11:54,DE,mobile,4.93,0
8665,646,2025-12-10 07:35:07,CA,mobile,20.25,0
8666,136,2025-11-22 07:42:32,US,mobile,6.73,0
8667,1751,2025-11-11 16:21:39,DE,desktop,13.62,0
8668,948,2025-11-29 08:29:08,US,desktop,5.21,0
8669,55,2025-11-22 05:26:49,CA,desktop,8.18,0
8670,1680,2025-11-30 16:02:34,US,mobile,10.33,0
8671,1358,2025-11-15 20:07:49,IN,mobile,24.47,0
8672,141,2025-12-05 19:35:28,US,mobile,5.68,0
8673,518,2025-11-23 13:37:59,IN,desktop,8.34,0
8674,37,2025-11-23 14:09:36,IN,tablet,10.54,0
8675,1909,2025-12-05 01:56:14,IN,mobile,3.16,0
8676,50,2025-11-27 09:58:42,CA,desktop,2.0,0
8677,1591,2025-11-11 00:12:07,CA,desktop,4.07,0
8678,1023,2025-11-28 07:47:46,GB,mobile,13.2,0
8679,1165,2025-11-30 08:17:56,CA,mobile,20.69,0
8680,1623,2025-11-20 07:54:19,IN,mobile,4.25,0
8681,1790,2025-11-16 09:22:50,US,tablet,3.56,0
8682,255,2025-11-12 13:59:13,DE,mobile,18.56,0
8683,36,2025-12-06 08:31:16,DE,mobile,5.26,0
8684,250,2025-11-11 02:16:31,GB,mobile,5.91,0
8685,1365,2025-11-28 11:19:15,IN,desktop,17.73,0
8686,1137,2025-12-06 01:14:35,IN,mobile,16.07,0
8687,168,2025-11-21 12:45:48,US,tablet,12.94,0
8688,469,2025-11-16 23:23:58,GB,mobile,2.65,0
8689,1074,2025-12-02 09:59:49,IN,tablet,3.47,0
8690,1460,2025-11-29 21:00:58,GB,mobile,14.47,0
8691,687,2025-11-11 09:57:21,CA,mobile,8.94,0
8692,1899,2025-11-28 06:42:25,GB,desktop,4.63,0
8693,1984,2025-11-10 23:30:42,DE,mobile,6.01,0
8694,1532,2025-11-22 22:58:06,US,mobile,14.39,0
8695,909,2025-11-20 02:09:06,GB,desktop,18.48,0
8696,1754,2025-12-05 23:20:52,CA,mobile,7.36,0
8697,1456,2025-12-10 06:52:21,CA,mobile,4.89,1
8698,1039,2025-12-01 22:04:54,CA,desktop,6.26,0
8699,888,2025-12-03 00:01:15,US,desktop,16.54,0
8700,1664,2025-11-11 15:36:23,CA,mobile,16.35,0
8701,1114,2025-11-12 21:18:10,GB,mobile,8.3,0
8702,366,2025-12-04 06:27:09,US,mobile,5.38,0
8703,1999,2025-11-23 19:33:17,US,mobile,14.15,0
8704,137,2025-11-26 04:16:18,DE,mobile,19.57,0
8705,1390,2025-12-01 17:28:15,IN,mobile,3.09,0
8706,1312,2025-11-21 09:05:11,IN,desktop,6.43,0
8707,1172,2025-12-01 10:09:53,CA,mobile,14.78,0
8708,104,2025-12-02 18:35:23,US,mobile,7.72,1
8709,985,2025-11-18 04:18:10,US,desktop,5.51,0
8710,1785,2025-12-01 13:12:00,CA,desktop,8.26,0
8711,479,2025-11-16 01:12:16,DE,desktop,9.23,0
8712,1383,2025-11-20 06:51:22,DE,mobile,3.76,0
8713,1717,2025-12-04 08:56:19,IN,desktop,7.8,0
8714,1904,2025-12-10 11:01:14,US,tablet,9.21,0
8715,1032,2025-11-12 21:46:01,IN,mobile,5.5,0
8716,628,2025-11-30 10:18:10,CA,mobile,4.63,1
8717,1399,2025-11-28 01:27:28,US,mobile,5.35,0
8718,972,2025-11-29 03:23:39,US,desktop,4.13,0
8719,1254,2025-12-04 13:43:54,GB,mobile,12.31,0
8720,1483,2025-11-13 01:32:47,IN,mobile,4.1,0
8721,1420,2025-12-03 03:29:47,DE,mobile,8.28,0
8722,486,2025-11-19 08:20:32,US,tablet,5.9,0
8723,1511,2025-11-15 14:19:28,CA,mobile,4.84,1
8724,1084,2025-11-24 09:03:14,US,mobile,16.82,0
8725,1861,2025-11-11 18:41:30,GB,tablet,6.83,0
8726,1319,2025-11-29 21:16:59,CA,mobile,4.94,0
8727,1783,2025-11-27 22:10:19,GB,mobile,4.67,1
8728,1957,2025-11-26 08:25:21,IN,mobile,9.06,0
8729,1989,2025-11-11 21:14:33,IN,mobile,12.13,0
8730,1489,2025-12-03 20:36:59,GB,mobile,15.84,0
8731,1194,2025-11-12 00:33:19,IN,mobile,6.68,0
8732,237,2025-11-18 20:16:53,DE,mobile,6.45,0
8733,772,2025-11-22 20:16:42,US,desktop,7.99,0
8734,951,2025-12-02 00:47:08,CA,mobile,8.17,0
8735,1561,2025-11-23 04:47:32,US,mobile,4.65,0
8736,1177,2025-12-05 11:10:57,CA,desktop,17.77,0
8737,878,2025-12-08 23:59:19,CA,tablet,7.49,1
8738,294,2025-12-03 22:04:07,CA,mobile,10.18,0
8739,1431,2025-11-12 03:14:30,DE,mobile,9.53,0
8740,864,2025-12-04 02:14:32,CA,mobile,9.42,0
8741,73,2025-11-17 03:41:48,CA,desktop,4.05,0
8742,568,2025-12-07 14:57:28,DE,desktop,7.36,0
8743,1759,2025-12-10 07:51:37,CA,mobile,29.03,0
8744,238,2025-11-13 11:50:28,GB,mobile,19.15,0
8745,812,2025-11-13 22:14:27,CA,mobile,8.12,0
8746,1024,2025-12-01 21:12:38,CA,desktop,5.93,0
8747,168,2025-11-15 06:24:59,DE,mobile,1.95,0
8748,332,2025-12-10 00:40:51,US,mobile,5.48,0
8749,1880,2025-11-27 04:14:24,GB,mobile,7.05,0
8750,1181,2025-11-28 04:15:40,US,desktop,6.11,0
8751,421,2025-12-06 18:38:54,IN,tablet,6.37,0
8752,340,2025-11-17 11:42:01,IN,mobile,10.73,0
8753,852,2025-11-27 15:23:41,CA,tablet,4.05,0
8754,1447,2025-12-10 22:20:07,GB,mobile,8.7,0
8755,1461,2025-11-11 15:07:18,US,desktop,6.92,0
8756,391,2025-11-16 05:00:01,DE,desktop,4.35,1
8757,1451,2025-11-15 08:24:52,US,mobile,20.18,0
8758,1792,2025-11-21 00:50:03,CA,mobile,11.57,0
8759,453,2025-11-14 20:46:46,US,mobile,4.61,0
8760,53,2025-11-16 03:07:03,IN,desktop,10.08,0
8761,1917,2025-12-06 13:09:54,CA,mobile,3.21,0
8762,1044,2025-11-24 21:40:55,IN,mobile,4.96,0
8763,1553,2025-11-21 17:01:37,CA,mobile,16.39,0
8764,640,2025-11-23 12:49:24,IN,mobile,9.12,0
8765,599,2025-12-10 02:05:13,DE,mobile,8.69,0
8766,450,2025-11-25 16:55:34,DE,desktop,13.36,0
8767,434,2025-11-25 00:52:48,IN,mobile,10.66,0
8768,943,2025-12-08 19:22:50,US,mobile,6.3,0
8769,212,2025-11-12 02:04:34,CA,mobile,12.96,0
8770,1684,2025-11-25 07:37:34,US,tablet,2.68,0
8771,1022,2025-12-03 09:57:27,GB,mobile,4.95,0
8772,1830,2025-11-26 09:45:49,DE,mobile,6.97,0
8773,1004,2025-12-07 00:21:26,DE,mobile,10.26,0
8774,607,2025-12-07 13:38:38,IN,mobile,6.08,0
8775,1030,2025-11-21 01:20:46,IN,mobile,2.53,1
8776,309,2025-12-05 12:01:06,IN,mobile,2.33,0
8777,1648,2025-11-18 06:53:38,CA,mobile,7.09,0
8778,1440,2025-11-18 03:49:57,GB,desktop,5.55,0
8779,295,2025-12-10 07:00:46,CA,mobile,4.28,0
8780,1164,2025-11-11 08:32:22,US,mobile,3.87,0
8781,1076,2025-11-21 13:29:53,DE,desktop,8.01,0
8782,402,2025-11-29 20:28:20,DE,mobile,16.14,0
8783,245,2025-11-23 08:57:35,DE,mobile,8.01,0
8784,1520,2025-12-06 07:31:28,IN,tablet,16.27,0
8785,528,2025-11-18 12:22:28,DE,mobile,5.9,0
8786,1038,2025-11-27 13:17:05,IN,desktop,9.64,0
8787,496,2025-11-14 17:21:39,IN,mobile,16.63,0
8788,1307,2025-11-17 07:16:48,CA,tablet,6.72,0
8789,98,2025-11-16 04:11:39,DE,mobile,7.51,0
8790,719,2025-12-03 05:00:30,DE,mobile,5.9,0
8791,1094,2025-11-17 01:10:52,CA,desktop,10.54,1
8792,878,2025-12-01 01:18:03,GB,mobile,12.7,0
8793,1225,2025-11-21 08:05:14,IN,mobile,9.12,0
8794,361,2025-11-27 22:03:22,DE,mobile,6.44,0
8795,884,2025-12-07 04:26:01,DE,mobile,3.0,0
8796,1513,2025-12-06 20:50:05,US,desktop,7.18,0
8797,667,2025-11-11 07:19:20,DE,mobile,6.59,0
8798,314,2025-12-04 11:53:14,US,mobile,8.51,0
8799,1695,2025-12-09 15:17:47,IN,mobile,7.93,0
8800,1556,2025-12-01 00:09:29,DE,mobile,18.98,1
8801,1361,2025-11-16 14:01:30,GB,desktop,4.87,0
8802,1596,2025-11-30 21:51:32,US,mobile,2.87,0
8803,1557,2025-11-30 01:15:09,DE,mobile,3.72,1
8804,1493,2025-11-30 20:01:07,GB,mobile,5.05,1
8805,1019,2025-11-23 19:59:11,CA,mobile,14.14,0
8806,39,2025-11-26 17:21:05,CA,mobile,3.39,0
8807,1194,2025-11-30 12:34:10,GB,desktop,3.68,0
8808,546,2025-11-24 21:15:22,DE,mobile,9.47,0
8809,1546,2025-12-04 04:12:21,GB,mobile,12.3,0
8810,937,2025-12-02 06:08:42,CA,tablet,2.92,0
8811,1810,2025-11-20 01:28:47,GB,mobile,2.55,0
8812,1191,2025-11-29 06:47:19,CA,desktop,4.61,0
8813,1101,2025-12-03 15:55:47,DE,mobile,10.96,0
8814,1838,2025-11-25 16:01:07,GB,mobile,8.05,0
8815,950,2025-12-02 10:02:12,CA,mobile,4.71,0
8816,751,2025-11-14 18:25:44,DE,mobile,11.52,0
8817,743,2025-11-22 13:19:37,DE,desktop,7.96,0
8818,1750,2025-12-02 00:37:17,GB,mobile,6.93,0
8819,1512,2025-12-07 19:42:41,GB,mobile,2.8,0
8820,327,2025-11-30 08:21:06,DE,desktop,4.65,0
8821,985,2025-11-30 21:04:44,US,mobile,23.91,0
8822,743,2025-11-21 05:39:05,GB,mobile,6.04,1
8823,1293,2025-12-01 23:54:00,US,mobile,4.16,0
8824,105,2025-11-21 15:47:07,US,mobile,5.87,0
8825,1428,2025-11-12 12:42:52,US,tablet,7.94,0
8826,1485,2025-11-18 08:52:22,US,mobile,12.55,0
8827,453,2025-11-29 07:18:19,CA,desktop,10.73,0
8828,302,2025-12-09 19:48:42,DE,mobile,4.92,0
8829,1255,2025-11-25 20:12:12,CA,mobile,15.85,0
8830,514,2025-12-06 18:34:39,US,mobile,12.05,0
8831,1883,2025-12-04 07:24:08,CA,mobile,5.66,0
8832,1550,2025-11-27 19:11:17,IN,mobile,6.84,0
8833,1910,2025-12-05 02:20:19,DE,mobile,10.6,0
8834,1069,2025-11-23 00:25:22,CA,mobile,14.08,0
8835,1877,2025-11-24 05:59:13,GB,mobile,2.97,0
8836,28,2025-12-03 01:44:49,DE,mobile,7.71,0
8837,580,2025-11-30 03:13:51,DE,mobile,7.25,0
8838,5,2025-11-26 19:11:49,IN,desktop,5.25,1
8839,1355,2025-11-23 23:08:16,IN,mobile,5.23,1
8840,1021,2025-12-10 05:50:43,GB,mobile,13.91,0
8841,576,2025-11-12 22:31:42,US,desktop,10.18,0
8842,610,2025-11-12 14:55:15,CA,mobile,26.15,0
8843,1287,2025-11-25 08:08:01,DE,mobile,5.25,0
8844,361,2025-11-11 23:55:06,IN,desktop,8.02,0
8845,1029,2025-11-21 04:41:08,DE,mobile,8.9,0
8846,1227,2025-11-28 00:37:57,IN,mobile,12.65,0
8847,480,2025-11-23 02:56:42,GB,mobile,16.69,0
8848,457,2025-11-17 01:35:37,CA,mobile,7.82,0
8849,709,2025-11-19 12:13:31,CA,mobile,3.83,0
8850,1184,2025-11-29 02:19:54,GB,mobile,4.82,1
8851,509,2025-12-09 12:14:31,CA,mobile,8.05,0
8852,759,2025-12-04 09:51:26,IN,mobile,14.49,0
8853,1087,2025-11-27 09:21:36,DE,mobile,3.1,0
8854,374,2025-11-15 02:40:18,US,mobile,3.66,0
8855,1138,2025-11-18 05:56:49,IN,mobile,11.64,1
8856,277,2025-11-24 04:28:14,US,mobile,3.4,0
8857,285,2025-11-18 08:50:41,CA,mobile,3.76,1
8858,474,2025-12-01 15:04:23,GB,mobile,14.61,0
8859,573,2025-11-21 22:53:39,GB,desktop,6.47,0
8860,60,2025-12-05 23:36:52,DE,tablet,6.18,0
8861,1923,2025-11-19 00:56:15,CA,mobile,16.79,0
8862,616,2025-11-25 20:36:01,GB,mobile,3.9,0
8863,1609,2025-12-02 09:38:30,DE,desktop,3.46,0
8864,1804,2025-11-17 03:39:48,DE,desktop,19.64,0
8865,1601,2025-12-03 19:28:07,IN,tablet,8.5,0
8866,1662,2025-11-28 13:00:29,CA,desktop,11.11,0
8867,201,2025-11-30 09:32:46,US,desktop,6.13,0
8868,744,2025-11-24 14:29:06,CA,mobile,6.93,0
8869,1492,2025-12-09 00:30:22,IN,mobile,4.84,0
8870,1152,2025-12-04 03:01:08,US,mobile,8.94,0
8871,12,2025-11-16 17:30:53,CA,mobile,12.17,0
8872,1135,2025-11-27 15:14:51,DE,desktop,8.31,0
8873,1609,2025-12-08 01:35:36,CA,tablet,13.96,0
8874,1657,2025-11-19 08:25:02,US,mobile,10.99,0
8875,768,2025-11-27 01:28:54,DE,mobile,3.94,0
8876,473,2025-12-03 14:23:44,DE,desktop,6.77,0
8877,619,2025-11-19 04:00:45,CA,desktop,5.65,0
8878,593,2025-11-26 12:00:38,GB,desktop,11.61,0
8879,693,2025-11-27 13:22:19,CA,desktop,9.75,1
8880,604,2025-11-16 07:03:58,DE,tablet,7.98,0
8881,914,2025-11-16 07:06:44,GB,mobile,13.57,0
8882,82,2025-11-27 20:38:41,GB,mobile,2.41,0
8883,551,2025-11-16 07:57:34,CA,mobile,5.15,0
8884,630,2025-12-09 10:01:23,DE,mobile,5.41,0
8885,307,2025-11-26 16:21:14,US,desktop,8.59,1
8886,1755,2025-12-02 03:12:16,US,mobile,10.3,0
8887,1351,2025-11-22 20:59:28,CA,desktop,7.38,0
8888,1824,2025-11-19 22:22:16,US,mobile,3.36,1
8889,1123,2025-11-25 13:30:48,GB,desktop,9.43,0
8890,220,2025-12-02 07:03:41,DE,mobile,7.98,0
8891,1809,2025-11-22 21:28:42,CA,mobile,3.06,0
8892,916,2025-11-19 10:42:33,GB,mobile,6.19,0
8893,1369,2025-11-15 06:53:46,DE,mobile,9.25,1
8894,763,2025-11-27 05:58:07,DE,mobile,19.92,0
8895,989,2025-12-01 08:36:10,DE,desktop,3.84,0
8896,979,2025-11-26 18:22:54,DE,mobile,11.87,0
8897,570,2025-11-18 14:45:20,GB,tablet,3.87,0
8898,1109,2025-11-18 09:21:15,DE,tablet,3.45,1
8899,1467,2025-11-22 06:42:52,US,mobile,3.57,0
8900,41,2025-11-21 09:42:26,DE,mobile,10.62,0
8901,262,2025-11-17 01:56:46,DE,mobile,7.99,0
8902,1684,2025-12-09 05:36:12,DE,mobile,6.12,0
8903,1139,2025-11-20 20:39:16,US,mobile,9.72,0
8904,1947,2025-11-18 11:39:49,CA,desktop,7.57,0
8905,1209,2025-11-29 04:01:14,IN,tablet,7.9,0
8906,1307,2025-12-04 23:58:20,US,mobile,6.16,0
8907,1798,2025-11-24 21:48:41,IN,desktop,3.99,0
8908,1321,2025-11-30 23:44:22,IN,desktop,20.38,1
8909,659,2025-11-13 19:38:20,IN,mobile,17.12,0
8910,1056,2025-11-26 22:43:32,DE,desktop,19.18,0
8911,471,2025-11-12 23:10:29,IN,tablet,5.35,0
8912,669,2025-11-15 02:14:36,GB,tablet,4.91,0
8913,1360,2025-11-28 17:28:13,DE,desktop,5.76,0
8914,298,2025-11-17 02:31:25,GB,mobile,14.08,0
8915,1344,2025-11-12 01:34:21,US,mobile,7.39,0
8916,1168,2025-11-16 08:05:48,GB,tablet,5.33,1
8917,617,2025-12-04 03:39:50,CA,mobile,9.19,0
8918,90,2025-11-28 13:43:28,IN,mobile,4.75,0
8919,1409,2025-11-22 10:07:38,GB,mobile,3.28,0
8920,1649,2025-12-10 04:04:07,GB,mobile,7.98,1
8921,1460,2025-11-22 12:58:29,CA,mobile,5.42,0
8922,842,2025-12-07 06:50:42,DE,desktop,7.33,0
8923,1307,2025-11-21 07:36:01,DE,mobile,1.48,0
8924,830,2025-11-11 17:24:50,DE,mobile,4.33,0
8925,717,2025-11-14 06:36:51,CA,mobile,7.19,0
8926,655,2025-11-19 04:18:57,DE,mobile,2.97,0
8927,422,2025-11-16 13:33:55,IN,desktop,3.04,1
8928,1938,2025-11-15 16:27:29,GB,tablet,7.56,0
8929,1332,2025-11-22 11:14:33,US,desktop,11.26,0
8930,350,2025-12-10 05:43:14,DE,mobile,4.33,0
8931,1730,2025-11-16 23:35:43,CA,desktop,6.31,0
8932,303,2025-11-18 00:52:19,DE,mobile,6.4,0
8933,1187,2025-12-10 19:47:19,IN,desktop,2.89,0
8934,331,2025-11-17 00:10:41,US,desktop,15.03,1
8935,723,2025-12-05 20:58:42,DE,mobile,6.62,0
8936,1317,2025-11-29 14:15:46,GB,mobile,6.66,0
8937,1998,2025-12-08 19:09:40,DE,desktop,9.24,0
8938,1983,2025-11-27 15:41:13,GB,mobile,2.9,0
8939,1791,2025-11-28 18:32:14,CA,desktop,12.83,0
8940,471,2025-11-17 17:50:45,CA,mobile,13.88,0
8941,187,2025-11-28 05:10:45,GB,mobile,8.04,0
8942,1811,2025-12-01 01:53:43,GB,desktop,9.75,0
8943,1846,2025-12-10 13:45:58,CA,mobile,6.08,0
8944,557,2025-11-13 21:04:40,US,mobile,12.4,0
8945,39,2025-11-15 16:05:25,IN,mobile,4.51,0
8946,1296,2025-11-11 13:10:42,US,mobile,7.25,0
8947,153,2025-12-04 16:21:10,IN,mobile,7.51,0
8948,81,2025-11-13 10:34:17,US,desktop,7.22,0
8949,1874,2025-12-08 10:22:45,US,mobile,14.03,0
8950,991,2025-11-21 21:56:16,IN,desktop,27.47,0
8951,224,2025-11-19 14:50:52,US,mobile,6.92,1
8952,1309,2025-12-10 05:14:40,DE,mobile,9.8,0
8953,739,2025-12-02 13:53:54,IN,mobile,4.57,0
8954,1073,2025-11-27 09:15:02,IN,tablet,13.72,0
8955,1797,2025-12-07 15:16:58,IN,mobile,5.42,0
8956,476,2025-12-03 14:38:08,CA,mobile,48.77,0
8957,1293,2025-11-30 02:12:31,CA,mobile,2.71,0
8958,1657,2025-11-20 14:42:34,US,mobile,26.8,0
8959,848,2025-12-10 13:13:32,DE,desktop,13.39,0
8960,1940,2025-12-02 13:09:24,IN,mobile,3.77,0
8961,897,2025-12-09 08:04:50,DE,mobile,29.72,0
8962,918,2025-12-09 22:52:59,DE,mobile,4.23,0
8963,1768,2025-11-27 10:42:08,DE,desktop,6.12,0
8964,1272,2025-11-21 16:49:14,DE,desktop,3.39,0
8965,1737,2025-12-09 09:12:06,GB,mobile,6.77,0
8966,1581,2025-12-10 22:33:20,CA,desktop,7.16,0
8967,1425,2025-11-14 15:02:57,DE,mobile,12.16,0
8968,483,2025-11-30 02:53:16,GB,mobile,31.91,0
8969,798,2025-11-29 00:59:12,GB,desktop,5.43,0
8970,1729,2025-12-03 10:13:06,IN,mobile,1.42,0
8971,1232,2025-12-10 05:32:20,GB,tablet,10.9,0
8972,561,2025-11-18 12:47:35,DE,mobile,5.31,0
8973,655,2025-12-10 05:45:50,IN,desktop,22.0,1
8974,1551,2025-11-30 06:15:29,US,mobile,7.24,0
8975,357,2025-11-13 10:38:14,GB,desktop,4.69,0
8976,225,2025-11-26 07:09:26,CA,mobile,4.02,0
8977,1530,2025-11-14 23:19:52,CA,desktop,10.74,0
8978,577,2025-12-09 15:50:33,GB,mobile,6.26,0
8979,1531,2025-12-03 20:44:28,DE,mobile,17.83,0
8980,1067,2025-12-08 02:35:55,US,desktop,6.51,0
8981,1995,2025-11-29 01:03:19,CA,mobile,17.27,0
8982,1050,2025-11-22 20:50:13,DE,desktop,3.23,1
8983,1735,2025-11-23 19:39:02,US,mobile,2.6,0
8984,1701,2025-12-09 08:58:44,DE,tablet,12.15,1
8985,424,2025-11-15 12:21:38,IN,desktop,5.59,1
8986,1992,2025-12-07 12:17:52,CA,mobile,6.31,0
8987,1491,2025-11-23 15:04:50,GB,desktop,4.03,0
8988,215,2025-11-28 16:18:32,CA,mobile,3.85,0
8989,13,2025-11-30 23:27:48,CA,desktop,10.82,0
8990,543,2025-11-13 10:21:27,GB,desktop,7.31,0
8991,33,2025-11-15 10:17:07,IN,desktop,3.91,0
8992,715,2025-11-15 19:00:06,DE,desktop,11.87,0
8993,1992,2025-12-04 07:52:41,GB,desktop,14.95,0
8994,958,2025-11-13 06:34:56,CA,mobile,6.92,0
8995,48,2025-11-29 07:04:39,US,tablet,13.49,0
8996,988,2025-11-14 04:59:16,GB,mobile,4.05,1
8997,438,2025-12-04 00:03:38,IN,mobile,10.45,0
8998,1712,2025-12-10 06:38:18,IN,desktop,8.14,0
8999,182,2025-11-23 09:19:39,US,mobile,4.6,1
9000,1541,2025-11-17 07:59:35,CA,mobile,25.33,0
9001,892,2025-11-24 07:33:04,GB,desktop,8.5,0
9002,38,2025-12-01 16:38:53,US,mobile,5.18,0
9003,1346,2025-12-02 18:55:45,IN,mobile,7.48,0
9004,910,2025-11-30 01:31:59,CA,mobile,4.38,0
9005,1543,2025-11-28 10:16:00,US,mobile,3.69,0
9006,1236,2025-11-29 21:39:25,IN,mobile,5.64,0
9007,1574,2025-11-17 11:43:17,CA,mobile,5.88,0
9008,921,2025-11-17 04:03:34,CA,desktop,4.56,0
9009,16,2025-12-08 21:27:47,US,mobile,15.65,0
9010,262,2025-11-28 08:21:44,DE,desktop,4.67,0
9011,918,2025-12-06 19:17:03,CA,tablet,4.22,0
9012,795,2025-11-29 17:37:13,DE,mobile,3.63,0
9013,1588,2025-11-24 15:01:54,DE,tablet,3.42,0
9014,823,2025-11-28 01:55:28,DE,mobile,13.69,0
9015,1720,2025-12-01 17:15:51,IN,desktop,8.63,0
9016,376,2025-11-16 13:16:11,US,tablet,11.18,0
9017,770,2025-11-24 19:57:03,DE,desktop,13.61,0
9018,1512,2025-12-02 15:50:11,DE,mobile,6.05,0
9019,249,2025-11-13 13:54:25,CA,mobile,17.87,0
9020,643,2025-11-13 03:58:04,CA,mobile,5.07,1
9021,1503,2025-11-15 18:29:50,GB,tablet,3.83,0
9022,1178,2025-11-28 16:53:48,CA,mobile,9.25,0
9023,1556,2025-11-18 02:54:18,US,mobile,8.06,0
9024,1031,2025-11-24 01:20:22,CA,mobile,8.05,0
9025,1718,2025-11-14 23:34:32,US,mobile,13.59,0
9026,1754,2025-11-18 11:26:20,DE,mobile,7.88,1
9027,1949,2025-11-11 12:01:35,DE,mobile,8.92,0
9028,244,2025-12-05 04:33:10,DE,mobile,16.71,0
9029,1182,2025-11-24 23:08:03,CA,mobile,8.67,0
9030,229,2025-11-16 05:52:31,IN,mobile,9.94,0
9031,458,2025-11-26 18:06:49,US,mobile,3.16,0
9032,601,2025-12-08 22:58:46,DE,mobile,68.82,0
9033,1292,2025-12-05 17:05:50,GB,desktop,2.84,0
9034,862,2025-12-07 12:07:10,DE,mobile,5.35,0
9035,1729,2025-11-23 03:33:21,GB,mobile,5.25,0
9036,597,2025-11-21 18:51:20,US,mobile,26.18,0
9037,1234,2025-11-20 10:54:08,DE,mobile,5.15,0
9038,1526,2025-11-20 02:56:34,US,desktop,9.63,0
9039,1960,2025-12-08 13:24:35,GB,desktop,5.27,0
9040,491,2025-11-15 02:13:23,DE,mobile,3.96,0
9041,1467,2025-12-06 12:16:31,CA,mobile,10.4,0
9042,170,2025-12-08 10:59:19,GB,mobile,4.8,0
9043,1087,2025-12-06 06:56:35,GB,desktop,8.37,0
9044,828,2025-11-29 19:03:20,GB,mobile,10.76,0
9045,1917,2025-12-06 15:17:52,IN,tablet,23.2,0
9046,1546,2025-11-11 22:07:01,US,mobile,3.46,0
9047,1854,2025-12-05 11:39:45,IN,tablet,6.74,0
9048,1701,2025-11-26 07:09:08,CA,mobile,6.91,0
9049,821,2025-12-09 17:18:00,US,mobile,7.39,1
9050,1466,2025-11-13 13:00:28,CA,mobile,34.51,0
9051,61,2025-12-08 20:52:20,IN,mobile,6.66,0
9052,1116,2025-11-28 04:19:59,DE,tablet,1.63,1
9053,95,2025-11-14 02:00:26,DE,mobile,6.56,0
9054,1448,2025-11-26 05:41:06,CA,mobile,6.88,0
9055,1933,2025-11-12 01:57:30,DE,tablet,6.39,0
9056,1363,2025-11-13 10:52:54,CA,mobile,4.8,0
9057,1680,2025-11-26 22:03:29,GB,mobile,3.34,0
9058,469,2025-12-05 10:39:08,GB,mobile,27.0,0
9059,1987,2025-11-14 05:08:14,DE,mobile,8.94,0
9060,1101,2025-11-18 20:06:04,US,tablet,6.58,0
9061,1349,2025-11-22 16:59:17,US,mobile,26.48,1
9062,1541,2025-11-27 05:06:05,GB,desktop,4.39,0
9063,1279,2025-11-10 23:45:14,GB,mobile,10.61,0
9064,634,2025-11-30 03:20:26,US,mobile,3.49,0
9065,1223,2025-11-25 21:42:08,DE,desktop,11.59,0
9066,1308,2025-12-09 20:05:31,IN,desktop,3.74,0
9067,1714,2025-11-20 00:11:37,GB,mobile,9.8,0
9068,963,2025-11-25 18:46:37,GB,mobile,23.85,0
9069,1004,2025-11-13 09:59:43,CA,mobile,7.82,0
9070,1006,2025-12-08 11:42:00,CA,desktop,1.98,0
9071,229,2025-12-05 23:37:23,US,mobile,7.55,0
9072,181,2025-11-21 14:43:48,DE,mobile,9.86,0
9073,41,2025-11-24 18:46:57,GB,mobile,12.69,0
9074,1332,2025-12-06 16:35:15,GB,desktop,17.89,0
9075,838,2025-11-19 19:55:37,IN,mobile,18.44,0
9076,1731,2025-11-18 01:01:39,CA,desktop,6.83,0
9077,1404,2025-11-18 05:27:01,IN,desktop,4.97,0
9078,283,2025-12-02 04:37:05,CA,mobile,3.78,0
9079,201,2025-11-17 07:12:02,CA,mobile,5.34,0
9080,732,2025-11-13 15:02:00,DE,mobile,9.83,0
9081,1841,2025-11-15 22:21:29,DE,mobile,3.29,1
9082,98,2025-12-10 13:11:20,DE,tablet,4.24,0
9083,375,2025-12-07 03:41:04,GB,mobile,10.35,0
9084,60,2025-12-09 14:04:01,CA,mobile,5.01,0
9085,827,2025-11-19 06:53:28,CA,mobile,9.23,0
9086,1979,2025-11-24 05:37:35,DE,desktop,4.53,0
9087,1367,2025-11-25 16:35:14,DE,mobile,8.78,0
9088,987,2025-11-26 16:27:58,CA,desktop,4.65,0
9089,289,2025-11-11 18:32:04,US,mobile,2.36,0
9090,711,2025-11-28 21:37:50,US,mobile,13.11,0
9091,1049,2025-11-12 03:09:17,CA,mobile,4.87,0
9092,550,2025-11-19 05:15:35,IN,desktop,6.37,1
9093,1410,2025-11-19 17:43:46,DE,desktop,4.88,1
9094,1960,2025-12-01 04:51:07,IN,mobile,10.24,1
9095,412,2025-12-07 20:42:32,IN,mobile,9.02,0
9096,505,2025-12-01 22:11:50,US,tablet,10.23,0
9097,253,2025-11-24 00:45:35,GB,desktop,5.31,1
9098,1451,2025-11-26 17:17:16,US,mobile,7.17,0
9099,923,2025-11-26 08:09:46,IN,desktop,9.49,0
9100,568,2025-11-15 09:36:21,US,tablet,18.67,1
9101,439,2025-12-09 16:29:54,CA,mobile,8.88,0
9102,141,2025-12-08 13:02:47,GB,mobile,4.05,0
9103,952,2025-11-18 04:03:54,DE,mobile,8.68,0
9104,1366,2025-11-14 10:03:54,US,mobile,6.69,0
9105,470,2025-11-15 22:03:44,US,desktop,2.23,0
9106,4,2025-11-29 20:14:12,IN,mobile,2.44,0
9107,947,2025-11-11 20:25:32,DE,mobile,7.1,0
9108,1351,2025-11-14 01:27:23,CA,mobile,7.47,0
9109,690,2025-11-30 10:01:01,IN,desktop,6.19,0
9110,501,2025-11-15 08:25:31,DE,mobile,12.56,0
9111,309,2025-11-13 00:46:04,DE,mobile,4.22,0
9112,1492,2025-11-11 14:01:13,DE,mobile,3.22,0
9113,1723,2025-12-02 03:23:50,DE,desktop,4.5,0
9114,1539,2025-11-21 20:51:17,US,mobile,5.13,0
9115,1036,2025-11-19 12:02:53,IN,mobile,7.14,0
9116,1448,2025-11-30 03:43:56,CA,desktop,4.58,0
9117,794,2025-11-16 02:00:34,IN,mobile,2.04,0
9118,49,2025-11-26 14:44:40,US,desktop,1.58,0
9119,735,2025-11-25 11:36:01,DE,mobile,7.96,0
9120,1407,2025-12-01 04:54:03,GB,desktop,3.75,0
9121,1295,2025-11-29 16:27:10,IN,mobile,2.22,0
9122,1980,2025-12-01 05:14:46,IN,mobile,10.75,0
9123,1994,2025-11-17 08:41:15,DE,mobile,18.67,0
9124,486,2025-11-15 04:09:28,CA,tablet,6.98,0
9125,20,2025-11-26 23:35:17,DE,desktop,8.68,0
9126,549,2025-11-12 16:30:56,CA,mobile,8.72,0
9127,1752,2025-11-24 14:18:58,US,mobile,1.84,0
9128,1627,2025-11-29 17:29:26,DE,mobile,12.59,0
9129,198,2025-12-05 14:21:03,IN,mobile,15.55,0
9130,321,2025-11-30 13:33:15,DE,mobile,22.24,1
9131,1127,2025-12-10 19:23:34,US,desktop,5.68,0
9132,1321,2025-11-27 16:03:34,IN,mobile,3.74,0
9133,1964,2025-11-24 08:29:09,US,desktop,16.7,0
9134,1510,2025-11-18 08:10:54,DE,mobile,9.97,0
9135,424,2025-12-01 03:52:56,GB,desktop,12.49,0
9136,75,2025-12-05 06:59:01,US,mobile,5.01,0
9137,1267,2025-11-20 14:20:02,US,mobile,8.7,0
9138,1107,2025-11-13 05:43:36,GB,desktop,3.93,1
9139,1843,2025-11-11 06:46:44,CA,mobile,7.37,0
9140,1152,2025-11-29 22:29:50,CA,desktop,6.0,0
9141,1002,2025-11-30 20:37:03,US,desktop,30.15,0
9142,607,2025-11-14 13:55:44,CA,tablet,10.27,0
9143,173,2025-11-11 15:30:25,IN,desktop,2.03,0
9144,1752,2025-11-30 14:26:06,GB,mobile,7.38,0
9145,1652,2025-11-22 21:36:52,CA,mobile,9.22,1
9146,326,2025-11-23 11:59:43,GB,desktop,5.56,0
9147,1408,2025-11-18 20:12:50,US,mobile,3.81,0
9148,729,2025-12-02 12:16:01,GB,mobile,10.98,0
9149,874,2025-12-03 07:22:36,US,mobile,4.15,1
9150,1697,2025-11-12 12:48:40,IN,desktop,10.44,0
9151,1684,2025-11-13 15:24:10,US,mobile,3.95,0
9152,382,2025-11-27 14:53:33,GB,mobile,5.36,0
9153,615,2025-11-29 01:29:29,GB,tablet,13.11,0
9154,1642,2025-11-15 07:32:41,DE,desktop,9.91,0
9155,1834,2025-11-15 17:04:05,CA,mobile,7.53,0
9156,159,2025-12-01 10:32:51,US,mobile,7.26,0
9157,1667,2025-11-24 14:37:25,DE,desktop,7.8,1
9158,978,2025-11-14 13:36:02,US,mobile,4.6,0
9159,1181,2025-11-29 06:05:34,CA,desktop,2.97,0
9160,151,2025-11-13 04:12:45,GB,desktop,10.4,0
9161,1361,2025-11-17 21:16:56,CA,mobile,18.51,0
9162,1356,2025-12-02 08:40:52,DE,mobile,10.62,0
9163,1325,2025-11-17 15:20:59,GB,mobile,8.61,0
9164,1581,2025-11-12 20:58:32,GB,mobile,3.58,0
9165,1892,2025-12-09 18:25:37,GB,mobile,12.51,0
9166,1699,2025-11-17 16:53:41,IN,mobile,9.86,0
9167,1489,2025-11-26 09:56:34,IN,tablet,11.66,0
9168,1962,2025-12-05 17:02:31,DE,desktop,13.74,0
9169,1349,2025-12-10 15:58:13,IN,mobile,19.14,0
9170,1344,2025-12-05 06:12:30,DE,mobile,3.79,0
9171,1084,2025-11-21 03:46:53,IN,mobile,3.41,0
9172,1538,2025-12-06 14:12:11,GB,mobile,8.08,0
9173,143,2025-11-11 08:24:10,GB,mobile,4.25,0
9174,1012,2025-11-20 18:01:28,DE,mobile,3.83,1
9175,851,2025-11-16 22:48:46,US,mobile,15.36,1
9176,1825,2025-11-26 19:25:38,GB,mobile,4.03,0
9177,146,2025-12-07 17:11:13,GB,mobile,7.34,0
9178,1287,2025-12-04 04:02:34,DE,desktop,2.78,0
9179,369,2025-12-10 22:00:51,US,tablet,7.67,0
9180,1767,2025-11-15 01:51:44,IN,desktop,15.02,0
9181,1703,2025-12-03 12:48:49,DE,tablet,15.3,0
9182,471,2025-12-02 16:47:39,CA,mobile,13.83,0
9183,1743,2025-11-24 15:53:31,IN,mobile,7.05,0
9184,993,2025-11-13 21:25:22,CA,desktop,14.4,0
9185,1942,2025-11-14 02:28:02,DE,mobile,9.56,0
9186,1459,2025-12-08 08:46:23,DE,mobile,5.68,0
9187,69,2025-11-19 19:47:39,GB,tablet,9.29,0
9188,406,2025-11-30 02:05:45,CA,desktop,12.57,0
9189,807,2025-12-09 08:01:57,GB,tablet,3.33,0
9190,423,2025-11-25 18:24:45,US,mobile,3.91,0
9191,265,2025-11-17 06:22:46,US,desktop,6.78,0
9192,1956,2025-11-25 12:14:16,DE,mobile,3.55,0
9193,1738,2025-11-17 20:27:24,DE,mobile,3.52,1
9194,869,2025-11-16 09:48:48,US,desktop,5.74,0
9195,430,2025-12-05 07:08:41,CA,mobile,13.4,0
9196,364,2025-11-21 08:17:35,GB,desktop,13.25,0
9197,1831,2025-12-01 12:17:33,DE,desktop,8.96,0
9198,663,2025-12-02 18:45:42,IN,desktop,8.23,0
9199,26,2025-11-27 10:49:01,IN,mobile,25.85,0
9200,795,2025-11-27 04:42:43,DE,mobile,5.35,0
9201,909,2025-11-16 09:12:52,CA,tablet,8.54,0
9202,1246,2025-11-26 20:19:59,DE,mobile,5.19,0
9203,678,2025-12-03 12:19:59,CA,mobile,3.41,1
9204,1846,2025-11-16 19:48:35,CA,mobile,15.04,0
9205,1287,2025-11-17 22:17:21,GB,mobile,6.15,0
9206,1973,2025-12-01 16:17:37,IN,tablet,11.21,0
9207,734,2025-12-10 10:07:41,US,mobile,6.37,1
9208,1303,2025-11-22 17:29:49,CA,desktop,15.61,1
9209,731,2025-12-05 19:37:34,CA,mobile,4.06,1
9210,1400,2025-11-16 10:48:54,CA,mobile,14.86,0
9211,1491,2025-11-28 01:25:47,DE,mobile,12.64,0
9212,644,2025-12-09 06:45:28,CA,desktop,2.52,0
9213,1875,2025-11-24 05:09:13,DE,mobile,5.42,0
9214,1714,2025-11-26 04:07:40,GB,mobile,13.63,0
9215,1789,2025-11-15 14:53:50,GB,mobile,19.74,1
9216,436,2025-11-26 19:25:08,IN,mobile,11.35,0
9217,1435,2025-11-28 12:53:38,IN,mobile,5.82,0
9218,213,2025-12-10 09:49:13,DE,mobile,4.13,0
9219,211,2025-11-16 23:55:25,DE,mobile,10.38,0
9220,1946,2025-11-21 23:02:42,CA,desktop,5.72,0
9221,306,2025-11-30 09:15:18,DE,mobile,5.87,0
9222,1728,2025-12-09 06:12:27,US,desktop,6.46,1
9223,862,2025-11-18 02:30:13,GB,desktop,12.54,0
9224,607,2025-12-01 19:34:44,GB,desktop,21.84,0
9225,147,2025-12-07 08:21:33,DE,desktop,13.68,1
9226,1350,2025-11-29 23:03:41,GB,mobile,7.43,0
9227,1442,2025-11-23 18:32:03,CA,mobile,4.31,0
9228,934,2025-11-18 00:00:50,GB,mobile,11.03,0
9229,1620,2025-11-19 14:37:40,IN,mobile,20.07,0
9230,646,2025-11-12 12:29:48,CA,desktop,13.49,0
9231,1103,2025-11-15 12:41:24,GB,mobile,8.37,1
9232,574,2025-11-24 02:26:13,US,mobile,5.51,1
9233,1164,2025-11-15 04:23:30,GB,mobile,9.09,0
9234,272,2025-11-11 06:33:21,GB,desktop,14.77,0
9235,952,2025-12-01 17:57:57,DE,mobile,8.49,0
9236,1099,2025-11-13 02:21:16,DE,mobile,6.94,0
9237,1113,2025-11-15 04:50:05,IN,mobile,4.89,0
9238,893,2025-11-28 19:52:04,IN,tablet,34.94,1
9239,1287,2025-12-08 14:56:46,IN,desktop,4.33,0
9240,1024,2025-12-02 16:51:08,US,mobile,4.1,0
9241,567,2025-11-11 22:38:56,US,desktop,8.15,0
9242,431,2025-11-16 00:09:20,DE,mobile,6.55,0
9243,1295,2025-12-03 04:17:38,CA,mobile,13.65,0
9244,1877,2025-12-02 22:37:59,IN,mobile,13.93,0
9245,1506,2025-11-22 16:46:17,US,mobile,3.57,0
9246,1277,2025-12-09 11:02:07,CA,desktop,4.7,0
9247,1843,2025-12-07 14:55:54,GB,mobile,4.37,0
9248,1799,2025-12-03 06:19:10,DE,desktop,11.83,1
9249,1013,2025-12-03 09:57:18,CA,mobile,9.55,0
9250,219,2025-12-04 12:13:39,CA,mobile,5.91,0
9251,1268,2025-11-15 10:06:14,US,mobile,8.41,1
9252,1246,2025-12-01 23:44:45,US,desktop,3.76,0
9253,555,2025-12-09 03:57:49,DE,mobile,4.73,0
9254,1699,2025-11-17 17:02:37,DE,mobile,3.39,0
9255,1740,2025-11-11 09:46:44,CA,mobile,8.06,0
9256,662,2025-11-21 19:04:24,IN,mobile,8.04,0
9257,954,2025-11-19 01:21:20,US,mobile,4.09,0
9258,391,2025-12-09 10:42:17,DE,desktop,9.51,0
9259,357,2025-11-24 08:16:12,DE,mobile,13.93,0
9260,530,2025-11-30 19:18:15,IN,mobile,3.98,0
9261,732,2025-12-10 10:13:52,DE,desktop,6.08,0
9262,546,2025-12-04 15:19:50,GB,desktop,10.06,0
9263,304,2025-12-03 10:33:59,CA,desktop,7.36,0
9264,894,2025-12-10 00:41:34,US,mobile,3.24,0
9265,1247,2025-12-01 15:12:20,CA,tablet,5.67,0
9266,652,2025-11-17 21:52:02,CA,mobile,5.56,0
9267,1067,2025-12-02 18:30:50,DE,mobile,6.67,0
9268,543,2025-11-20 14:50:49,CA,mobile,6.84,0
9269,1408,2025-11-20 21:29:48,CA,mobile,18.91,0
9270,1297,2025-11-30 07:29:23,US,mobile,6.52,0
9271,1920,2025-11-20 10:23:05,IN,tablet,2.64,0
9272,107,2025-11-11 16:46:12,DE,mobile,7.8,0
9273,1706,2025-12-10 22:55:00,CA,mobile,21.09,0
9274,681,2025-11-28 02:30:37,DE,mobile,6.68,0
9275,133,2025-12-01 01:38:21,IN,mobile,5.68,0
9276,1379,2025-12-05 05:29:18,IN,desktop,6.15,0
9277,344,2025-11-30 00:05:14,US,tablet,10.49,0
9278,352,2025-11-29 06:45:07,GB,desktop,6.14,1
9279,1959,2025-12-04 17:21:26,IN,tablet,2.98,0
9280,442,2025-11-19 19:54:57,CA,mobile,4.94,1
9281,1094,2025-12-05 19:42:44,CA,mobile,7.11,0
9282,402,2025-12-02 16:35:15,DE,mobile,10.19,0
9283,248,2025-11-16 10:21:14,US,desktop,5.21,0
9284,2,2025-11-15 08:22:31,DE,mobile,6.19,0
9285,33,2025-12-07 08:36:35,IN,mobile,7.59,0
9286,948,2025-12-07 19:28:10,DE,mobile,4.63,1
9287,868,2025-12-10 18:36:39,IN,mobile,6.99,0
9288,78,2025-11-13 23:53:29,DE,desktop,9.78,0
9289,699,2025-12-07 20:04:42,GB,desktop,3.63,0
9290,546,2025-12-06 20:56:47,US,mobile,8.88,0
9291,1143,2025-12-03 23:54:01,GB,mobile,3.84,1
9292,1989,2025-11-25 21:39:20,CA,mobile,3.89,0
9293,1383,2025-11-26 05:21:27,US,mobile,4.96,0
9294,1836,2025-11-23 19:51:31,GB,mobile,16.76,0
9295,385,2025-11-11 20:17:59,GB,mobile,2.64,0
9296,430,2025-11-25 23:42:33,CA,mobile,5.59,0
9297,1501,2025-11-18 01:59:17,GB,desktop,7.27,0
9298,620,2025-11-16 23:22:52,CA,desktop,14.88,0
9299,1697,2025-11-12 15:29:18,CA,mobile,23.78,0
9300,927,2025-11-24 16:45:59,DE,desktop,5.74,0
9301,402,2025-11-12 09:42:21,GB,desktop,10.21,0
9302,1688,2025-12-06 11:01:51,IN,mobile,6.98,0
9303,1101,2025-12-07 15:40:23,DE,mobile,6.95,0
9304,1605,2025-12-04 23:55:13,US,mobile,8.71,0
9305,905,2025-11-19 23:56:37,CA,mobile,2.85,1
9306,253,2025-11-15 20:37:39,IN,mobile,7.18,0
9307,1362,2025-11-26 02:34:54,CA,mobile,9.68,0
9308,249,2025-12-01 04:05:45,DE,tablet,4.41,0
9309,1326,2025-11-11 14:03:24,CA,desktop,9.72,0
9310,834,2025-12-06 16:09:20,US,mobile,2.62,0
9311,1583,2025-11-24 03:00:05,US,desktop,7.82,0
9312,1740,2025-12-05 13:27:55,US,tablet,16.53,0
9313,815,2025-11-13 07:22:13,CA,mobile,6.48,0
9314,1764,2025-11-23 17:41:17,CA,mobile,4.11,0
9315,222,2025-11-24 17:13:15,CA,desktop,3.14,0
9316,215,2025-11-12 09:51:34,GB,tablet,9.34,0
9317,1987,2025-12-02 04:35:32,GB,desktop,12.89,0
9318,1149,2025-12-08 21:40:29,GB,mobile,7.14,0
9319,901,2025-11-27 04:27:47,CA,desktop,5.59,1
9320,312,2025-11-22 20:16:12,GB,mobile,2.32,0
9321,578,2025-11-30 01:11:24,IN,mobile,7.96,0
9322,1372,2025-11-21 19:08:09,DE,mobile,4.89,0
9323,1643,2025-11-21 18:15:30,GB,desktop,5.06,0
9324,1832,2025-12-03 18:05:00,IN,mobile,19.49,0
9325,816,2025-11-28 16:40:55,DE,mobile,2.51,0
9326,910,2025-11-18 21:17:33,DE,desktop,2.72,0
9327,327,2025-11-23 04:35:22,US,mobile,8.49,0
9328,167,2025-12-06 00:15:04,IN,desktop,5.86,0
9329,876,2025-11-26 19:54:29,US,mobile,5.41,1
9330,1158,2025-11-13 05:59:23,US,mobile,8.7,0
9331,209,2025-12-06 16:17:07,DE,mobile,8.62,0
9332,817,2025-12-03 04:32:41,IN,tablet,4.12,0
9333,1283,2025-11-18 23:23:18,GB,tablet,5.18,0
9334,1621,2025-12-09 22:36:04,US,mobile,7.61,0
9335,1877,2025-12-09 12:33:33,CA,desktop,8.17,0
9336,681,2025-12-10 20:11:10,CA,desktop,9.87,0
9337,784,2025-11-22 07:15:03,CA,mobile,5.21,0
9338,1749,2025-12-08 16:22:18,US,mobile,9.1,0
9339,1386,2025-12-05 03:50:08,US,desktop,13.07,0
9340,548,2025-12-07 02:10:54,GB,mobile,7.6,0
9341,1370,2025-11-27 09:08:16,US,tablet,6.95,0
9342,315,2025-11-19 08:01:35,IN,mobile,6.42,0
9343,898,2025-11-17 18:31:06,DE,tablet,5.1,0
9344,613,2025-12-09 23:13:10,US,tablet,4.21,0
9345,1985,2025-11-26 00:59:27,GB,mobile,6.18,0
9346,70,2025-12-08 19:19:05,IN,mobile,9.68,1
9347,1713,2025-11-27 14:37:18,GB,desktop,4.33,0
9348,563,2025-11-26 23:58:51,IN,desktop,7.06,0
9349,73,2025-11-13 03:58:09,IN,mobile,6.59,0
9350,1320,2025-11-23 00:43:43,CA,mobile,21.47,0
9351,1356,2025-11-27 15:40:00,GB,desktop,11.4,0
9352,285,2025-11-14 05:54:18,US,mobile,11.29,0
9353,77,2025-11-15 19:53:39,CA,desktop,12.83,0
9354,223,2025-11-28 16:29:21,IN,mobile,5.33,1
9355,818,2025-11-18 09:53:32,IN,tablet,16.88,0
9356,265,2025-12-01 23:37:33,DE,mobile,8.13,0
9357,1406,2025-11-24 18:43:43,CA,tablet,7.19,0
9358,156,2025-11-23 02:06:37,US,mobile,3.56,0
9359,1578,2025-11-14 11:44:56,CA,tablet,5.81,0
9360,1749,2025-11-23 03:34:26,DE,mobile,2.56,0
9361,1433,2025-11-27 05:37:34,IN,desktop,6.37,0
9362,1888,2025-11-28 04:01:01,CA,desktop,5.23,0
9363,1878,2025-11-19 01:46:04,GB,desktop,5.82,1
9364,94,2025-11-11 19:14:14,DE,mobile,3.22,0
9365,684,2025-12-09 00:17:50,IN,mobile,11.27,0
9366,1520,2025-12-09 16:53:46,CA,mobile,10.54,0
9367,679,2025-12-08 02:12:01,IN,mobile,20.37,0
9368,1474,2025-11-19 15:57:53,DE,desktop,20.02,0
9369,1548,2025-11-29 01:06:08,IN,tablet,8.12,0
9370,1993,2025-11-15 04:40:27,GB,desktop,13.65,0
9371,660,2025-12-08 03:14:06,GB,mobile,8.64,0
9372,696,2025-11-11 03:11:03,CA,mobile,5.72,0
9373,49,2025-11-25 02:06:53,CA,mobile,6.25,0
9374,571,2025-12-06 16:11:40,GB,mobile,10.84,0
9375,561,2025-12-02 17:38:12,CA,desktop,85.86,0
9376,906,2025-12-06 20:44:31,IN,mobile,14.88,0
9377,842,2025-11-25 20:37:11,US,mobile,8.57,0
9378,1713,2025-11-13 19:51:12,DE,desktop,9.88,0
9379,1547,2025-11-11 04:52:15,US,mobile,9.82,0
9380,1457,2025-11-15 12:50:47,CA,mobile,7.0,0
9381,11,2025-11-12 16:39:48,IN,mobile,11.63,0
9382,943,2025-11-24 09:43:20,CA,mobile,6.73,0
9383,1459,2025-11-12 11:37:43,IN,mobile,4.03,0
9384,489,2025-11-16 12:56:23,US,mobile,9.87,0
9385,850,2025-11-23 13:12:34,DE,desktop,10.69,0
9386,1454,2025-12-03 01:01:26,DE,mobile,6.77,0
9387,1589,2025-12-01 04:40:52,GB,mobile,8.9,0
9388,1709,2025-11-12 17:01:17,GB,desktop,13.15,0
9389,860,2025-12-08 01:36:02,CA,mobile,7.16,0
9390,800,2025-11-27 11:01:24,DE,mobile,5.65,0
9391,766,2025-11-21 10:25:16,GB,mobile,4.83,0
9392,1337,2025-11-22 10:50:33,DE,mobile,6.35,0
9393,839,2025-12-06 10:05:37,GB,mobile,18.56,0
9394,801,2025-11-24 21:59:39,US,tablet,6.56,0
9395,337,2025-11-18 08:13:56,DE,mobile,9.17,0
9396,957,2025-11-23 17:03:28,CA,mobile,6.08,0
9397,475,2025-11-13 00:30:14,CA,mobile,5.78,0
9398,1050,2025-11-15 13:30:26,IN,mobile,4.36,0
9399,1777,2025-11-20 09:43:49,US,desktop,7.85,0
9400,1551,2025-11-17 13:50:07,IN,desktop,5.42,0
9401,956,2025-11-21 10:43:36,DE,tablet,15.87,0
9402,1955,2025-11-12 21:53:39,CA,mobile,6.93,1
9403,1960,2025-11-29 06:28:24,US,mobile,7.19,1
9404,889,2025-11-14 10:14:18,DE,desktop,6.63,0
9405,1527,2025-11-17 11:26:57,IN,mobile,9.23,0
9406,685,2025-12-10 07:19:01,IN,mobile,18.08,0
9407,1757,2025-11-11 03:29:11,US,mobile,3.96,0
9408,747,2025-11-19 08:40:45,US,mobile,8.73,0
9409,517,2025-11-25 23:22:11,DE,desktop,2.88,0
9410,268,2025-11-20 04:17:28,US,desktop,15.39,0
9411,1685,2025-11-20 14:00:51,DE,desktop,6.92,0
9412,594,2025-11-14 18:44:57,US,mobile,3.01,1
9413,1626,2025-11-23 16:05:01,CA,desktop,3.44,0
9414,173,2025-12-03 14:57:03,GB,desktop,12.04,0
9415,1002,2025-11-28 14:31:45,IN,desktop,2.72,0
9416,856,2025-12-08 16:36:56,GB,mobile,8.73,0
9417,878,2025-12-01 23:01:05,IN,tablet,5.71,1
9418,335,2025-12-04 15:51:11,IN,mobile,6.57,0
9419,148,2025-11-23 22:02:38,DE,desktop,4.93,0
9420,693,2025-11-29 08:18:58,DE,desktop,4.17,0
9421,940,2025-11-28 07:30:10,CA,desktop,5.52,0
9422,1587,2025-12-05 08:45:37,US,tablet,10.41,0
9423,925,2025-11-26 00:01:01,CA,mobile,6.2,0
9424,492,2025-11-23 02:16:42,DE,desktop,9.51,0
9425,525,2025-11-13 01:40:13,GB,mobile,6.39,0
9426,1224,2025-12-06 18:04:15,CA,desktop,10.66,0
9427,871,2025-11-24 00:49:00,DE,mobile,9.48,0
9428,1802,2025-12-04 22:09:58,US,mobile,5.34,0
9429,880,2025-12-01 07:28:57,US,tablet,4.17,0
9430,1134,2025-11-11 00:28:28,DE,desktop,13.11,0
9431,128,2025-11-30 12:12:10,DE,mobile,4.54,0
9432,388,2025-11-25 14:26:40,US,mobile,9.98,0
9433,1700,2025-11-18 03:52:08,DE,mobile,7.53,0
9434,690,2025-11-18 21:45:24,IN,mobile,5.6,0
9435,842,2025-11-30 02:33:38,CA,mobile,9.56,0
9436,1181,2025-11-13 13:19:13,DE,tablet,16.79,0
9437,116,2025-11-29 03:46:35,CA,mobile,10.75,0
9438,1013,2025-12-06 08:29:38,US,mobile,7.99,0
9439,693,2025-11-13 13:45:40,DE,desktop,19.55,0
9440,298,2025-11-11 04:57:23,GB,mobile,2.71,0
9441,837,2025-11-12 18:51:57,IN,mobile,3.79,0
9442,894,2025-12-02 20:57:01,CA,mobile,5.59,0
9443,373,2025-12-06 09:38:27,CA,mobile,17.32,0
9444,1086,2025-12-10 14:43:51,GB,mobile,13.01,0
9445,1492,2025-11-11 19:59:31,GB,desktop,2.64,0
9446,535,2025-11-25 10:17:13,DE,mobile,5.69,0
9447,1933,2025-11-12 09:54:56,CA,desktop,3.34,0
9448,1225,2025-11-22 02:31:33,DE,tablet,7.21,0
9449,1546,2025-11-20 04:57:28,US,desktop,12.69,1
9450,141,2025-11-29 03:25:57,US,tablet,13.27,0
9451,1535,2025-12-08 05:42:37,DE,tablet,8.68,0
9452,673,2025-12-05 02:36:54,DE,desktop,5.73,0
9453,1420,2025-11-12 21:02:16,CA,mobile,6.98,0
9454,1608,2025-11-18 04:12:51,IN,mobile,11.13,0
9455,501,2025-11-19 05:09:36,IN,desktop,30.22,0
9456,519,2025-11-18 11:44:16,US,desktop,3.63,0
9457,119,2025-11-21 13:33:41,DE,desktop,19.17,0
9458,1210,2025-11-29 04:24:03,CA,desktop,8.55,0
9459,1548,2025-12-03 03:43:49,US,desktop,12.09,0
9460,820,2025-12-09 03:56:46,IN,desktop,8.26,0
9461,322,2025-12-02 01:20:12,GB,desktop,17.16,0
9462,633,2025-11-19 22:06:34,DE,mobile,9.01,0
9463,806,2025-11-16 11:47:18,DE,mobile,5.01,0
9464,1832,2025-11-22 06:29:46,GB,mobile,9.68,0
9465,248,2025-12-04 22:58:58,CA,mobile,14.53,0
9466,687,2025-12-10 18:25:57,US,mobile,7.39,0
9467,1276,2025-11-22 17:41:05,DE,mobile,2.13,0
9468,474,2025-11-16 06:06:45,DE,tablet,6.9,0
9469,1769,2025-11-11 02:47:55,US,mobile,7.84,0
9470,1818,2025-11-13 06:38:59,DE,desktop,7.19,0
9471,760,2025-11-30 01:46:47,GB,mobile,5.49,0
9472,1492,2025-11-28 15:51:23,GB,desktop,16.34,0
9473,1512,2025-11-30 06:25:35,US,mobile,1.78,1
9474,1363,2025-11-11 16:42:18,DE,mobile,7.82,0
9475,373,2025-11-24 01:50:59,CA,desktop,7.88,0
9476,100,2025-11-16 09:08:40,IN,mobile,25.97,0
9477,695,2025-11-21 01:31:25,DE,mobile,7.33,0
9478,263,2025-11-29 15:13:24,GB,desktop,9.65,0
9479,585,2025-11-19 05:45:12,IN,desktop,7.96,0
9480,1277,2025-11-30 18:04:54,DE,mobile,7.82,0
9481,1178,2025-11-19 15:25:46,IN,tablet,21.28,0
9482,419,2025-11-26 06:44:20,DE,mobile,3.79,0
9483,36,2025-11-24 17:46:59,US,mobile,4.95,0
9484,452,2025-11-22 11:31:52,IN,mobile,11.62,0
9485,910,2025-11-14 17:58:47,CA,mobile,8.62,0
9486,1558,2025-11-28 06:05:42,DE,mobile,6.23,1
9487,730,2025-12-10 16:06:00,GB,desktop,7.08,0
9488,572,2025-11-30 06:28:13,IN,mobile,12.79,0
9489,1103,2025-12-03 08:12:26,DE,tablet,9.89,0
9490,144,2025-12-05 01:44:23,CA,mobile,4.82,0
9491,451,2025-11-12 02:44:36,CA,desktop,8.52,0
9492,73,2025-12-04 18:00:48,CA,mobile,7.17,1
9493,1051,2025-11-18 05:48:29,DE,mobile,9.8,0
9494,886,2025-11-30 21:53:21,GB,mobile,6.09,0
9495,1165,2025-12-10 11:36:38,GB,desktop,3.58,0
9496,1234,2025-12-07 19:04:48,IN,desktop,11.06,0
9497,790,2025-11-23 09:37:21,IN,mobile,10.27,0
9498,1737,2025-12-06 02:36:39,CA,mobile,17.27,0
9499,1836,2025-11-29 12:37:30,CA,mobile,3.35,0
9500,222,2025-11-14 23:10:11,CA,mobile,7.08,0
9501,1840,2025-11-18 03:58:10,DE,desktop,6.44,0
9502,394,2025-12-09 16:02:31,US,mobile,5.83,0
9503,497,2025-12-08 10:11:11,US,desktop,2.93,0
9504,1060,2025-12-07 17:17:14,GB,tablet,3.9,0
9505,59,2025-11-22 11:51:47,DE,mobile,8.69,0
9506,728,2025-11-20 14:18:01,GB,tablet,5.47,1
9507,389,2025-12-05 03:33:31,DE,desktop,4.5,0
9508,965,2025-11-11 13:45:56,CA,mobile,17.43,0
9509,1629,2025-12-07 21:25:11,GB,desktop,30.7,0
9510,1848,2025-11-29 02:05:43,CA,mobile,7.14,0
9511,425,2025-11-29 22:46:44,IN,desktop,3.0,0
9512,1090,2025-11-24 02:53:36,CA,desktop,9.37,0
9513,949,2025-12-10 08:19:53,US,desktop,2.11,0
9514,830,2025-12-03 10:55:14,GB,desktop,3.29,0
9515,1265,2025-11-12 13:59:40,CA,desktop,9.47,0
9516,1978,2025-11-26 16:56:40,CA,mobile,3.22,0
9517,811,2025-12-06 18:09:38,IN,tablet,6.19,0
9518,131,2025-11-13 06:18:21,US,desktop,3.03,0
9519,1832,2025-12-03 01:46:46,US,desktop,7.64,0
9520,1864,2025-11-18 07:24:27,IN,desktop,14.5,0
9521,645,2025-11-26 03:55:48,CA,mobile,5.12,0
9522,1003,2025-12-07 10:38:59,GB,mobile,7.3,0
9523,1725,2025-11-25 17:42:41,CA,desktop,4.53,1
9524,1008,2025-11-12 02:22:09,IN,tablet,4.72,0
9525,962,2025-11-11 14:11:26,US,desktop,4.49,0
9526,1844,2025-12-03 01:38:05,IN,mobile,11.84,0
9527,1657,2025-12-08 21:29:37,GB,mobile,3.16,0
9528,1015,2025-11-19 17:25:55,GB,mobile,6.06,1
9529,323,2025-12-09 00:43:31,DE,mobile,9.45,0
9530,877,2025-11-24 13:08:00,GB,desktop,12.75,0
9531,1353,2025-11-12 17:30:24,CA,mobile,9.63,0
9532,545,2025-11-26 21:33:24,CA,mobile,7.07,0
9533,1075,2025-12-10 04:18:38,DE,mobile,5.25,0
9534,1317,2025-11-18 11:17:28,US,tablet,12.87,0
9535,170,2025-12-09 18:53:21,CA,desktop,4.39,0
9536,1139,2025-11-30 12:38:39,IN,mobile,4.43,0
9537,1475,2025-11-22 20:24:31,DE,mobile,16.63,0
9538,429,2025-12-01 18:30:40,US,mobile,9.17,0
9539,1097,2025-11-22 23:46:37,DE,mobile,9.37,0
9540,1419,2025-11-13 12:28:32,GB,desktop,10.58,0
9541,89,2025-12-07 02:10:55,DE,mobile,6.98,0
9542,1288,2025-11-22 04:27:36,GB,mobile,3.12,0
9543,520,2025-11-27 22:34:57,CA,mobile,8.59,0
9544,795,2025-12-03 07:11:03,DE,mobile,7.31,0
9545,1296,2025-11-13 10:55:26,IN,mobile,4.41,0
9546,9,2025-12-02 14:48:42,IN,desktop,3.84,0
9547,34,2025-11-21 22:12:28,US,mobile,7.19,0
9548,893,2025-11-27 07:20:49,GB,mobile,3.27,0
9549,1899,2025-11-24 16:21:33,DE,desktop,6.78,0
9550,13,2025-12-04 07:09:31,CA,tablet,6.31,0
9551,1577,2025-11-16 14:15:55,CA,mobile,6.88,0
9552,150,2025-11-14 04:44:13,US,mobile,9.41,1
9553,978,2025-11-23 07:07:08,GB,tablet,10.73,0
9554,861,2025-11-14 12:20:41,DE,mobile,4.82,0
9555,936,2025-11-18 05:59:39,GB,tablet,12.45,0
9556,164,2025-11-30 16:37:30,GB,desktop,6.48,1
9557,1507,2025-12-05 12:44:31,GB,mobile,21.16,0
9558,552,2025-12-01 18:25:59,CA,mobile,5.2,1
9559,1542,2025-11-20 11:59:29,CA,tablet,2.81,0
9560,1311,2025-12-05 09:41:31,US,mobile,12.18,0
9561,1103,2025-11-23 03:36:59,CA,mobile,9.54,0
9562,617,2025-11-16 09:34:45,IN,mobile,15.2,1
9563,1304,2025-12-03 15:43:49,CA,desktop,8.9,1
9564,1995,2025-11-26 11:18:30,DE,desktop,30.08,0
9565,1846,2025-11-22 02:03:14,DE,desktop,6.6,0
9566,1832,2025-11-30 19:01:52,IN,mobile,13.84,0
9567,440,2025-12-02 17:03:28,DE,mobile,5.39,0
9568,1171,2025-11-17 16:17:47,CA,desktop,9.93,0
9569,796,2025-11-14 11:40:12,IN,mobile,11.1,0
9570,1933,2025-11-26 11:25:15,US,desktop,12.18,0
9571,1900,2025-11-12 12:20:10,US,desktop,11.77,0
9572,1736,2025-11-30 02:54:47,IN,mobile,1.06,0
9573,326,2025-11-24 03:53:55,IN,tablet,7.09,0
9574,638,2025-11-17 09:38:11,CA,mobile,5.23,0
9575,1422,2025-11-28 22:12:59,US,mobile,5.89,0
9576,1499,2025-11-22 05:38:18,CA,mobile,6.23,0
9577,701,2025-11-22 14:53:40,US,mobile,13.28,0
9578,274,2025-11-17 10:59:48,IN,mobile,8.34,0
9579,274,2025-12-01 06:00:51,IN,mobile,5.45,0
9580,1369,2025-12-08 01:21:06,IN,desktop,3.06,0
9581,908,2025-11-29 12:40:56,US,desktop,18.54,0
9582,982,2025-11-18 01:43:40,DE,mobile,5.01,0
9583,1630,2025-12-05 23:16:24,US,desktop,6.83,0
9584,34,2025-11-14 14:14:01,DE,desktop,26.66,0
9585,1509,2025-11-19 15:52:13,IN,mobile,5.09,0
9586,549,2025-11-12 00:32:40,CA,tablet,6.26,0
9587,1862,2025-12-06 10:04:18,CA,mobile,8.49,0
9588,1910,2025-11-12 07:35:57,CA,mobile,2.82,0
9589,1004,2025-11-27 08:31:58,IN,mobile,2.63,0
9590,632,2025-11-16 17:10:29,IN,mobile,5.53,0
9591,467,2025-11-17 08:01:18,DE,mobile,5.65,0
9592,363,2025-11-29 05:08:34,DE,mobile,8.01,0
9593,1998,2025-12-05 01:57:05,DE,mobile,4.11,0
9594,375,2025-11-11 11:56:26,IN,tablet,9.59,1
9595,893,2025-11-15 17:26:52,IN,desktop,2.03,1
9596,958,2025-11-19 13:41:18,US,desktop,7.08,0
9597,1358,2025-12-09 06:35:37,US,desktop,9.17,1
9598,1685,2025-11-12 17:06:46,CA,desktop,9.0,0
9599,1116,2025-11-16 07:45:13,CA,mobile,6.7,0
9600,1516,2025-11-23 01:52:01,DE,mobile,4.97,0
9601,1133,2025-11-20 17:40:05,GB,mobile,6.59,0
9602,874,2025-11-12 10:12:28,US,mobile,15.49,0
9603,316,2025-11-27 04:10:20,US,mobile,5.16,0
9604,418,2025-11-29 04:39:46,DE,mobile,13.29,0
9605,865,2025-11-16 06:39:59,DE,mobile,14.62,0
9606,93,2025-12-01 14:53:53,GB,mobile,2.61,0
9607,633,2025-11-12 16:05:10,US,desktop,6.84,0
9608,925,2025-12-02 21:47:44,US,mobile,4.11,0
9609,945,2025-11-18 17:49:32,DE,mobile,3.0,0
9610,1629,2025-11-17 16:45:36,DE,mobile,11.88,0
9611,1935,2025-11-16 20:38:03,GB,mobile,9.82,0
9612,1459,2025-12-07 00:33:10,DE,desktop,8.65,0
9613,159,2025-11-26 00:44:53,CA,mobile,3.85,0
9614,817,2025-12-01 16:14:24,IN,mobile,8.38,0
9615,1460,2025-11-17 02:04:54,GB,tablet,3.37,0
9616,1189,2025-11-12 16:01:15,US,mobile,7.74,0
9617,916,2025-11-12 02:43:41,DE,desktop,4.97,0
9618,873,2025-11-24 04:35:05,IN,desktop,13.88,0
9619,812,2025-11-20 18:16:30,GB,mobile,5.94,0
9620,1158,2025-12-04 00:01:02,US,mobile,8.49,0
9621,358,2025-12-04 14:53:10,CA,mobile,8.5,0
9622,1035,2025-11-20 07:04:35,CA,mobile,7.06,0
9623,412,2025-11-23 23:23:46,IN,mobile,7.87,0
9624,1362,2025-11-22 09:57:18,GB,desktop,8.87,0
9625,1729,2025-12-01 05:17:35,DE,mobile,4.32,0
9626,1015,2025-11-29 20:32:51,CA,mobile,9.41,0
9627,775,2025-11-30 12:00:31,IN,mobile,12.41,0
9628,1881,2025-11-12 15:10:44,US,mobile,9.38,0
9629,1319,2025-11-21 02:32:59,US,desktop,5.97,0
9630,856,2025-12-09 23:25:33,US,mobile,8.2,0
9631,58,2025-11-21 05:20:10,IN,desktop,5.94,0
9632,32,2025-11-16 04:51:32,IN,desktop,6.88,0
9633,443,2025-11-16 22:57:12,IN,mobile,3.62,0
9634,473,2025-11-11 18:26:11,DE,desktop,16.91,0
9635,1443,2025-12-04 09:24:32,US,mobile,23.6,0
9636,1001,2025-11-11 03:03:55,CA,mobile,4.84,0
9637,1999,2025-11-28 20:26:33,GB,mobile,11.84,0
9638,1081,2025-11-22 22:54:42,IN,mobile,17.72,0
9639,1806,2025-11-13 19:24:16,GB,desktop,4.16,0
9640,1105,2025-12-07 11:53:42,GB,mobile,2.02,1
9641,717,2025-12-03 05:26:55,CA,mobile,18.36,0
9642,1429,2025-12-05 13:27:41,US,desktop,7.34,0
9643,899,2025-12-09 01:37:26,IN,mobile,5.41,0
9644,550,2025-12-08 07:54:20,IN,desktop,7.6,0
9645,946,2025-12-01 23:42:02,IN,mobile,5.92,0
9646,1330,2025-11-26 23:33:21,GB,tablet,43.63,0
9647,751,2025-12-01 21:04:18,GB,mobile,5.37,0
9648,1408,2025-11-24 10:19:48,CA,desktop,8.99,0
9649,1961,2025-11-16 09:46:58,GB,mobile,16.04,0
9650,823,2025-11-22 13:03:09,IN,tablet,16.0,0
9651,591,2025-11-24 23:24:23,GB,tablet,14.26,0
9652,804,2025-11-12 08:39:13,DE,desktop,5.72,0
9653,1676,2025-12-06 09:24:36,CA,mobile,6.74,1
9654,358,2025-12-08 06:05:17,CA,mobile,2.0,0
9655,1947,2025-11-23 13:37:12,US,desktop,7.07,0
9656,828,2025-11-25 20:28:46,US,desktop,7.54,0
9657,1683,2025-12-06 04:43:55,GB,desktop,11.53,0
9658,1573,2025-11-24 14:52:52,IN,desktop,21.7,0
9659,1567,2025-12-01 14:41:33,US,mobile,11.32,0
9660,1818,2025-11-26 10:09:12,CA,mobile,14.05,0
9661,370,2025-11-19 02:26:48,CA,mobile,7.31,0
9662,1187,2025-12-04 19:01:26,IN,desktop,15.97,0
9663,198,2025-11-16 17:59:18,DE,mobile,7.44,0
9664,599,2025-11-17 16:51:07,IN,mobile,14.65,0
9665,82,2025-12-01 17:02:00,DE,desktop,11.97,0
9666,1364,2025-12-02 06:21:40,CA,mobile,9.35,0
9667,1215,2025-12-09 14:26:55,US,mobile,2.93,0
9668,1480,2025-12-02 06:59:13,GB,mobile,14.24,0
9669,353,2025-11-11 17:01:12,IN,mobile,9.27,0
9670,665,2025-12-06 10:54:38,CA,mobile,11.26,0
9671,1353,2025-11-23 09:15:13,IN,desktop,8.92,0
9672,1653,2025-11-11 05:29:05,GB,desktop,9.89,1
9673,1771,2025-11-28 08:08:47,US,desktop,16.13,0
9674,148,2025-11-16 01:55:03,IN,tablet,5.56,0
9675,805,2025-11-23 10:44:07,GB,mobile,9.78,0
9676,22,2025-11-25 02:23:11,GB,mobile,4.63,0
9677,1637,2025-11-13 04:40:12,CA,mobile,10.44,0
9678,246,2025-12-06 11:37:18,IN,desktop,8.59,0
9679,1644,2025-11-26 06:41:03,US,mobile,5.06,0
9680,312,2025-12-09 22:07:00,US,tablet,7.82,0
9681,31,2025-11-24 21:55:41,GB,mobile,5.25,1
9682,1757,2025-11-28 19:32:17,US,desktop,5.89,1
9683,878,2025-12-05 08:07:02,IN,mobile,9.14,0
9684,850,2025-11-17 07:58:09,IN,desktop,8.68,0
9685,1293,2025-12-08 05:41:05,CA,mobile,2.33,0
9686,550,2025-11-16 12:08:01,GB,mobile,9.23,0
9687,1381,2025-12-10 20:18:53,GB,desktop,6.16,0
9688,858,2025-11-30 03:37:56,DE,mobile,5.76,0
9689,546,2025-11-26 12:44:17,DE,desktop,3.76,0
9690,790,2025-11-17 06:28:57,US,desktop,7.19,0
9691,13,2025-11-28 00:58:50,US,desktop,5.4,0
9692,603,2025-11-27 13:27:20,US,mobile,15.86,0
9693,1183,2025-12-10 11:31:04,DE,mobile,2.59,1
9694,276,2025-12-06 00:17:50,GB,mobile,4.14,0
9695,237,2025-11-25 10:54:58,CA,desktop,3.98,0
9696,1312,2025-11-22 15:54:10,IN,mobile,8.63,0
9697,857,2025-11-22 13:56:22,CA,tablet,14.94,0
9698,274,2025-11-22 07:43:57,GB,tablet,9.99,0
9699,1495,2025-11-11 09:00:48,IN,mobile,3.83,0
9700,1551,2025-11-12 01:15:13,US,desktop,5.71,0
9701,70,2025-12-03 12:14:54,CA,mobile,4.55,0
9702,404,2025-11-18 14:10:25,IN,mobile,10.02,0
9703,741,2025-11-23 07:21:37,US,mobile,5.64,0
9704,1463,2025-12-01 21:55:50,DE,desktop,3.17,0
9705,148,2025-11-29 04:38:06,CA,desktop,10.49,0
9706,1611,2025-11-21 18:42:52,DE,mobile,15.77,0
9707,639,2025-12-03 12:58:41,CA,mobile,6.64,0
9708,251,2025-11-15 17:12:28,GB,mobile,7.94,0
9709,1726,2025-11-25 03:32:01,IN,mobile,2.99,0
9710,174,2025-11-14 03:23:07,CA,mobile,2.15,0
9711,260,2025-11-26 21:59:46,DE,desktop,2.44,1
9712,1899,2025-11-13 19:40:16,DE,tablet,7.19,0
9713,1039,2025-12-09 05:09:30,DE,mobile,6.14,0
9714,926,2025-11-30 17:48:31,DE,desktop,10.25,0
9715,1375,2025-11-18 07:57:22,US,desktop,6.56,1
9716,1260,2025-11-29 08:19:12,GB,mobile,13.37,0
9717,1227,2025-11-21 11:13:25,DE,desktop,12.47,0
9718,47,2025-11-26 12:34:04,GB,mobile,6.09,0
9719,1103,2025-11-15 23:43:12,DE,mobile,4.05,0
9720,558,2025-11-25 23:28:04,IN,mobile,2.34,0
9721,1615,2025-11-14 04:06:48,DE,desktop,17.46,0
9722,1011,2025-11-15 13:29:28,GB,mobile,4.2,0
9723,248,2025-11-28 11:43:08,GB,mobile,3.01,0
9724,1772,2025-11-25 23:40:04,DE,mobile,7.99,0
9725,569,2025-11-19 18:36:53,US,mobile,3.03,0
9726,543,2025-11-12 18:23:16,GB,mobile,7.98,0
9727,1872,2025-11-23 16:09:48,CA,mobile,6.04,0
9728,1550,2025-12-08 17:51:03,US,desktop,12.86,0
9729,1719,2025-12-02 05:02:36,IN,mobile,12.21,0
9730,1324,2025-11-12 17:00:45,US,mobile,14.32,0
9731,1821,2025-12-09 02:30:39,DE,desktop,8.36,0
9732,231,2025-11-23 16:10:28,US,desktop,4.41,0
9733,1200,2025-11-28 05:48:22,IN,mobile,3.97,0
9734,587,2025-11-10 23:38:38,IN,mobile,5.37,0
9735,797,2025-11-20 06:29:39,DE,mobile,24.45,0
9736,476,2025-12-04 13:15:39,US,mobile,6.36,0
9737,410,2025-11-20 21:19:34,IN,desktop,8.14,0
9738,885,2025-11-15 22:52:31,IN,mobile,18.38,0
9739,1836,2025-11-13 16:30:31,GB,mobile,8.61,1
9740,1271,2025-12-08 17:10:20,GB,mobile,4.72,0
9741,699,2025-12-05 08:29:28,DE,mobile,11.45,0
9742,867,2025-11-12 06:53:48,IN,mobile,5.71,0
9743,1060,2025-12-08 17:23:38,IN,desktop,8.79,0
9744,489,2025-12-05 14:11:58,CA,mobile,10.05,0
9745,1042,2025-11-21 18:22:34,IN,mobile,5.49,0
9746,1392,2025-11-30 16:00:43,CA,desktop,8.26,0
9747,487,2025-11-18 16:57:22,CA,mobile,19.3,0
9748,1169,2025-11-18 11:02:32,IN,mobile,5.07,0
9749,1417,2025-12-02 09:40:34,GB,mobile,16.28,0
9750,1039,2025-11-17 00:58:29,IN,mobile,5.18,0
9751,584,2025-11-21 14:57:40,US,mobile,21.79,0
9752,1109,2025-11-21 16:45:39,DE,mobile,4.42,0
9753,1586,2025-11-15 11:25:07,GB,desktop,5.83,0
9754,444,2025-12-05 19:40:58,CA,desktop,18.26,0
9755,1149,2025-12-01 04:23:12,DE,mobile,18.75,0
9756,1361,2025-12-06 19:50:29,IN,mobile,12.07,0
9757,643,2025-11-26 16:27:38,US,desktop,3.86,0
9758,775,2025-11-16 05:26:17,US,mobile,7.76,0
9759,1777,2025-11-19 08:28:50,DE,mobile,7.39,0
9760,727,2025-11-21 13:42:55,DE,desktop,4.42,0
9761,1196,2025-12-09 05:26:42,GB,mobile,11.22,0
9762,300,2025-11-18 02:13:35,US,tablet,4.64,0
9763,1852,2025-12-01 18:15:08,GB,mobile,3.41,0
9764,1194,2025-11-14 15:32:08,DE,desktop,2.79,0
9765,1520,2025-12-09 15:32:08,IN,mobile,20.64,0
9766,1205,2025-11-30 08:40:34,US,mobile,5.44,0
9767,711,2025-11-23 21:19:21,US,mobile,5.51,0
9768,681,2025-11-21 08:15:35,US,tablet,3.98,0
9769,1402,2025-11-21 14:30:43,DE,mobile,16.79,0
9770,1719,2025-11-17 17:30:33,DE,mobile,3.23,0
9771,256,2025-11-28 23:05:28,IN,tablet,3.59,0
9772,1691,2025-12-06 22:45:04,DE,mobile,6.09,0
9773,1660,2025-11-18 04:54:03,US,mobile,7.29,1
9774,218,2025-12-03 10:01:18,IN,mobile,10.97,1
9775,217,2025-11-27 22:53:07,GB,desktop,4.93,0
9776,1390,2025-12-04 04:20:26,CA,mobile,18.66,0
9777,1685,2025-12-04 01:27:44,IN,mobile,4.95,0
9778,788,2025-11-12 03:27:13,CA,tablet,4.03,0
9779,1281,2025-11-11 14:30:35,IN,desktop,3.81,0
9780,1999,2025-12-08 10:07:36,IN,mobile,4.64,1
9781,646,2025-11-15 15:08:24,CA,mobile,3.67,0
9782,450,2025-11-28 05:02:39,CA,mobile,11.59,0
9783,1983,2025-12-03 13:27:11,IN,mobile,4.05,0
9784,561,2025-11-26 01:58:14,GB,mobile,6.82,0
9785,945,2025-11-11 03:40:14,DE,desktop,3.98,0
9786,884,2025-11-11 06:51:15,US,desktop,3.65,0
9787,1046,2025-12-01 01:18:30,GB,mobile,14.35,0
9788,538,2025-12-07 21:32:58,CA,mobile,19.33,0
9789,1358,2025-11-21 06:29:58,CA,mobile,15.82,0
9790,1384,2025-11-27 06:50:02,IN,desktop,3.06,0
9791,401,2025-12-08 23:32:42,GB,desktop,3.32,0
9792,962,2025-12-05 17:20:35,CA,desktop,24.22,0
9793,115,2025-11-27 04:24:05,GB,tablet,6.34,0
9794,442,2025-11-30 15:12:02,US,desktop,3.24,0
9795,1974,2025-12-09 19:21:56,US,tablet,14.14,0
9796,1013,2025-12-04 20:51:07,US,desktop,7.69,0
9797,1245,2025-11-23 10:38:57,CA,mobile,10.4,0
9798,1777,2025-12-01 18:08:37,US,desktop,1.93,0
9799,1427,2025-11-20 20:03:02,GB,mobile,6.08,0
9800,1584,2025-12-08 14:19:36,DE,mobile,13.06,0
9801,1424,2025-11-13 18:34:43,DE,mobile,5.03,0
9802,998,2025-11-17 17:34:53,CA,mobile,15.5,1
9803,1265,2025-11-21 08:21:39,CA,desktop,3.35,1
9804,577,2025-11-17 00:44:41,IN,mobile,6.91,0
9805,1780,2025-11-28 19:40:26,GB,mobile,19.83,0
9806,360,2025-12-02 08:15:45,US,tablet,3.7,0
9807,1768,2025-12-07 16:21:01,CA,mobile,8.7,0
9808,1756,2025-11-26 00:14:13,GB,mobile,10.5,0
9809,285,2025-11-29 14:36:23,CA,mobile,7.81,0
9810,1420,2025-11-28 22:37:43,GB,mobile,6.36,0
9811,1979,2025-11-11 01:41:10,DE,tablet,4.37,0
9812,1144,2025-12-02 05:23:00,DE,mobile,8.31,0
9813,681,2025-11-11 15:58:38,DE,tablet,6.95,0
9814,1758,2025-11-27 09:22:51,DE,mobile,3.12,0
9815,1025,2025-12-10 23:05:20,GB,desktop,14.29,0
9816,244,2025-12-04 14:22:19,US,mobile,4.28,0
9817,499,2025-11-26 03:53:48,US,mobile,3.17,0
9818,1365,2025-11-20 12:49:02,IN,mobile,5.17,0
9819,911,2025-12-06 02:01:27,CA,mobile,4.32,0
9820,434,2025-12-06 17:42:21,DE,tablet,6.33,0
9821,1598,2025-11-22 00:11:58,DE,desktop,3.51,0
9822,242,2025-11-14 04:45:35,GB,mobile,9.67,0
9823,438,2025-11-28 10:26:31,IN,desktop,16.92,0
9824,931,2025-11-29 23:42:56,IN,mobile,7.87,0
9825,80,2025-12-08 23:45:47,US,tablet,3.11,0
9826,775,2025-12-07 16:07:41,DE,mobile,4.27,0
9827,1819,2025-11-17 20:09:28,GB,mobile,8.44,0
9828,1882,2025-11-18 13:10:21,IN,mobile,2.27,0
9829,1744,2025-12-10 21:04:15,IN,mobile,3.53,0
9830,648,2025-11-20 18:33:13,US,tablet,2.75,0
9831,130,2025-11-24 17:16:25,CA,mobile,7.92,0
9832,1629,2025-11-20 03:09:03,GB,mobile,27.04,0
9833,747,2025-11-22 18:26:16,DE,desktop,3.47,0
9834,1497,2025-11-27 21:30:09,DE,mobile,12.06,0
9835,239,2025-11-19 17:48:05,US,mobile,5.27,0
9836,1336,2025-11-23 08:30:01,GB,desktop,3.35,0
9837,1173,2025-11-21 13:08:25,IN,mobile,18.89,0
9838,1840,2025-11-14 04:57:48,CA,desktop,27.0,0
9839,204,2025-12-04 13:39:12,DE,mobile,9.46,1
9840,816,2025-12-07 16:57:34,IN,mobile,9.18,0
9841,1979,2025-11-25 17:29:27,CA,mobile,7.67,0
9842,779,2025-11-17 02:35:59,IN,mobile,6.76,0
9843,1316,2025-11-30 06:13:58,CA,mobile,9.06,0
9844,322,2025-11-26 23:46:13,DE,mobile,11.09,0
9845,1457,2025-11-27 12:06:43,US,desktop,20.05,1
9846,552,2025-11-28 19:29:32,GB,mobile,5.4,1
9847,1144,2025-12-02 12:07:07,US,desktop,7.98,0
9848,1759,2025-11-12 04:34:26,GB,mobile,7.01,0
9849,1322,2025-11-13 22:48:42,US,tablet,13.66,0
9850,949,2025-11-13 20:08:44,US,mobile,31.19,0
9851,380,2025-11-15 14:34:11,US,desktop,13.95,0
9852,683,2025-12-10 02:50:57,DE,mobile,11.93,0
9853,1698,2025-12-02 20:51:03,IN,mobile,12.74,0
9854,433,2025-11-30 21:40:53,IN,mobile,15.81,0
9855,1312,2025-12-01 22:24:27,DE,tablet,31.46,0
9856,970,2025-11-11 23:23:58,CA,desktop,2.69,0
9857,642,2025-11-17 08:49:16,IN,desktop,10.59,0
9858,1433,2025-12-04 19:03:22,IN,mobile,1.57,0
9859,724,2025-11-24 20:25:27,DE,mobile,13.08,0
9860,574,2025-11-26 05:23:00,IN,mobile,10.28,0
9861,1058,2025-12-03 11:24:40,IN,desktop,5.32,0
9862,1515,2025-11-13 05:22:35,GB,mobile,1.49,0
9863,1728,2025-12-04 22:15:36,US,desktop,7.33,1
9864,1259,2025-12-01 09:22:27,US,desktop,8.45,0
9865,1324,2025-11-23 01:50:04,DE,mobile,7.11,0
9866,1575,2025-11-25 22:45:57,CA,desktop,5.09,0
9867,539,2025-11-13 04:41:08,IN,mobile,4.31,0
9868,502,2025-11-17 02:46:30,US,mobile,7.16,0
9869,968,2025-11-18 08:37:18,DE,mobile,4.57,0
9870,1262,2025-12-07 07:10:42,CA,mobile,12.01,1
9871,1292,2025-11-14 08:22:51,IN,mobile,7.05,0
9872,308,2025-11-19 17:01:34,US,desktop,2.63,0
9873,1561,2025-11-14 22:05:37,US,desktop,8.22,0
9874,728,2025-11-19 12:06:48,IN,mobile,9.47,0
9875,1754,2025-11-11 06:52:41,CA,tablet,19.51,0
9876,1448,2025-11-19 03:37:47,US,desktop,12.9,0
9877,1965,2025-12-02 16:19:35,DE,mobile,4.31,0
9878,1263,2025-12-03 23:48:03,DE,mobile,17.38,1
9879,1055,2025-11-22 08:23:35,US,tablet,3.22,0
9880,376,2025-12-02 03:38:17,GB,mobile,7.51,0
9881,797,2025-11-29 12:41:17,US,mobile,11.62,0
9882,1716,2025-12-08 01:29:51,IN,tablet,17.73,0
9883,764,2025-12-05 02:34:36,US,desktop,22.95,0
9884,107,2025-11-17 20:21:25,CA,desktop,15.88,0
9885,491,2025-11-28 15:02:45,US,desktop,6.81,0
9886,1190,2025-12-04 13:24:55,DE,mobile,10.46,0
9887,1258,2025-11-20 03:17:30,DE,desktop,8.45,0
9888,1967,2025-11-28 03:49:32,US,desktop,4.83,0
9889,1867,2025-11-22 23:24:57,GB,mobile,6.89,0
9890,1063,2025-11-20 05:28:55,DE,mobile,21.73,0
9891,1109,2025-11-16 22:45:34,US,mobile,10.89,0
9892,1601,2025-11-12 00:45:35,IN,desktop,25.42,0
9893,98,2025-12-03 11:07:23,GB,desktop,3.86,0
9894,1190,2025-12-05 12:52:30,US,desktop,5.88,1
9895,948,2025-11-30 12:28:46,IN,mobile,9.48,0
9896,1566,2025-11-18 04:48:14,IN,desktop,11.54,0
9897,1600,2025-11-11 12:47:07,GB,mobile,6.89,0
9898,1311,2025-11-29 22:05:15,CA,tablet,11.94,0
9899,1314,2025-11-16 23:10:15,US,mobile,11.89,0
9900,1382,2025-11-27 10:25:03,IN,desktop,3.21,0
9901,1160,2025-12-10 01:47:41,US,mobile,11.61,0
9902,456,2025-11-11 02:26:11,DE,mobile,14.07,0
9903,569,2025-11-28 06:49:16,IN,mobile,8.83,0
9904,1483,2025-12-10 19:09:36,DE,desktop,2.45,0
9905,1237,2025-11-20 23:55:47,US,mobile,6.26,0
9906,476,2025-12-05 09:32:59,IN,desktop,9.61,0
9907,1755,2025-12-05 19:28:31,US,mobile,4.4,0
9908,1961,2025-11-25 13:29:31,GB,mobile,12.82,0
9909,1252,2025-11-20 04:10:27,CA,mobile,11.45,0
9910,456,2025-12-01 09:04:42,DE,mobile,8.01,0
9911,1876,2025-11-29 13:14:25,US,mobile,7.47,0
9912,474,2025-11-25 06:22:50,GB,mobile,8.3,0
9913,865,2025-11-16 18:00:02,CA,mobile,7.37,0
9914,1717,2025-12-03 07:20:05,US,desktop,3.42,0
9915,1041,2025-11-17 07:25:55,DE,mobile,5.71,0
9916,486,2025-11-14 23:56:57,GB,mobile,7.72,0
9917,161,2025-11-12 23:37:31,IN,desktop,17.31,0
9918,722,2025-11-24 08:36:19,CA,mobile,11.19,0
9919,1344,2025-11-14 13:42:04,DE,mobile,17.87,0
9920,1429,2025-11-21 00:49:10,GB,mobile,3.18,0
9921,446,2025-11-18 05:19:35,US,mobile,5.97,1
9922,318,2025-11-24 18:11:04,GB,mobile,25.64,0
9923,1403,2025-12-04 07:07:23,IN,mobile,4.73,0
9924,318,2025-11-24 11:34:23,US,mobile,4.68,0
9925,129,2025-11-27 16:20:57,CA,desktop,6.28,0
9926,973,2025-11-15 06:15:37,US,desktop,24.8,0
9927,1142,2025-11-14 08:38:19,IN,mobile,4.94,0
9928,488,2025-12-10 06:18:16,CA,mobile,10.32,0
9929,423,2025-11-29 13:36:46,GB,mobile,9.35,0
9930,472,2025-11-11 10:23:13,IN,mobile,2.32,0
9931,686,2025-11-27 22:08:02,US,tablet,7.32,0
9932,19,2025-11-11 06:29:07,DE,mobile,5.3,0
9933,24,2025-11-13 06:48:06,CA,mobile,11.1,0
9934,741,2025-11-22 04:06:37,DE,desktop,20.98,0
9935,40,2025-11-30 15:52:42,US,tablet,6.01,0
9936,637,2025-11-29 13:54:13,GB,mobile,6.01,0
9937,1162,2025-12-04 16:44:36,DE,desktop,33.47,0
9938,63,2025-11-16 08:34:59,DE,desktop,4.82,0
9939,1236,2025-11-16 17:14:02,IN,desktop,3.3,0
9940,1242,2025-11-26 23:07:56,CA,mobile,16.89,0
9941,1147,2025-12-07 00:41:52,GB,desktop,7.17,0
9942,1253,2025-12-02 15:37:42,DE,mobile,8.76,0
9943,1618,2025-12-01 01:07:21,IN,mobile,28.19,0
9944,142,2025-11-13 18:57:23,DE,mobile,3.18,0
9945,338,2025-12-07 07:23:39,IN,mobile,6.57,0
9946,634,2025-12-10 12:01:00,IN,mobile,3.52,0
9947,1376,2025-11-28 10:28:42,CA,mobile,9.04,0
9948,1745,2025-11-21 01:39:26,CA,mobile,5.3,0
9949,1837,2025-11-30 20:15:46,CA,tablet,3.66,0
9950,1164,2025-11-30 05:46:18,US,mobile,11.47,0
9951,820,2025-12-08 20:11:07,IN,mobile,7.43,0
9952,824,2025-11-14 06:57:03,DE,desktop,3.49,0
9953,120,2025-11-26 10:12:20,CA,mobile,3.62,0
9954,930,2025-12-02 06:03:46,GB,desktop,8.37,0
9955,1026,2025-11-21 10:30:53,DE,mobile,2.71,0
9956,417,2025-12-06 04:21:40,IN,desktop,8.47,0
9957,1536,2025-11-12 21:50:14,GB,mobile,16.51,0
9958,1623,2025-11-14 03:02:17,CA,mobile,11.03,0
9959,604,2025-12-04 16:38:00,IN,desktop,5.08,0
9960,1828,2025-11-14 17:51:15,DE,mobile,8.71,0
9961,215,2025-11-23 12:33:17,GB,mobile,3.49,0
9962,1821,2025-11-19 09:35:12,US,mobile,8.02,0
9963,1536,2025-12-01 14:41:20,IN,desktop,6.07,0
9964,448,2025-11-11 07:49:35,DE,mobile,3.96,0
9965,1300,2025-11-21 16:10:51,GB,desktop,10.74,0
9966,622,2025-12-10 13:11:22,CA,desktop,2.26,0
9967,1599,2025-11-22 00:47:59,DE,mobile,3.63,0
9968,322,2025-11-28 22:04:09,DE,tablet,3.9,0
9969,490,2025-12-10 14:37:59,CA,desktop,5.46,0
9970,615,2025-11-29 04:41:49,CA,mobile,16.11,0
9971,400,2025-12-03 14:49:07,DE,mobile,11.62,1
9972,666,2025-12-09 17:41:07,CA,mobile,7.87,0
9973,1205,2025-11-29 11:37:16,DE,tablet,7.65,0
9974,1266,2025-12-05 22:17:37,CA,mobile,7.34,0
9975,1108,2025-11-26 05:10:13,US,mobile,16.83,0
9976,380,2025-12-05 09:29:15,GB,tablet,2.49,0
9977,405,2025-11-30 05:27:22,CA,desktop,11.74,0
9978,1838,2025-11-21 03:40:28,IN,mobile,5.45,0
9979,503,2025-11-27 17:09:36,US,desktop,9.99,0
9980,207,2025-11-21 00:20:03,CA,desktop,10.02,0
9981,908,2025-11-22 21:07:51,DE,mobile,11.47,0
9982,14,2025-11-19 17:17:02,CA,mobile,19.11,0
9983,685,2025-11-25 16:49:31,US,desktop,3.25,0
9984,1710,2025-11-21 08:51:13,US,mobile,13.51,0
9985,535,2025-11-29 17:58:19,IN,tablet,7.11,0
9986,1407,2025-11-22 01:16:44,US,mobile,5.6,0
9987,980,2025-11-25 16:45:20,IN,desktop,25.03,0
9988,711,2025-11-15 04:02:07,GB,desktop,11.26,0
9989,1323,2025-11-22 13:34:39,GB,mobile,5.75,0
9990,1191,2025-11-21 15:30:54,DE,mobile,13.12,0
9991,637,2025-12-09 19:11:57,US,tablet,7.19,0
9992,447,2025-11-24 08:53:26,CA,desktop,5.7,0
9993,1833,2025-11-11 14:44:09,US,mobile,5.14,0
9994,337,2025-11-20 05:57:46,IN,mobile,8.87,0
9995,1919,2025-12-02 20:24:58,CA,mobile,5.11,0
9996,942,2025-11-15 22:16:57,US,mobile,8.11,0
9997,1993,2025-11-15 20:34:56,CA,mobile,12.58,1
9998,707,2025-11-22 04:05:17,GB,mobile,7.9,1
9999,1131,2025-11-21 16:06:43,DE,mobile,24.19,0
10000,1230,2025-11-25 09:29:10,CA,desktop,7.45,0
